review_text,verified,rating
i purchased 2 expensive sensors from autodoc. first one they put a cheaper unit in the packaging of the more expensive one hoping I wouldn't notice. second one was marked at as correct fitting part...See more,0,4
"Edit:
After my review, one member reached out and assured me to fix the issue asap. Today Dec 23, I got confirmation that refund has been processed. I wish it was not that big of a mess to start w...See more",0,4
"I had, back in Romania, a good experience with Autodoc, mainly because you have supplied me parts that one hardly can find !
Since I moved to Germany, I had one teriblle experience, making an order...See more",0,5
"Poor delivery!

The products were not delivered or were left at the closest location, which is approximately 45 45-minute walk from the given address. In that case, to buy the product, I will cho...See more",1,5
"Made a few purchases. It's important to check if the parts fit, best would be to write an email to their support before making a purchase. Also ticking ""safe order"" at the bottom is a good idea (the...See more",0,5
"I ordered an exterior mirror through the app. The right product was easy to find, and coincidentally, it was even discounted, and the entire process was quick and easy. Unfortunately, the package coul...See more",0,5
"I really like that they have every part available, very well packaged and awesome tracking service! 
Could have a faster delivery time but that's just something I can work with.",1,5
Door handle for my old sharan was really cheap but did not fit according to their website. Small letter at the top clearly showed that it would not fit. It was hard to see when I ordered but still my...See more,0,5
"""I am giving 3 stars because there is no option to choose the shipping method. I can't select whether the package is sent via DHL or UPS. Additionally, there is no option to pay more for faster deli...See more",1,3
"I have been buying from them for a year now, what i care the most is aftersale service, and these guys nails it, you can reach out to them and they will offer few solutions to make you happy, their c...See more",0,5
"what made my experience great this time. I have been using this market for a long time, the spare parts are great, I am satisfied. This time I ordered the spare parts in advance, but the next day I...See more",0,5
"My experience has always been great with AUTODOC. They have the most user-friendly parts catalogue out there as well as a great customer service in many languages.
As a service they do great, but som...See more",1,5
"Ordering three wipers (2 x Front + Rear) for a Renault Space Tourer. None of those could be attached despite providing correct VIN, Company, Model and other required parameters. Support later admitted...See more",0,5
"I've been using this service for a long time. I'm mostly satisfied with everything, there's a wide selection.",1,4
"I’m satisfied with everything products, time and service, but one thing i don’t like was the shipping cost specially if you only need small parts :(",1,5
"Autodoc is great option to buy parts online, if you subscribe to the autodoc plus package you will be able to apply your VIN for every part so a expert could match the part that is supposed to be for...See more",1,5
11 euros shipping for a 96 cent lightbulb. Completely out of proportion. My husband didn't pay attention. No way of stopping the order within seconds of noticing. Only order bigger products from Auto...See more,0,3
"How are you going to send me the wrong part but charge me to send it back to you? 

This review has been edited due to the excellent customer support I received, return shipping was paid for in the...See more",1,3
"I'm buying spare parts for my cars from them for 6 years and they are doing a great job. Recently we made a mistake on a purchase, but we repaired that and all is good 👍😊",1,5
"The quality of auto parts is not the best. What annoys me the most is that the pictures are not the same as the part I get. On the last order of a fuel pressure sensor, your thread was 1.5mm longer a...See more",1,3
"Support is working good, you just need to ask about compatibility of spare with your car using your VIN code. Best prices!)))) Thank you!))))",1,5
"Nešto duže smo čekali na pošiljku, ali  na kraju sve je utredno dostavljeno i u potpunosti!
Moje preporuke svima.",1,5
"Had problem with fuel sensor part received broken.
Gave me full refund great customer service .",0,5
Like always fast delivery and great quality of parts. Many thanks Autodoc 👍,1,5
"I received  the shipment in very good condition, wrapped with protection, arrived  on time, you have my full trust, i honestly recommend to use Autodoc to order spare parts its trustable site.",1,5
"ordered a headlight still waiting 20+ days later ,they have given some BS the courier because its an unusual size,its not a frigging tank its a headlight in a box!!!they have said it could take severa...See more",0,1
"Good Quality of products, as well as easy to use Internetseite. Quick delivery! I appreciate the Help of Service Bot!",1,5
"Autodoc truly value the customer I had an exceptional experience with Autodoc! Despite encountering a unique situation with my purchase, the team went above and beyond to assist me. A special shout-ou...See more",0,5
"Received the wrong item.
I am coming to update my review. They are following my case closely.",0,5
"It was a quite unexpected experience to have that nice and personal contact in the middle of the festive season.
Gloria got the delivery things done immediately.",0,5
"Great prices, very fast amd secure delivery, everything is perfect",1,5
"Best car parts with very good pricing and customer service, thanks !!!!",1,5
"Order ok, item ok. 
Four stars because of delivery. I wasn't home and they have left package 35min away from my home.",1,4
"The item is very good , price is good and material as well good. I will try my best for buying in the future.",1,5
"my whole reviews genuine
I’m extremely disappointed with AUTODOC’s handling of my issue. My order was never received, but after weeks of “investigation,” they simply said it was delivered — witho...See more",1,1
"Title: Wrong part number, misleading OE info — waste of time and money

Review:
I ordered a lower front ball joint for my Honda Accord 8 (VIN: JHMCU35809C203590) from Autodoc.
Before placi...See more",0,1
I am totally satisfied by rates and quality and also order updation,1,5
"Simple to order, delivery was fast, and parts were correct...",1,5
"Purchased 4 Bridgestone tyres which said they were in stock, chased after 3 days of them still being sat in order being transferred between warehouses, they told me that there was a delay and on the...See more",0,3
The quality of the parts are very good easy to assemble and they fit perfectly.,1,5
"So far, I was ok with the services provided. I oredered brakes, oils, filters, windshield wipers and tires. Sometimes, especially with oils, the delivery was not very sustainbable and comfortab...See more",0,3
"Perfect products, Perfect company. Everything perfect. Thank you",1,5
"Very good Markt, quick delivery, good quality of goods. Thanks.",1,5
"Not a good experience with autodoc.
Had to buy2 wishbones and 2 bushings for my Dodge. I put in the VIN number. The Aui (Arrtificial UnIntelligence) robot kept bringing up the totally wrong product f...See more",0,2
The parts and the delivery it's perfect,1,5
Delivery was really fast in 2 days. And the variety of parts are also good.,1,5
Items bought were original.delivery is fast.,1,5
FRAUD FRAUD FRAUD Company avoid at all costs. I made purchase of a £400 order and wanted to return some items as I had no need for them and paid extra for the return any item that I paid a fee for a...See more,0,1
"The speed of delivery is really good
Buying is easy
But 
Its better to have all parts of vehicle",1,4
Very good Platform to order what u need for your car👍🏻.,1,5
"I have loved Autodoc for years and after six or more orders, including the left driveshaft, i now get a popup saying they don't deliver to me (any more, they have up to now). What's really annoying is...See more",0,1
"Good service, fast delivery of quality parts.",1,5
I ordered a DPF and AutoDoc sent it only wrapped in thin plastic. Do you really need to be a rocket scientist or a PhD in structural engineering to understand that a thin metal flange must be protecte...See more,0,1
"fast, cheap perfect delivery and items",1,5
Very quick and professional service thank you.,1,5
"Terrible service if anything goes wrong with their delivery partners.

After repeatedly trying to resolve the situation I was told not to contact them again they would contact me.",0,1
It came very fast and all items were in good condition,1,5
"I am very disappointed with my recent experience with Autodoc.I placed an order for Pirelli tires on 27.02.2026 and received them on 11.03.2026. However, I later discovered that the tires have DOT codes from 01/2023 and 02/2023. This means the tires were already over 3 years old at the time of delivery, which is not what I expect when purchasing a “new” product in 2026.Since then, I have been dealing with this issue for almost a month. During this time, I have not been able to complete a necessary tire change, which has affected my ability to use my vehicle safely.In addition, I have had to store, move, and handle four tires multiple times due to this situation, which caused unnecessary physical effort and inconvenience — all because of incorrect or misleading expectations regarding the product.The most frustrating part is the lack of a satisfactory solution. I requested a reasonable compensation, considering the age of the tires and the inconvenience caused. Instead, I received only a minimal offer and repeated delays.I am based in Switzerland, and returning the tires is not simple or cost-effective. Despite this, I was informed that I may need to handle the return logistics myself, which I find unacceptable given that the issue is not caused by me.For a company of this size, I expected a much more customer-oriented approach and a fair resolution.If this matter is not resolved properly, I will consider taking further steps through consumer protection channels.I sincerely hope Autodoc will take this complaint seriously and provide a fair and reasonable solution.",0,1
Autodoc so helpful team and beautiful response,0,5
Like always fast delivery and great quality of parts. Many thanks Autodoc 👍,1,5
Terrible service if anything goes wrong with their delivery partners.After repeatedly trying to resolve the situation I was told not to contact them again they would contact me.,0,1
This is a very good product. I like this and very fast service.,1,5
"I really like that they have every part available, very well packaged and awesome tracking service!Could have a faster delivery time but that's just something I can work with.",1,5
Super no words,1,5
I had always gotten what I ordered for so far.,1,5
"Autodoc is great option to buy parts online, if you subscribe to the autodoc plus package you will be able to apply your VIN for every part so a expert could match the part that is supposed to be for your vehicle.",1,5
"I am new to this web but I like it, been nearly a year using it and am very happy the way it hightlights things you need to finish shopping in quick way.",1,5
Perfect perfect,1,5
"Terribly bad.First they send me the wrong part with a manufacturing defect, then I have to wait 2 months for the right part which has not yet been sent out from them. I do not recommend anyone to shop at AUTODOC at all.VERY BAD SERVICE!!!____________________________________________________________Got a message from the workshop today that the new part you sent was also the wrong part. They spent 9 working hours trying to adapt it but it was not possible.1/ You have received the original part number.2/ You have received the registration number of the car.3/ You have received the chassis number of the car.4/ You have received pictures of the old part.You have managed to send me the wrong part for the second time.You are completely incompetent at AutodocYou must pay me compensation for the hours that have been spent at the workshop_________________________________________________________Have now sent Autodoc a compensation claim for extra expenses that I incurred from the workshop. I agreed on a fixed price with the workshop of NOK 6,800 to replace the exhaust manifold. The bill from the workshop came to NOK 14,720 because Autodoc sent me a manifold with manufacturing defects twice. The additional cost for me is therefore NOK 7,920, which I believe Autodoc must compensate me for. I have now emailed them all the documentation from the workshop, just need to wait and see what they do with the case.WRITTEN FROM THE WORKSHOP:Complaint about additional costs – incorrect and incomplete parts delivered by AutodocTo: AutodocFrom: Bilsenteret Namsos AS – on behalf of the customerRegarding: Incorrectly delivered/defective exhaust manifolds and resulting additional costsReg. no.: ¤¤¤¤¤¤¤We hereby wish to file a formal complaint about parts delivered by Autodoc, as incorrect and defective exhaust manifolds caused significant extra work and additional costs for the customer.Background of the case The customer ordered an exhaust manifold from Autodoc and delivered the parts to us for installation. The work was agreed to cost NOK 6,800 including VAT. During the work, we documented the following:Work process and deviations related to the parts16.01.2026Dismantling of the exhaust manifoldDismantling of the turboDismantling of the rear engine mountDismantling of the exhaust systemDismantling of the plate under the engineDiscovered that the first exhaust manifold delivered by Autodoc was incorrect, due to a deviation in the EGR connection (wrong widening on the stub)17.02.2026Installation of new exhaust manifold (second part delivered by Autodoc)Turbo could not be installed, as it interfered with the exhaust manifoldDismantling of exhaust manifold againAttempt to install turbo on manifoldNew attempt to install manifold with turboConclusion: Part no. 2 from Autodoc had incorrect dimensions / too thick material, and did not fitThis resulted in the work having to be stopped and redone several times, without progress due to insufficient part quality.23.02.2026Installation of old exhaust manifold (welded and repaired by He-Plan)Installation of turboInstallation of engine mountInstallation of exhaust systemInstallation of plate under engineTest drive – OKCustomer provided own gaskets and mounting hardware Additional costsThe customer initially received a price of NOK 6,800 including VAT for the job.Due to two unusable and incorrectly manufactured exhaust manifolds delivered by Autodoc, the customer ended up with:NOK 12,800 including VAT for laborNOK 1,920 including VAT for welding/repair of the old manifoldTotal additional cost: NOK 7,920 including VATThese are additional costs that would not have occurred if the parts from Autodoc had been correct and mountable.Our assessmentIncorrect and incomplete parts caused:Unnecessary extra workRepeated disassembly and assembly without progressExtra costs for the customerDelay in vehicle repairAll additional costs could have been avoided if the parts had the correct specification and fit.ClaimOn behalf of the customer, we request that Autodoc:Refunds the additional cost of NOK 7,920 including VATOr alternatively, refunds the cost of the incorrectly delivered/incomplete partsDocumentation and work descriptions are attached.ConclusionWe ask for your feedback as soon as possible, as well as information on how this matter is further handled.We are happy to assist with additional documentation if necessary.Sincerely,Bilsenteret Namsos ASOn behalf of the customer",0,1
Serh Gut Service,1,5
"They really slow, to process the order and still no sign that the package was send off after 2 day. Further their Prices are sometimes just overblown. I think this is a fraud company",0,1
"Man kann viele Produkte und Angebote hier finden, teilweise aber teurer. Versand dauert ein bisschen länger als der Konkurrenz.",1,4
Very difficult.. a lot of bureaucracy.. the part arrives after a week I do not recommend,1,1
"I entered my vehicle data correctly. According to AUTODOC, the part should have fitted my car, but in reality it did not.The issue was only discovered during engine disassembly. The item is new, unused, and still in its original packaging.Despite this, AUTODOC refused to accept a return because the return period had expired. No goodwill solution was offered, even though the mistake was not mine.Instead of taking responsibility, AUTODOC shifted the issue to a third-party seller.Result: I am left with a loss of €253.50.Very disappointing customer service. If something goes wrong, the customer is left alone.Update:Trotz der öffentlichen Antwort von AUTODOC, dass sich ein Quality-Control-Manager bei mir melden würde, habe ich bis heute keinerlei Rückmeldung erhalten.Seitdem sind mehrere Tage vergangen, ohne Kontaktaufnahme oder Lösungsvorschlag.Die Bewertung bleibt daher aufrecht.",0,1
"I am very pleased with prices and parts in general, 95% parts that I have ordered fit perfect.Also return , and replacement parts are very good.I would recomend definetly.",1,5
Fantastic service and very quick delivery 👍,1,5
"I ordered a SACHS flywheel (2294 501 267) from Autodoc, paying a premium SACHS price.What I received was a broken, recycled LUK flywheel, inside a SACHS box, tied together with zip ties and taped shut. The flywheel had huge play throughout, making it completely unsafe for installation.SACHS/ZF confirmed that this flywheel is not even produced by SACHS, but sourced from LUK for rare VWAG models. Yet Autodoc never disclosed this anywhere, selling it as SACHS at a premium price.The price difference is shocking: in Bulgaria it can be €350–€450, while on other European sites it is only about €150, yet the product inside is identical to a much cheaper LUK part. Autodoc profits massively by misleading customers.This is misleading, unsafe, and completely unacceptable. I returned the part the same day, but Autodoc failed to resolve the issue, leaving my car unusable for 2 months and causing 4 months of delays, frustration, and extra costs.Autodoc must stop misleading customers and clearly disclose when parts are sourced from third parties, especially when they are broken or unsafe.",0,1
I am totally satisfied by rates and quality and also order updation,1,5
"You can buy every thinking in one place, app is great. All parts in good price . Paying with klarna and paypal with monthly delay is great idea .",1,5
they always send other products not what I ordered! not recommended app1/5 ⭐️,1,1
"Purchased 4 Bridgestone tyres which said they were in stock, chased after 3 days of them still being sat in order being transferred between warehouses, they told me that there was a delay and on the 4th day completely cancelled the order without and reason. They are still selling the same products are being in stock but for £40 more per tyre, this sounds sus. Think they’ve cancelled the order because they want to get more money for it, it’s been at the price I have paid for them for at least 4 weeks as I have been tracking them. Shame really, happy to take your money under false pretences then cancel without any reason, wasted a week in waiting and now having to sort again. I wouldn’t be using Autodoc again.Update - had a chat with a chap called Andrew from Audodoc and they have explained the situation. Would help if it’s made clear on the site beforehand, but it is what it is now.  Appreciate you explaining things properly. Thanks",0,3
"Nešto duže smo čekali na pošiljku, ali  na kraju sve je utredno dostavljeno i u potpunosti!Moje preporuke svima.",1,5
"Very disappointing and misleading experience with AutodocMy experience with Autodoc has been extremely frustrating and disappointing.I ordered spare parts after Autodoc’s website explicitly confirmed compatibility with my vehicle. My VIN number is already saved in my personal account, and based on this information, the website assured that the parts were suitable. However, when the parts arrived, they turned out to be completely incompatible.As a result, I had to return the items and paid shipping costs twice (to and from Geneva), totaling approximately CHF 85. Autodoc refunded only the price of the parts and refused to reimburse the shipping costs, even though the mistake was entirely theirs.Instead of taking responsibility, they attempted to blame the customer by claiming that selecting parts by make and model is “not accurate.” This raises a serious question: why does their website confirm compatibility if it is unreliable?This was not my first bad experience with Autodoc. Previously, I was offered a compensation voucher for a similar mistake, which later turned out to be invalid and unusable. Now they repeat the same approach by offering a small discount coupon instead of refunding the actual costs caused by their error.In summary:Incorrect and incompatible partsCustomer forced to pay for the company’s mistakesUnreliable vouchersAvoidance instead of real solutionsA very poor customer experience. I will not use Autodoc again and cannot recommend them.",0,1
Bonne products and rapid,1,5
I found the Autodoc from instagram and ı tried 2 times. All of is good,1,5
"I ordered a steering rack for my 2009 Audi A4 B8 2.0l TDI (143hp) 2 weeks ago. The delivery was fast, it arrived in only a few days, which i liked. Yet it turns out a part was missing in the delivery: The metal plug. Instead, it was delivered with a plastic one to keep the dust from entering. According to my local mechanic, without the right plug / lock, the plastic one wouldn't keep up with the oil pressure and it would just explode.I have tried to contact AUTODOC in multiple ways.-The AI assistant on their app told me I'd get an e-mail in 24-48 hours, 4 days later I haven't received anything.-I have called their numbers in hope of reaching an actual human instead of an AI, but guess what. Dan the virtual assistant picked up and he was no help at all. I could repeat a sentence 3 times and he wouldn't understand a thing I said, so after some time he gave up and said ""We're happy we could solve your problem!""Next I wanted to see if it's possible to atleast return the steering rack, but no, ""Unfortunately, this product is not eligible for a refund.""I spent a total of 480 bucks on this thing, and for someone at the age of 19, I simply cannot afford this waste of money.And even if this so called ""plug"" isn't actually included in the product, then at least help me find the missing piece I need.I might not be experienced in cars and I could also be wrong about what I said in the beginning, it might just be called something else or it might just be an entirely other piece that I'm talking about. My main point is that there is literally no way for me to reach out to AUTODOC because of their awfully designed AI assistant.",0,1
"Edit:After my review, one member reached out and assured me to fix the issue asap. Today Dec 23, I got confirmation that refund has been processed. I wish it was not that big of a mess to start with, but really appriciate the support of Mr. An. Thank you!Biggest Scammers - Stole my FundsMy return was received 5 weeks ago and I ordered replacment product and paid for both. Now its been 6 weeks I am asking for refund and they are making excuses about we did not get confirmaiton from supplier. Its not my problem if their supplier is stupid.",0,4
Have been waiting 2 weeks for an item and haven't received it. Autodoc have done nothing to help except say please be patient. Infuriating!,0,1
"Not a good experience with autodoc.Had to buy2 wishbones and 2 bushings for my Dodge. I put in the VIN number. The Aui (Arrtificial UnIntelligence) robot kept bringing up the totally wrong product for the wishbone (despite I put in the right spare part number ... checked with other websites who got it right). Then I had a hard time finding the right bushings, again it came up with bushings that did not fit my car. Finally I found some and paid. The following day I got an email with an extra charge for the shipping, as the robot could not even calculate the right shipping cost. Never again. Their website and search function and customer service is truly pathetic",0,2
Very easy to buy online as website is very organized and gives you a lot of options.,1,5
"When a car battery dies you need a replacement quickly, and thats what I thought I would get,.....but not with these people. I ordered a new battery on Thursday 11th Dec, in good time for a Christmas getaway. In formation suggested delivery on Monday 15th, but of course no delivery. Now I have no inforamtion about when it will arrive only that it has been collected by the carrier. We are due to leave Sunday, but I have little faith. I shall NEVER use Autodoc again, and I will also make a point of telling all my motoring friends about this dreadful service.....or lack of service!",0,1
"I received a faulty air pump which I had a replacement for , when the replacement arrived that was also faulty so I contacted autodoc and one of their agents said I could get a refund if second one is faulty and specifically that there is no need to return the item.  Fast forward  , then they have said I cannot get a refund until I return both items and have to spend my own money on printing the customs form and label pages   to get the refund of £1.85. I have spent over £100 with AUTODOC and even placed another order a few days before this all occurred . The agents are unhelpful and rude. I would never order from here again after this occasion , still have not even received a refund or even a decent replacement air pump which has left me without .. I do not care for the £1.85 refund but the service has disgusted me and how unhelpful they are to returning customers .Please stay clear .",0,1
"2 out of t: I ordered a set of headlights for my Polo in May after someone smashed them backing into me. I had them fitted with my annual service in October (I am self-employed and didn’t wanna lose an extra day of work and income). Upon fitting the garage realises one of the lights is broken so I issue a warranty claim. They send me a replacement part very quickly- so far, so good.However, the part I was sent is for brakes. So, I send it back using their return label. It arrives on the 24th of Nov (I have proof of tracking). And I wait. But no light. All I get is emails that details are missing. At first it’s my address. Then they say the returned parts haven’t been received. Last week their customer service assures me the case will be escalated and prioritised. Today they email me that they are closing it. More assurances that the warranty department will take care of it. Nobody can tell me what details are missing. There is no contact for the warranty department or an email address to contact them. I’m at a point where I just want a refund for the headlight I paid for.Summary: If nothing goes wrong they are a decent provider of parts. As soon as something goes wrong, it’s shambles and unnerving and either ineptitude or stalling tactics. At the moment, would absolutely not recommend.Update 19/12/2025: Going up from 2 Stars to 3.5After posting my initial review they contacted me and settled he issue swiftly. All resolved but it's still not impressive that it needs a Trustpilot review to get proper help. Will use them again but cautiously. They have to win back full trust. Once that's achieved I'll happily review again.",0,3
aless ok ok ok,1,5
Very quick and professional service thank you.,1,5
The speed of delivery is really goodBuying is easyButIts better to have all parts of vehicle,1,4
Very good and very good,1,5
"Perfect, top",1,5
"Simple to order, delivery was fast, and parts were correct...",1,5
"I have loved Autodoc for years and after six or more orders, including the left driveshaft, i now get a popup saying they don't deliver to me (any more, they have up to now). What's really annoying is they keep sending me emails not to forget my basket and please come back... but they no longer deliver to me. I don't want coupons and apologies, i want them to send me the right hand driveshaft as they would have done routinely two months ago.",0,1
"Exelent,all stuff was good",1,5
"ordered a headlight still waiting 20+ days later ,they have given some BS the courier because its an unusual size,its not a frigging tank its a headlight in a box!!!they have said it could take several weeks now ,waht a shower of SH...T wont be buying off them again!!!!! it should b no stars not 1",0,1
Alles TIP TOP 😁👍,1,5
Super gepasst,1,5
"I’m satisfied with everything products, time and service, but one thing i don’t like was the shipping cost specially if you only need small parts :(",1,5
"Poor delivery!The products were not delivered or were left at the closest location, which is approximately 45 45-minute walk from the given address. In that case, to buy the product, I will choose to go to the nearest shop, since my address is in the centre.The claim that no one was at home or unable to reach me is not valid because I was at home at the specific time mentioned.Update, the SUPPORT were fantastic, thanks",1,5
Very satisfied,1,5
"my whole reviews genuineI’m extremely disappointed with AUTODOC’s handling of my issue. My order was never received, but after weeks of “investigation,” they simply said it was delivered — without providing any real proof. GLS never contacted me, and no signature or photo exists to confirm delivery.I’ve sent every possible document, yet AUTODOC keeps closing the case instead of helping their customer. This is not fair or professional — I paid for something I never got.Be careful — if your package is lost, AUTODOC will leave you without help or refund.",1,1
"Very satisfied with the options of parts, cheap to expensive parts.",1,5
"Non existant costummer service.  Part arrived, it was a back light. I tried it on the car and it looked different from the original part, the dimentions were slightly off and it was extremely cheaply built. Took it out immediately and went to the website to fill out a from to return it. The website said it was already too late to return which is rediculos because I had only gotten the part 3 hours earlier at that point. Managed to fill out a return formular somehow through a hidden link on the website, one week later I get an e-mail from a ""noreply"" adress with a link that I need to submit further information, and when I opened it it brought me to a field where I could either chat with an AI assistant or go to the help center, which is again just gerneral information. When I open my orders and try to see if I can do something about the return from there, it still says that the retrun deadline has expired. Never buying from them again.",0,1
I'm a regular customer and over years we have solved warranty claims through online chat without problems.,1,5
Perfect your service thanks,1,5
"I ordered headlights for my BMW in this store, they delivered them to me for two months, why do I need them two months later? As soon as I received them, I immediately issued a return and sent them, and these people promised me money after 3 days, then another 5 days, then another 3 days, I still haven't received a refund, I don't recommend making orders in this store, terrible service",0,1
Thank you so much for everything. You are the best website for me .,1,5
"So far, I was ok with the services provided. I oredered brakes, oils, filters, windshield wipers and tires. Sometimes, especially with oils, the delivery was not very sustainbable and comfortable, if you order 8 liters of oil and receive 8 bottles. But that's the price you pay - for the low price. ;)But this time, I ordered tires. And they never reached me. When asking for refund - via a chat bot that is okayish for the routines - I found in the status, that they cannot refund anything, because the tires were already shipped. Now, you cannot contact anyone beside the chat bot, that gives you the same answers again and again of course.Now I'm waiting for my money or my tires and simply don't get any feedback. The price you pay for the low prices...UPDATE_November 6th: After publishing my rating here, I was contacted immediately. My money was transfered back. I good process would have been the same, without the need to publish anything, before customer service starts to act.I bought my tires via another platform - they are on my car already.",0,3
"I'm buying spare parts for my cars from them for 6 years and they are doing a great job. Recently we made a mistake on a purchase, but we repaired that and all is good 👍😊",1,5
Super 👍War alles Top.,1,5
"My experience has always been great with AUTODOC. They have the most user-friendly parts catalogue out there as well as a great customer service in many languages.As a service they do great, but sometimes parts manufactures are not producing the same quality as before, thus AUTODOC take claims very seriously and support with any refund or replacement.",1,5
War alles super ok,1,5
Good price and condition of the parts,1,5
"I have been buying from them for a year now, what i care the most is aftersale service, and these guys nails it, you can reach out to them and they will offer few solutions to make you happy, their customer service are great, they are helpful.bitty the new AI chatbot i find annoying, but i guess they are trying to keep up with technology.",0,5
Very shaddy business. I ordered tyres from autodoc. They called me after 2 days that my order has been cancelled and they haven’t returned my money yet. Also the same tyres product is still available while mine order was canceled because they were out of stock. So this is not only frustration but waste of time. Stay away from this shaddy business for better peace of mind. It might be cheap but is not worth the mental health.,0,1
"I've been using this service for a long time. I'm mostly satisfied with everything, there's a wide selection.",1,4
"Door handle for my old sharan was really cheap but did not fit according to their website. Small letter at the top clearly showed that it would not fit. It was hard to see when I ordered but still my mistake. However, I had paid £3.95 for free return in stead of £10 or more to Berlin. Labels all professional with customs declaration which is crucial since I am in the uk. Post office scanned it and sent it off. At customs Germany 30 hours but was still delivered within 5 days. Credit on my PayPal account on a Saturday. Totally impressed and I strongly recommend this company",0,5
I paid the no hassle return charge and then when I tried to return 2 items from my order they refused claiming it wasn’t covered. That is not stated anywhere on the invoice or shown on the website or app.The return was also started within 14 days of delivery which they are disputing.As described by other users I tried to dispute their refusal to process a return and just get passed between people and have my time wasted.The parts were also incompatible despite using the vehicles type approved code to filter the results.The delivery was also slow and unreliable.They made a short job a real painful experience.Thanks for nothingEditThey did eventually agree to accept return. So happy ending but took longer than fixing the car to get there.,1,1
"All perfect, fast delivery, correct product",1,5
Good!They fix problems quickly!,0,4
Good and good,1,5
Delivery was really fast in 2 days. And the variety of parts are also good.,1,5
Top Top Top Top,1,5
"I received  the shipment in very good condition, wrapped with protection, arrived  on time, you have my full trust, i honestly recommend to use Autodoc to order spare parts its trustable site.",1,5
Good prizes good quality,1,5
Received the wrong item.I am coming to update my review. They are following my case closely.,0,5
Quick delivery. Many parts to choose from.,1,5
"Ordering three wipers (2 x Front + Rear) for a Renault Space Tourer. None of those could be attached despite providing correct VIN, Company, Model and other required parameters. Support later admitted these incompatabilities claiming that sometimes the VIN  is misleading. I got a full refund and an advice for re-ordering.",0,5
Good morning. Everything is fine and satisfactory. I wish you further progress.,1,5
"i purchased 2 expensive sensors from autodoc. first one they put a cheaper unit in the packaging of the more expensive one hoping I wouldn't notice. second one was marked at as correct fitting part for my car, however it doesn't fit at all.They did however provide me with a refund and the support team was very helpful in resolving the issue.",0,4
Alles ok. 👍👍👍👍,1,5
Professional team,1,5
"Great prices, very fast amd secure delivery, everything is perfect",1,5
👌👌 Top/Best...,1,5
"I had, back in Romania, a good experience with Autodoc, mainly because you have supplied me parts that one hardly can find !Since I moved to Germany, I had one teriblle experience, making an order on 3-rd of july and finally receiving most of it today !Even so, I want to express my gratitude to Xena, from help/autodoc department, who made possible the conclusion of my issue. That's why I tapped 5 stars. Thanks again Xena !",0,5
I can only say good things about autodoc.All problems have a Solution.,1,5
"Made a few purchases. It's important to check if the parts fit, best would be to write an email to their support before making a purchase. Also ticking ""safe order"" at the bottom is a good idea (the buyer pays no return costs in need of a return).I had a few issues but they were promptly resolved by their support.",0,5
Very fast delivery and excellent service,1,5
"After posting this complaint, I was eventually contacted and reimbursed for the incompatible parts. However, after a few messages, the employee who had initially reached out to me appeared to stop responding, which forced me to contact the in-app support again. Only then was a warranty claim filed and my money refunded. While I am grateful for the resolution, I remain concerned about the way it was handled.The company referred to this outcome as a ‘gesture of goodwill.’ In reality, complying with consumer protection law is not goodwill—it is a legal obligation. What troubles me most is that, instead of straightforward assistance, I personally had to spend a great deal of time researching laws, studying specific legal articles, and presenting them to prove that I had the right to a refund.I appreciate the final resolution, but the process was unnecessarily time-consuming, frustrating, and placed the entire burden on me as the customer.Order number: 119912765Order date: 10.09.2024I am extremely disappointed with Autodoc’s customer service and their refusal to take responsibility for an incorrect part selection.All my previous orders for my Honda Accord 8 (VIN: JHMCU35809C203590) were always placed through Autodoc’s support team, never by myself. I always relied on their staff to provide the correct parts. However, in this case Autodoc now falsely claims that I ordered the parts on my own without their involvement, which is absolutely not true.The lower control arms that I received do not fit my vehicle. This is a clear case of “Sachmangel” under §434 BGB (German Civil Code) — the goods do not conform to the contract, as they are not suitable for the intended purpose. According to §439 BGB, in such cases the seller is obliged to provide a correct replacement or a full refund, and also to compensate the customer for costs of removal/installation.Instead, Autodoc is trying to hide behind a 14-day return period, which is irrelevant here. The 14-day return policy only applies to voluntary returns. When the goods are not as described or do not match the contract due to the seller’s mistake, the time limit does not apply — this is confirmed by EU consumer law (Directive 1999/44/EC and Directive (EU) 2019/771 on consumer sales and guarantees).In other words:•	The parts were selected incorrectly by Autodoc staff (as in all my previous orders).•	The parts do not fit — this is legally a non-conforming good.•	Autodoc must provide a replacement or refund under BGB §§434–439 and EU Directive 2019/771.•	Refusing support and shifting blame onto the customer is a breach of EU consumer rights.I am now forced to escalate this case to the European Consumer Centre (ECC-Net) and file a formal complaint. This whole experience has shown me that Autodoc’s customer support is unwilling to take responsibility when their own mistake causes problems for the buyer.⚠️ Buyers beware: if Autodoc makes a mistake in selecting your parts, they will try to deny responsibility and hide behind irrelevant “return policies.”",0,3
The quality of the parts are very good easy to assemble and they fit perfectly.,1,5
"Perfect company, Perfect products.",1,5
"Best car parts with very good pricing and customer service, thanks !!!!",1,5
Super Service,1,5
Gut!! Super shnell !!,1,5
Good!!!!!!,1,5
its perfect,1,5
"Besides the fact that the package arrived fast,surprisingly so, half of the car parts was not what we ordered. Happened before, not often but still upsetting. And to send the parts back, who has the time and the patience...",1,2
"Long processing times, they will also allow you to order a part and then tell you the part is out of stock. Better order from somewhere else if you want your parts to arrive on time.",0,1
"At the time of payment for the spare part, the price changed and increased significantly.",1,2
"Ordered parts for my vehicle - Parts arrived and were incorrect; OK not an issue happens, but it is how this is dealt with that separates a good company and bad.  Followed their system for returns, can't talk on chat to a real person only a ""bot"" and AI really is not there yet!  Got the return authorised and and a return label was sent.  First I had to return a very heavy parcel through the post office and because the return was to Berlin special documentation for customs.  The return was delivered quickly on 5th July - I did not get my refund until 18th July, and when it did it was short by GBP4 - went online to autodoc site to delete account and took 30minutes just to get to live chat person - who then just didn't respond  - as usually they are dealing with more than 1 chat room query, but to be sat there for over 5 minutes without a response is just annoying to say the least.  As always, if the order has no issues I am sure they are a fine supplier, but as always a supplier should be judge on their handling of an issue and Autodoc in my opinion is at the bottom of this list.  If Autodoc are reading this my order no is 116362455 - knock yourselves out, as you will see what I have said above is correct!",0,1
Perfect thanks,1,5
Verry good product,1,5
Super 👍 Perfect,1,5
FRAUD FRAUD FRAUD Company avoid at all costs. I made purchase of a £400 order and wanted to return some items as I had no need for them and paid extra for the return any item that I paid a fee for as an extra. Lisa Dale was the one who handled the claim and refused my returns given me explanation as to why I’m returning never used and sealed items order no. 100177556 you placed 23/11/2023.Also refused to log me a complaint and refused to escalate to a manager please avoid this fraud company,0,1
Gut servic Gut,1,5
Quality parts low prices,1,5
"The quality of auto parts is not the best. What annoys me the most is that the pictures are not the same as the part I get. On the last order of a fuel pressure sensor, your thread was 1.5mm longer and I ordered this from Hitachi to be of better quality. I ordered a diesel filter together with the housing, and you sent me the filter without my approval and it took another week in the workshop for my car. The only thing I like about you is the easy return, of course with a prior payment for this service. You could also speed up the delivery time because SWEDEN is just a neighboring country :-)",1,3
"I ordered a DPF and AutoDoc sent it only wrapped in thin plastic. Do you really need to be a rocket scientist or a PhD in structural engineering to understand that a thin metal flange must be protected on a part that weighs 7 kg? Of course the DPF arrived damaged, the flange is bent and it will cause me another 2 weeks delay before I get a replacement now. With no guarantee it will arrive OK if the same genius packs it for transport.",0,1
Iuse it and is working perfect.,1,5
"Support is working good, you just need to ask about compatibility of spare with your car using your VIN code. Best prices!)))) Thank you!))))",1,5
"Good Quality of products, as well as easy to use Internetseite. Quick delivery! I appreciate the Help of Service Bot!",1,5
de skal opdatere deres lager så folk kan få præcis hvad de bestiller,0,1
"Order ok, item ok.Four stars because of delivery. I wasn't home and they have left package 35min away from my home.",1,4
Like always perfect,1,5
"I ordered some parts from AUTODOC and when they arrived in the UK at the EVRI parcel delivery depo, the EVRI tracking system told me “This parcel is bigger than we expected, so a specialist Evri courier will need to deliver it.”So it is coming up to 5 days that the parcel has been with EVRI, and I am still waiting to hear when my parcel is going to be delivered.I contacted AUTODOC told them the parcel was oversized.   AUTODOC said “It is very unlikely that the package was oversized. All parts are inside normal package 750x200x950”.I have confirmed with EVRI and their size limit is “Add together the 2 shortest sides and multiply it by 2. Then add the length. If the total is less than 245cm, your good to go”.So doing this with the dimensions AUTODOC gave me for my parcel (750x200x950) the calculation would be 200 +  750 = 950.   Then 950 x 2 = 1900.Then take the 1900 + 950 = 2850!   A total of 2850mm shows this parcel is over the EVRI size limit of 2450mm.So it is oversized for EVRI based on AUTODOC’s own admissions.EVRI also tells parcel senders “If your parcel is Overweight or Oversized then we’ll send the additional costs on to the sender and keep the parcel until we receive payment”.So if AUTODOC don’t admit what they have done and look into what I have told them (will AUTODOC do this, because as far as AUTODOC are concerned the delivery is still not classified as late or there isn’t a size issue as far as they are concerned) so looking at other complaints on Trustpilot this could be weeks before this is sorted out.I have to also add this is the Second order in a row now, I have had a delivery issue with.So I have 4 direct questions for AUTODOC which are as follows.1)	Why do you send out oversized parcels to EVRI?2)	Even if this was an AUTODOC accident sending it via EVRI, why does you customer service team not know about the size limit with EVRI and go immediately to resolve the problem?3)	Is the issue I have having also happening to others?4)	When am I going to get my parcel?AUTODOC if you reply to this post, please give actual direct answers to all my questions and not some standard holding comment like “Your case has been referred to the quality control department and will be considered as soon as possible.”Thank you.John",0,1
"Very good Markt, quick delivery, good quality of goods. Thanks.",1,5
Quality and consistency are key in this company,1,5
"Delivery, service, Good quality",1,5
It came very fast and all items were in good condition,1,5
The company alow to return item after several weeks from the return date.,1,5
Fast - easy - cheap 👌,1,5
I am happy with the results from AUTODOC issue resolved full refund not happy about my car has Vauxhall want 3000 pounds to fix it I take back my previous message about AUTODOC they have dealt with my claim and I will be using this company again just not for this car has it’s not worth 3000 pounds to fix it many thanks AUTODOC,0,5
"what made my experience great this time. I have been using this market for a long time, the spare parts are great, I am satisfied. This time I ordered the spare parts in advance, but the next day I realized that I did not need them. Then I submitted a request for a return of the goods, I was accompanied by Gloria, a company employee, a very nice and pleasant girl.I got my money back and a €15 coupon.Wow, incredible. I am very grateful to the company, and incredibly grateful to Gloria. THANK YOU!!!!",0,5
"Great, fast service",1,5
Gut Service,1,5
Very well for everything,1,5
As always fantastic service and super products …,1,5
Everything that i bay to Autodoc its perfect.Thank you,1,5
Past perfect injektor,1,5
"The item is very good , price is good and material as well good. I will try my best for buying in the future.",1,5
Items bought were original.delivery is fast.,1,5
Alles top !!!!,1,5
"11 euros shipping for a 96 cent lightbulb. Completely out of proportion. My husband didn't pay attention. No way of stopping the order within seconds of noticing. Only order bigger products from Autodoc where the shipping is in proportion to the cost of the product.After posting this review, Autodoc contacted me and offered to reimburse 10 euros of the shipping, which I accepted, and added a star to the review.",0,3
Best quality und Services,1,5
"Order never delivered, shocking customer experience due to their delivery provider",0,1
It is cery good app abd they help if we have aby provmblem with our parcel,1,5
Thanks 4 all,1,5
"Perfect, Perfect",1,5
"Smooth transaction, great price, excellent app!",1,5
AUTODOC fake company took money from me not delivered the item to me not refund my money..Mostly item fake and wrong item sent,0,1
Fur mich war das beseter.,1,5
Great company. Parts came in fast. The have everything you need with great prices.,1,5
Great and very professional,0,5
"Autodoc truly value the customer I had an exceptional experience with Autodoc! Despite encountering a unique situation with my purchase, the team went above and beyond to assist me. A special shout-out to Anna from the corporate staff—her professionalism and dedication turned what could have been a challenging situation into a seamless and positive resolution. Her communication was prompt and clear, and her efforts truly reflected the high standards of customer service at Autodoc. I highly recommend Autodoc for their outstanding support and customer care!",0,5
Had problem with fuel sensor part received broken.Gave me full refund great customer service .,0,5
thanks for fast transport 👍,1,5
"fast, cheap perfect delivery and items",1,5
"Exactly as required, quickly delivered",0,5
"How are you going to send me the wrong part but charge me to send it back to you?This review has been edited due to the excellent customer support I received, return shipping was paid for in the end but the wrong parts were still received in the first place",1,3
Auto doc simply the best!,1,5
"""I am giving 3 stars because there is no option to choose the shipping method. I can't select whether the package is sent via DHL or UPS. Additionally, there is no option to pay more for faster delivery. The car has to stay at the repair shop for 5 days until the part arrives, and that's assuming the postal service does everything on time.""",1,3
Genrally speaking shipping is just too slow. Often it takes 1 week from order to received. Also quality parts are getting fewer and further apart.,1,2
Fast delivery and very good packaged,1,5
"I ordered an exterior mirror through the app. The right product was easy to find, and coincidentally, it was even discounted, and the entire process was quick and easy. Unfortunately, the package couldn't be delivered and was taken to a parcel shop quite far away. Luckily, the super friendly Gloria was able to help me excellently. If only customer service were this good everywhere.",0,5
Advice from your employees,1,5
"Good service, fast delivery of quality parts.",1,5
Very good Platform to order what u need for your car👍🏻.,1,5
They’ve got almost everything.,1,5
"As always, speed of service, easy ordering, great products.👍",1,5
It's take little bit long time for delivery but was perfect fit I'm setisfied thanks autodoc 👍👍👍,1,5
"Very poor.Ordered two separate items on the same day.First arrived on time and with no issues.Second part was a week late (even though from some source) and when unboxed was damaged even though there was no damage to packaging.To get a refund required lots of photos, then I had to print a returns label, take it to a post office and return it. It has now arrived at their warehouse and I have had no notification. Talking to the chat it is useless and a person has just informed me it can take up to 14 days to process the refund. This is very poor for an online business. Most online traders manage this inside a day or two. By the time the refund happens it will be a month. If it were Amazon it would be 3-4 days tops. Even eBay is quicker.I won't be using Autodoc again. It's not worth the hassle if something goes wrong.",0,1
"Express delivery is a waste of money. They don't keep their promises. I placed an order on Nov.18 and it was delivered on Nov.24.
Spark plugs were damaged, brake discs were unpacked! I returned the...See more",0,1
"It would be better if you provide a little bit more information about the parts like technikal parameters, actual photos etc. I would be more satisfied if I could find more parts about Subaru cars. An...See more",1,4
I wait for ordered parts 3 weeks.  Package Has been delivered with broken box and Was not complet. I order 4 sparks and in package Was only 1.,1,1
"Express delivery is a waste of money. They don't keep their promises. I placed an order on Nov.18 and it was delivered on Nov.24.Spark plugs were damaged, brake discs were unpacked! I returned the goods. They were delivered to mister auto on  Nov.30And then I had to wait 2 weeks for they refund my money! Disgusting!",0,1
Thank you. Everything arrived as ordered and described.,1,5
"Top Support,Top Teile,einfach Top",1,5
"Super, the best and fast delivery 👍👌",1,5
Service 1A!!,1,5
super......................,1,5
Gut.gut gut.,1,5
Alles war tip top!,1,5
"Top, alles Oakay!",1,5
"everything went well, delivery time was a bit long",1,4
"Terrible buying experience, will not use again. They sent wrong parts and I then had to jump through hoops to return for a refund. Useless.",0,1
super !!!!!!!,1,5
Ging alles gut!,1,4
tip top  alles ok,1,5
"Super Schnell, Top",1,5
Super .......,1,5
Top!!!!!!!!!!!,1,5
The order has not been send. Neither the payment. Start claim on PayPal to get money back,1,1
All ok but packaging could be a bit better : the safety pack triangle+yellow jacket was a bit dirty like having passed years in warehouse....orders+delivery is OK,1,4
tip top  alles perfect,1,5
Top! Top! Top!,1,5
Gut...........,1,5
I was happy to e able to buy from you.But the  cost of the postage was tooMuch,1,4
Das war super!,1,5
Alles Top Danke,1,5
Top!!!!!!!!!!!!!,1,5
Alles war Super. Danke!,1,5
Supper so weiter,1,5
Very good.Satisfied.,1,4
Ratzi Fatzi alles Top.,1,5
Alles Tip Top! Danke,1,5
"Top Ware zu absolut fairen Preisen,vielen Dank!",1,5
Alles Top. Danke!,1,5
"Superware, alles bestens !!",1,5
All materials arrived and waiting to be installed. Found it is better to order from one Vendor to save on shipping costs and ease of tracking.,1,5
I wait for ordered parts 3 weeks.  Package Has been delivered with broken box and Was not complet. I order 4 sparks and in package Was only 1.,1,1
-----Top-----,1,5
Einfach top super,1,5
liferung perfekt,1,4
tiptoptiptop,1,5
"alles top, superr zufrieden",1,5
"Supper, perfect für mich",1,5
"fast delivery,quality products,profesional team !!!",1,5
Sher gut  unt gunstik gut lifer 2 Tage nach zalung,1,5
👍alles top!!!,1,5
Alles gut; Haar in der Suppe: überdimensionierter Karton,1,4
SUPER!!!!! KLASS!!!,1,5
Thank you! :),1,5
I am very much amazed at the price and product quality. Delivery was timely as expected. Will recommend further. Thanks a lot.,1,5
"I ordered luftfilter and pollenfilter based on my cartype, and both were absolutely perfect fit and easy install! Fast delivery too.",1,5
"Good prices, fast delivery, easy to use website, history stored for reference.Well done !!",1,5
"It would be better if you provide a little bit more information about the parts like technikal parameters, actual photos etc. I would be more satisfied if I could find more parts about Subaru cars. And of course if there are more deals and offers I would be purchasing more often. If you have Motul oil also would be great.",1,4
"One shop I can trust, when I had a problem they handled it correctly, good customer support, I'm satisfied so far.",1,5
"Hi, very good experience, spares were easy to select, fast and convenient delivery.Thanks,Madars Griva",1,5
fast and perfect,1,5
Alles war super :) Du bist die beste Mister-Auto :),1,5
Seer gud zufriden,1,5
Service is great and fast,1,5
Netter Service,1,5
Super Service,1,5
Super Mister-Auto,1,5
Not good service,1,1
"My first and probably only transaction for quite some time, I can't complain.",1,5
TOP SHOP  ............,1,5
Prima service,1,5
"Very good and fast delivery, top quality.",1,5
Perfeckt super,1,5
Everything else is ok. But the delivery speed is sometimes very slow .,1,4
War alles in Or,1,5
super .............,1,5
I did shopping in this shop many times and always everything was OK.,1,5
Super Service,1,5
"Bremsenscheiben für Meriva bestelt ,bremsenscheiben für Astra gekriegt.",1,1
Received everything I ordered fast delivery and good price,1,4
Friendly and Efficient,1,5
"Very good, super.",1,5
clio 2 alles ok,1,5
"Easy transaktion, No Problems",1,5
Super superr,1,5
Prompter Service!,1,5
Easy....................,1,5
super!!!!!!!!!!!!!!!!!!,1,5
Super service,1,5
"I bought a set of braking discs which arrived damaged due to poor packaging and protection. After a complaint, with the picture of the damaged part which was btw. literally a broken place on the edge...See more",0,1
"Shipping time a little long (order 28 Dec, received 16 Jan), but honestly announced and also due to the year end period peak of deliveries.
Annoying to see items removed from order (reimbursed!) and...See more",0,4
"I purchased a Bosch battery for my vehicle, the order was shipped pretty quickly. Upon receiving the product it was a good shape and worked perfectly, I swapped the batteries and I'm very satisfied...See more",0,5
"Have used ATP from Cyprus a few times now, Always an excellent service with good prices and quality merchandise. Parts always fitted our  litle Fiat 500 with no issues.",0,5
"I bought a set of braking discs which arrived damaged due to poor packaging and protection. After a complaint, with the picture of the damaged part which was btw. literally a broken place on the edge of discs, they propose a 10€ discount with instructions that the discs are good to be installed. I returned the complete shipment.",0,1
"Shipping time a little long (order 28 Dec, received 16 Jan), but honestly announced and also due to the year end period peak of deliveries.Annoying to see items removed from order (reimbursed!) and simply not shipped because of ""unavailability"".5 stars for price, mega competitive.",0,4
"do NOT buy from this website!first order went well.second order was canceled the day it was supposed to be delivered (they never shipped it).they then tried to justify it as my address was not valid for delivery (it was the same addres i used for the first order which went all good).They also did NOT refund the amount. I had to apply for the PayPal purchase protection service, and it was refuned only after PayPal's intervention.I then re-ordered the same items and shipped them to a different address, all went good.Another time, I bought a thing on ebay and I didn't realize it was this same shop. It had a different name, but I ended up discovering it was them again.This time, again, they canceled the order for the same reason.",0,1
"Review: I ordered and paid for a branded replacement part [Brand ordered], but in the package I found a product from a cheap, unknown brand. It's unacceptable to pay for premium quality and receive a low-end product. Furthermore, the packaging was inadequate, and the part had scratches. I will file an official complaint and will not purchase.",0,1
"All good,superfast delivery to sweden i’m happy and will continue to buy parts from ATP",0,5
Customer care is second to none,0,5
"Easy shopping. One week delivery to Denmark, all went well.I did not need the items immidiately, and could have waited, for it all to arrive at one time, saving freight.",0,5
Good service right prices.,0,5
Excellent. Thanks 👍,0,5
"Everything great, good prices, fast shipping. I only wish they stopped sending me reminders to rate them.",0,5
"Delivery was on time, and the parts ordered were ""Super""!",0,5
"Very correct, fast delivery, thank you",0,5
Like always very fast delivery and good stuff!!!! Totally recommend,0,5
Quick delivery. Nice.,0,5
"FRAUD - BETRUG Even in Company-to-Company Relationshipsnever buy anything from this company BE WARNED . I bought, I paid, and so far I've never received the order or my money. A real company is quick to solve problems and contact the customer. Here I'm the only one who contacts them and I have to wait for them to reply when they do. The purchase made and payment transfer made on 3/2/2025 with confirmation of the parts, after paying the problems began, neither parts nor money. LIARS They only tell lies, first they didn't have a system and it would take some time for them to respond because they didn't know the status of the order. They said they couldn't send the parts until almost a month after paying, when they did they said the order had been cancelled for non-payment when payment had already been made in advance.  Communication with the customer who is a professional is ZERO, they don't care about anything or how much they project their customers Very bad service of the worst I have ever known in so many years in the automotive sector. Today 24/02/2025 I still don't know anything, if and when I'll get my money back. DISGRACEFUL!!!",0,1
"very satisfied,can you please make it possible to change language on web site?annelin",0,5
"I have ordered on 11.12.2024 and untill today the order was not even processed.Tried to call them, have been waiting 20 and 30 min in the call, NOBODY answers the phone.The worst handling I ever seen.They take the money and then nobody cares.",0,1
"The order was shipped very quick,",0,5
"I bought a package of link arms for Mazda 6 steering. The package never arrived. They said it had. Tracking showed it had. But it hadn't. A few days later, UPS called me to say it had been delivered to 49 Leyton Rd., London, E15 1QH. NOT my address for Kent. I told UPS to return it to ATP, as I didn't want it. eBay (order number 15-11928-47395) would not refund me because tracking incorrectly showed it as delivered ti me (though as stated it went to E15 1QH). So I asked AMEX to raise a case with the company.UPS tracking shows the package is being returned to ATP, but they sent me a bill for the parts!!!!I have now received an invoice and a threat of legal action if I don't pay ATP.I did not receive the item from ATP.I will not pay the invoice to ATPI will wait for the UK court letter and see them in the small claims court. Then I will sue them.Complete and utter scam artists, and rude.",0,1
"Very bad service and disappointed,I pay 155,88€ and package come damage oil was full leaking out of box , i missed my service center appointment and i report for damage claim no one reply and after 4 days 1 email we can only refund you. I will not recommend this company to anyone . Zero customer service,Ich habe 155,88 € bezahlt und das Paket wurde beschädigt, Öl lief aus der Verpackung, ich habe meinen Termin im Servicecenter verpasst und melde den Schadensanspruch, niemand antwortet und nach 4 Tagen 1 E-Mail können wir Ihnen nur das Geld zurückerstatten. Ich werde diese Firma niemandem empfehlen. Null Kundenservice,",0,1
"Available products, good price, fast delivery.",0,5
"Quick delivery, great price for the parts I required. Their brand of wiper blades worked really well compared to some brand names that dont deliver.",0,5
"Good prices on some poroducts, A bit long delivery time to Sweden and lock of communication, I did not receive any tracking No. which could help me to plan the job.",0,4
Very good prices and fast shipping well recomended,0,5
"All time have problems with shipping. Have ordered spring 2 times and never got it. First time lost spring in the delivering. Second time have pronounced isn’t correct address. Bed service, nobody can speak English.",0,1
"Few months ago I purchased a product on eBay from ATP Autotelie, now it broke because of a clear defect (it broke in two parts), and due to its breakage I was close to get my car engine completely burned. I had to spend more money to replace the defective product on an emergency basis, with a lot of time waste.Not even three months were passed, so the product was and still is under purchase warranty coverage, which is defined by the UE Council directive 85/374/CEE of 25th July 1985.However, ATP Autotelie has blocked all ways to contact them or rise any kind of issue.Therefore, I tried try to assert my customer rights through the PayPal claiming system, but the seller invented the excuse that somehow I “altered” the product, which is clearly false and can be easily verified from the picture I sent them. Anyway, PayPal decided to support the fraud and rejected my claim.The matter does not end here, I am reporting what happened (all of which can be proven with documentation in hand) first here on TrustPilot, and then I am turning to a consumer defense association to take legal action, not only against the seller but also against PayPal.This is not so much for an economic problem, but because people cannot be defrauded in this way, it is a question of principle and a question of law, both national and European community laws.**** Update ****After the review was published on TrustPilot, I was contacted by ATP Autoteile, unlocking the possibility to message them on eBay messaging system (but why it was blocked, nobody said).They behaved like they didn't know anything about the claim, that looks quite suspicious to me: did eBay arbitrarily take the initiative to reject my complaint without even informing the seller and without any reasoning? Let's take this as the truth, since the level of eBay service is so poor that can actually arrive at this point.After this, they formally apologized (formally) and accepted to refund the faulty product (except shipping costs), without wanting the broken product back. Then. we had days and days of endless email exchange to undergo the steps of the refund process, several their emails were also sent me twice from different email address. If I could count all the time I lost to reply and send all the information they asked, probably I had to receive three-four times the due amount, but probably this was exactly the idea under such behavior.Obviously I just received the refund of the faulty product (except shipping costs), that is already a huge step on towards the right direction, but the experience was so frustrating that I cannot avoid helping others to avoid my same mistake.",0,2
I’m very happy with the itemsIt’s fits perfectly.I’m recommending this shop for everyoneDelivery was fastGood service 😊👍Thanks very much 🙏,0,5
"Fraudolent website. I made a wrong order and cancelled it through their contact mail only few hours later. My cancellation and all my mails were ignored by customer service, for days. The payment was withdrawn despite cancellation mail, and the good was sent afterward, even thought it is not compatible with my car and, since I am travelling, I will not be able to collect it. It is indeed a fraud. The order was made and cancelled the 8th of July,  and registered the 10th, of July.They only answered 2 days later, stating the order could not be cancelled because the good was sent.Avoid this website in anyway. There is no guarantee of having basic customer rights respected.",0,1
"One of the worst experience I had with buying online.They did put myself and my family in danger because I have been waiting for about 3 weeks to received my new brakes that I ordered.Their customer service is non-existent, no wonder why it is impossible to contact them by phone...They advertise good price but they don't deliver.WALK AWAY",0,1
SCAM ARTIST!! Sent me the wrong part and refused to issue me a full refund that included the tax I paid and ignored me when I question why the tax wasn't refunded. They now have a brand new part and £16 to go with it. Terrible company with very bad customer support!,0,1
Very unprofessional bad customer service sent faulty goods refused to refund me been on going for months £200 out of pocket! Avoid these people at all costs,0,1
"Hello, i didnt get my car part , i need refund for this order120-2411151193My ATP customer number9-14680618",0,5
"I have bought a Honda distributor model TD42U and after 6 months start to turning on the engine lights + engine failures with RPM below 3.000After contact ATP they said that it's not the part problem.Please avoid buy Distributor because all parts are made with bad quality. After some months, it will start make a lot of issues on the engine.By OEM directly and avoid lose money/time.As this complain will not solve the problem. I will just leave my feedback to the product and to the company.Reply:26/06/2024 > I understand you explained but the distributor itself if bad/poor quality. Right after the warranty over the distributor get a lot of problems. So the part itself is extremely bad. This was inspect buy Honda and Bosch so there is no mistake.",0,1
"Fair prices, Fast delivery",0,5
"A part was bought through their portal that should have been compatible with my vehicle, all verified through their website.The part is not compatible with my vehicle. The part was sent back to them for ""further inspection"" although there is little to inspect. The part is a working part but compatible with another engine year.Have not heard back from them for weeks after the part was received by them and a refund was requested. No answers to emails either.I will add this was an engine part, so the engine was taken apart twice because of their error.",0,1
"I ordered a steering damper from this website, and within a month, it completely broke. When I contacted customer service, they accused me of making a false claim and refused to replace or refund the item. This has been the worst customer service experience I've ever had with an auto parts company.",0,1
Easy ordering and fast delivery. Great!Great to find parts that are not easy available.,0,5
"Hello,didn't recieve item from the order and no body is answering about my issue.",0,1
"the only problem to object to is the rather long delivery time of the products, on the website they tell you that the delivery time is 3/5 delivery days from the payment of the products, slightly negative communication with the operator, otherwise excellent price/quality. Overall I am very pleased",0,4
Top!!!!! 5 Sterne!!,0,5
The service I received was really fast and the presentation of the products was very good.And even the Price of the products was very good.All in all a very good reputation.Good job at all.,0,5
"contacted support straight after shiping and told me it was shipped already but no tracking or anything, just wanted to remove 2 items i pay and add 1 art number  40754603and wanted to add ATP-Artikel-Nr.: 31417285 but completely unhelpfulon order it say some items will be available for shipment Versand am 16. März so i see a big problem with directly saying to me something not possible to add or remove.very unhappy with the service provided",0,1
Good communication when I needed help and advice.,0,5
Immerwieder gut. 👍,0,5
"Totally delighted with the prices of the items i purchased, 100% customer service and most of all the quality of service and shipping to Ireland.",0,5
"Order 110-2312138750 from 13.11.2023 We have order 3 x 40579924 , but received only 2 sets! You said there was no problem... Yes may be for you is it not a problem to lost 81,42 €, but for us it is VERY BIG PROBLEM!  Also we wrote you about order from 19.09.2023 , we did not receive article 31469471 which is another 95,66 € . So until now we have lost 177.11 EURO FOR NON DELIVERED ITEMS FROM YOU!",0,1
"I ordered a car part from them.The price was lower than with competitors, the order process was really easy, and the shipping was fast.I would order from them again.",0,5
"I purchased a Bosch battery for my vehicle, the order was shipped pretty quickly. Upon receiving the product it was a good shape and worked perfectly, I swapped the batteries and I'm very satisfied with the new one!Only issue I encountered was the delivery method, they used DPD and they weren't able to enter the gated community so it took two attempts. Recommendation to company, use other delivery services, I wouldn't mind paying for the shipment knowing that there will be no issue.",0,5
My experience with your shop was excellent!But the experience with Thule easyfold xt2 trying to attach it on the tow ball was a nightmare 🥵,0,5
Perfect parts! Good prices! Fast delivery!,0,5
"Good quality parts and pretty fast shipping. But packing is really bad, often packages comes broken and have happened parts are missing becuse of that.",0,4
"Have used ATP from Cyprus a few times now, Always an excellent service with good prices and quality merchandise. Parts always fitted our  litle Fiat 500 with no issues.",0,5
Everything as expected.,0,5
"Well , what can I say ? I expected far better service from a German company , than to just be ignored regarding a promised refund for a failed alternator....The height of bad manners and clearly hoping I will just ' Go away ' ....For those of you that have had good service , you're  very , very lucky ..",0,1
"When package arrived one part was damaged, it took over 2 days to get an answer from them. After one week they finaly send me a new part. But When it arrive it was not a skf wheel bearing like that i have ordered in the first place, but a cheaper AIC bearing. So now 2 weeks later they want me to ship the wheel bearing back so i Can get the refund istead.",0,1
"Business transparency and honesty.Order was placed 7/12/2022, 3 items, all in stock. Each item got DHL individual shipping number 1/11 package arrived Monday 12/12/20222 remaining package Status today 22/12/2022+ ATP customer service should be honest and inform the truth.DHL Tracking Data:Thu, 22.12.2022, 2:18 am, Neumunster, GermanyThe international shipment has been handed over to DHL and is being prepared for onward transport to the destination country/area.Wed, 21.12.2022, 00:18, GermanyThe international shipment has been handed over to DHL and is being prepared for onward transport to the destination country/area.Tue, 20.12.2022, 00:05, Neumünster, GermanyThe international shipment has been handed over to DHL and is being prepared for onward transport to the destination country/area.Mon, December 19, 2022, 1:40 am, GermanyThe international shipment has been handed over to DHL and is being prepared for onward transport to the destination country/area.Thu, 15.12.2022, 04:44, Neumünster, GermanyThe international shipment has been handed over to DHL and is being prepared for onward transport to the destination country/area.Thu, 08.12.2022, 21:21, GermanyThe international shipment has been handed over to DHL and is being prepared for onward transport to the destination country/area.Wed, 12/07/2022, 10:01 amThe broadcast was announced electronically. As soon as the shipment has been processed by us, you will receive further information.Should I cancel the order?",0,1
Fast delivery to Bulgaria. Everything is OK.,0,5
"I ordered two new rear driveshafts for my 2005 BMW X5 e53, 3.0D. The ATP Autoteile website was the only one that made a clear distinction between the driveshafts for the manual version and/or the automatic/steptronic version of the BMW e53 (there is a small difference in lenght of the driveshafts).  The products ordered where exactly as described on the website, dispatch was fast and efficient and delivery flawless.  Deutsche Gründlichkeit and Deutsche Pünktlichkeit all the way through.  Five stars well deserved and seller hightly recommended.",0,5
"Great communication over e-mail, VIN check so the parts fit the vehicle, quick delivery.",0,5
Empty box arrived by ups today 9th/8/2022 2nd attempt purchased from ATP even driver said its very light 2 suspension torsion bars were ordered. Package said 5kg weight.so we have not opened it and weighed it.Scam always pay with PayPal as i did. Other unfortunate people who haven't report them,0,1
"You cannot communicate with them. I'd like to know more about my order, which is not shipped yet and want info regarding when it will be shipped. Nobody will answer the phone or mail you back. I've sent multiple mails and tried calling multiple times where nobody picks up the phone (I waited long on the phone, 15+ minutes, you only hear an annoying song and the same reference to their e-mail). My worst experience with a webshop, don't recommend.",0,1
With this order I was absolutely NOT happy. Part which costed me 240 euros you packed only in a thin foil so when it arrived by me it had so many scratches... had to invest time and more money to fix it.... if I buy new part then I dont expect to invest more time and money to repair it....very dissapointing and honestly I will think twice before i buy something by you again.,0,1
Comprehensive range available from stock or order. Delivery was fast and well packed. Online order was clear and simple. Price was unbeatable. Recommended,0,5
"Quality products competitive pricing, very fast delivery . Thanks!",0,5
"Horrible experience with this online shop, would recommend everybody to stay far away from them. They have no idea what they are doing.Ordered car parts 2 months ago and I still did not get my order or all my money back.Somehow they decided to split my order into 6 packages and not to put any documentation with the packages. As a seller with international shipping, they should know that the receipt has to follow with the package. Even when I asked them to send me 6 receipts for 6 packages per email, they did not know how to do that. Without the proper documentation, the packages could not be imported and I could not pick them up. Had to wait until everything has been returned to seller and then they decide to refund me. But not in a single payment as I paid them. Till now I received 6 payments back and they still owe me around 15% (~110€) of what I paid them. Customer service takes couple days to reply to each emailI will not stop just on this review.YOU SHOULD NOT TAKE MONEY FROM PEOPLE IF YOU DON'T KNOW HOW TO DO YOUR JOB",0,1
"Purchased goods worth £350 after chasing, item has not been despatched. Despite the prompt payment, the seller said that it was not received. Escalated to eBay which confirmed everything is paid for. I've sent proof of purchase and they came back saying that will cancel the order due to UK import tax. Now telling me that I need to wait for my refund for two weeks as the case against was open on eBay and Paypal. true is the case will be closed once refund gets issued.EDIT after reply :Received on 23 June. ""Dear customer,thank you for the message.We have checked the information and can confirm that we have cancelled your order.The amount will automatically be transferred back to your account using the same payment method.""How on earth I would trust you again and freeze more cash. Order still not cancelled on eBay after nearly two weeks of receiving the above message. Please don't play with me like a dumb. You did also ignore PayPal Resolution Centre request to provide more information what's going on. You could resolve the matter in minutes responding in the resolution centre that you are happy to issue the refund however you preferred to complicate things... another reason for others to stay away.",0,1
I’ve bought numerous parts for my ongoing Mk2 Astra / Opel Kadett van restoration from ATP and find the service is better than you can get from retailers in Britain.Super prices and fast shipping. It’s the first place I look for anything I need.,0,5
"Best price, fast shipping and good quality. Thanks.",0,5
one shock absorbed leaking after only one year done only 3000 miles very disappointed.ATP Autoteile contacted me and with in a week they sent me a new one good German company Thank you.,0,5
I have bought many things for my carI recomend all people to buy from this site.ATP AUTOTEILE is the best,0,5
Top.........,0,5
"Your typical shady online retailer. Good prices, fast delivery as long as there's no problem, ordered quite a few things but never more. That's when they show their true morale. I'll edit this when I have the time, but in short: They will go through some lengths to save pennies (wrongly) and don't mind breaking written agreements to do so, even when they mess up in several ways on the same deliviery (deliberately ignoring cruicial emails, loosing the package, sending the wrong shock absorber packed in beat up/ducktaped box for the right one, promising free deliviery for all the mess but backing from that promise in the end when they once again mess up). When they see it's a never ending story (completely their own fault), they decided it'll probably cost to much to honor the agreement (despite me spending hundreds of euro for a lot of parts in the same order)  and just back away leaving me stranded witouth the most cruicial part, one out of four shock absorbers.The ""customer service"" is a joke, they have no feeling for right and wrong and will never go outside the manuscript, regardless if they messed up completely and put a customer in a seriously bad situation. Even the people in charge of customer service totaly lacks basic knowledge or just don't care.Will be posting the email conversations when I have the time so everyone can read it and weep. More than 70 emails back and forth over the course of almost 3 months to deal with the whole shitstorm with a bad ending (yeah, that's right) so will pack it up nicely.Stay away, trust me. Truly, truly horrible organisation.EDITReply to ATP:s reply: Yes, you refunded me the for the ""second"" shipping cost because you should have added that item in the forst order, you lost my order, it was greatly delayedand you sent me the wrong item in an opened and beat up box.So I have paid ONE shipping cost already according to our agreement, but still not recieved the item you agreed to send free of shipping.When you sent me the wrong shockabsorber in a opened and beat up box, which I sent back to you, you only refunded the shockabsorber and you refuse to send me a new one without me paying for the shipping cost again!Maybe it's easier to understand if I put it like this:1. First order. Lost, delayed and wrongly handled. Shipping paid.2. Second order. The item that should have been added to the first one (plus I added a bunch of other things=more money for you). Shipping cost paid again, and for the item of course.3. ONE shipping cost refunded according to agreement. (1 of 2 shipping costs paid)4. Wrong item recieved and returned.5. Wrong item refunded only. (Back at square one, with me missing an item that should have been sent in the first order.)6. You refuse to send a new one for some absurd reason, even though you have sent me the wrong one. Only reply is to place a new order and pay for shipping AGAIN.Do you still not understand?!",0,1
"Absolutely brilliant auto parts service, with a mind-boggling array of parts, nearly always sent next day. Returns are generally handled no questions asked too.",0,5
"I had a hardware fitting problem, this was rectified at NO extracharge.He"" went the exta mile"" for us ! First class service",0,5
HelloThe best place to buy auto parts fromRegardsBrianFrom Denmark,0,5
I have requested the opening of a customer account since December 2019. Unfortunately it is not ready yet. The store's interface should be more user-friendly and from other countries. Remaining all this problem: Files has still been checked,0,4
"I send parts back to them,after 2 months they dont pay money back.I will go to police report fraud.",0,1
"What a great service. Was in doubt originally, but at the end received great parts, superbly packed, fantastic price and across the globe to Australia in only 8 days.I have also received refund for cheaper postage. Thank you very much guys, would come back again.Bought Monroe shock absorbers x 2",0,5
"Top product, reasonable shipping costs. Perfekt deliverd to Norway.",0,5
"***UPDATE*** company refunded cost of parts following this review.  A bit of a hassle unfortunately and I still had to cover the cost of replacing failed part and shock absorber as a result, so still cost me! ***  Rear Coil Springs:  Buyer beware!!!!   Bought these parts as they had a 3 year warranty - Failed within 12 months, unable to contact the company for replacement parts through Ebay as not accepting contact through normal channels.  Had to purchase replacements from another source and pay mechanic to remove broken parts and also replace shock absorber as that had failed as a result of the broken coil spring!  Ended up paying out money twice to have parts fitted a 2 consecutive MOT's.  Now they will not refund cash under warranty and will only send replacement parts, which would have been OK had they been contactable initially.  Would definitely not recommend based on my current experiences trying to resolve this issue.  Sub standard, dangerous parts, never heard of rear coils spring failing in less than 12 months and under 7000 miles!!!!  Buyer beware!!!!UPDATE FOR MARIO : Ebay Item number 372023842858 / WARRANTY CLAIM KD 10113951 (Ticket: ATP-001-25468061)",0,1
"Keep away from this seller, they sell low cost china stuff without waranty.Borght standard turbo charger for a standard wv 1.4 tsi. Last one week then turbo booster Valve melted Total inside. ATP wont replace it.My advise again dont buy from this seller, they Dont accept normal european customer rulles. Looks as a good deal but try calculate worktime to replace the low cost china stuff this is very expensive. Buy quality instead from a serius seller.Only buy from this seller if you dont need waranty and time is not an issue.",0,1
1A  TOP Danke .,0,5
A+ super alles best,0,5
By ebay you have more parts then on your official atp site,0,5
"Worst ever webshop.! A lot of parts listed as in stock, sending in 1-2 days, are not in stock.! Clever way of using your clients money for improving your cashflow in your bank, and at the same time retaining your customer in the hope of getting the parts.I have done business with you for the last time.( The parts are still listed as in stock here some 14 days after )",0,1
Brilliant at being terrible. Took forever to receive a pair of headlights and when they turned up one was smashed as it hadn’t been protected properly and the other one was defective. Sent both back. 10 days after they had received the headlights I chased them up and they hadn’t sent them yet. 7 days later I receive 1 headlight... So 2 months after having paid for 2 headlights I’ve got 1 headlight in good condition and it’ll probably take another couple of weeks to get the other one. Let’s only hope that I don’t end up with two Right hand side headlights! 😅,0,1
In allen hinsichten top,0,5
"Worst shop I ever experienced online. I bought an Exhaust from them early June through EBAY, after receiving the confirmation and expecting it to fix my car, the item was dispatched and end up returning due to an address issue (even with my correct address on EBAY)  after the piece went back to them, delaying my car fix and leaving me using buses for 2 weeks they wanted to wait for the part to return in order to send me a new one. After much insist and emailing every possible email I found, I got a new part to be sent and they sent it to the WRONG ADDRESS (the probable reason why it was never delivered in the first place). Now, 40 days after all this, I'm still without the part and the money. This company customer service is a joke, if you want to email them, good luck they will take 5 days to get back to you if you're lucky, also, no phone number, sad there's nothing lower than 1 star to give.",0,1
Fast delivery,0,4
"Terrible experience.Order parts, then am informed that the parts were sent. I checked the tracking information which says there is an error with my address. Over the period of a week I message the seller twice through eBay requesting they check what is going on, and get no response. I leave negative feedback on eBay to warn others. Within 2hrs they send me a message asking why I left negative feedback, and that they need a some information so they can look into the matter. I provided the information, and 3 days later they still haven't responded in any way.Guess I am going to have to go through eBay to get my money back.",0,1
"Quick delivery but impossibile to have a PERSON to speak with!I was desperately trying to change the delivery address only 1 hour after the purchase on eBay...i retrieved the tel. no. and e-mail address  from the web and spent 1 whole hour on the phone hearing only : all lines are occupied, you will be connected to the next available operator ...it seems there are no available employees !!i had written 2 e-mails, all this in their opening times, without reply until of course it was too late!I was quick to try and fix my error of not having noticed that the order was going to be sent to Italy , when i needed the part in Germany , to be able to return safely , over the Alps to Italy!!No way! Around midnight i get a ""no reply"" e-mail confirmation of my order with the wrong address, in the morning a mail saying my order has been given to the courier service with the tag number and that i could try to change the address directly with the parcel service...no result , my order has not been received by the parcel service and i can not track it either!!So very unhappy that there was no way , even after just 1 hour of placing the order on eBay , to contact a living Person ..seems pretty much all automatized! the order arrived relatively quickly in Italy where it was waiting for my return, undamaged and nothing missing.Remained extremely deluded and frustrated and above all helpless!!TIP: be VERY sure you are ordering what you want AND to make sure all details are perfect..you will not have a chance to change anything!! Better go to your local dealer!! ;)",0,2
"Pessimo venditore , spedisce l'ordine parzialmente e non rimborsa !Very bad seller , order partially shipped and not refound",0,1
Habe Ware bestellt wo mehrere Teile fehlen. Hab über 30 mails geschrieben aber noch nicht mein Rückerstattung erhalten!!!!! Antwortet wird selten und sehr langsam. Und wenn ich ein Antwort erhalte dann ist es öfters ein standard mail mit bitte haben Sie gedult aber ich warte seit 10.05.18 und noch nicht keine Rückerstattung. Telefonisch sind SIe auch nicht zum erreichen. Bestellen Sie bitte nie beim ATP.I have ordered some parts but most of the parts was not delivered. I have send over 30 mails but still not received my money back or the parts. You often don't get an Answer but when you do it is a useless standard answer that you should please have patience. But I'm waiting since 10.05.18 and don't have my refund yet. They also don't answer the phone. Can't believe the company can get away with this. I would not recommend any to order parts from there.3037758 (Ticket: ATP-001-21903033),0,1
STOP; Company does not deliver or payback payment for spares prepaid.Company apparently bankrupt or closed.Do not place orders. Waiting for 8 month for return payment.ATP answer with a standard text. But there is no respond to the claim. Company does not answer mail or telephone. So stop buying from them.,1,1
"I ordered 2 fenders as a kit for a Ford Focus.After two weeks i got one!!Asked were the other were an it took more than a week to get an answer from them.Waited two weeks more before it came.And when i opened the package the fender were bent beyond repair, due to poorly packaging.And i wrote them and attached pics of the damaged fender. It took two mail and two weeks before they understood the itemnumbers they asked for.The said that they would send a replacement within the next days.  And i waited and waited an wrote them another mail wich they answered in a couple of days . They said they have sent it but it seems its on its way back to them instead of going to me.So i said they have to send me a new one instead, but they wouldn't. They are going to send the fender they sent from the beginning and that would take some time in the return center.I complained and said that a serious business would have solved already.So they said they would give me a refund within 2-5 days. Now it has been almost 10 days and still no refund.And the answer again from them were i have to wait..AGAIN... sick and tired of waiting.The same excuses every time..I have bought a lot of parts from them in the past and every time a got the part in 3-4 days to sweden. But now i dont know what they are doing...They have probably lost me as a customer.",0,1
"Since I cannot send replies, I will send another review and inform the audience what is going on after we receive a comment to send the order numbers to their help center. 10 days have passed after my first review and after receiving an advice to send my order number to hilfeatatp-autoteile.de. Although I had included all my complaints to this email, I decided to do it one more time, following their request on this web-page and the result is that I still have not received my refund (or the correct sized disks and pads which I have paid for on 1 May 2018) and on top of that I have not received a reply after sending the requested email. I will leave you to make the conclusions regarding how trustworthy and reliable this company and their customer service is.EDIT AFTER RECEIVING THE COMMENT:Yes, I have sent you the email and here are the details:from:	Angel *************************to:	hilfeatatp-autoteile.dedate:	Oct 18, 2018, 11:02 AMsubject:	Fwd: R11129 5-1009829 (Ticket: ATP-001-20417018)mailed-by:	gmail.comHello,I have sent a review at uk.trustpilot.com regarding my experience as your customer and I have received a reply to send you my order number which is 10009684. Additionally I am kindly including a part of my correspondence with your customer service which has also been sent to hilfeatatp-autoteile.deShould you need anything further please do not hesitate to contact me.Kind Regards,AngelI have also included the dozens of emails which I have already sent to your help center and customer service. Could you please check your inbox one more time or you can alternatively feel free to take the order number from the email which I have quoted above.Should you prefer I can post here all of the emails I have sent to you?",0,1
Satisfied with the service.,0,4
I bought 2 front fender for mercedes w210 the 1okt and shipping between October 4th to October 11th and I have not yet received any delivery or response to my mail when delivery will be made or if they have been shipped.And nobody will hear and announce that the order is latebut the order is paid and readyMy Order No: 130-1810567641will never recommend this companyI have already sent 4 mail to you with order nobut you never answer the mail,0,1
"atp autoteile is not a safe site to shop.I did not get the full order and no refund money.atp autoteile are not serious with clients.have been contacted dozens of times, just promises and lies from them.I am now considering contacting my bank to conduct a chargeback.I DO NOT RECOMMEND THIS SITE.after reply  I sent them no order and I have not received any answer from themtheir site is a SCAM",0,1
I order oil each year when I return to Germany. The price is great and the delivery service is 10 out of 10 . Good Bavarian Service. Regards Kangaroo,0,5
Transmission gasket bent to fit box  -  transmission gasket and filter - gasket arrived bent and crushed - so after a few emails and messages on eBay arranged for a replacement to be sent - exactly the same issue second time.Turns out an intact gasket is a couple of inches longer than the box so however is packing them is bending and folding them to fit the box!!Customer service staff are polite and helpful but seem to have no quality control over their product- products are cheap but you are gambling over whether you will get an intact product.Avoid.,0,1
"I ordered brake parts at the start of July 2018, and after contacting the company it was agreed that I could refuse the package and have it returned for a refund.They were returned and I heard no news. I called them around mid August since I had no reply to any of my emails. I was informed that they were having problems due to a system upgrade (similar story to a lot of people here), but they had received the brake parts back on the 24th July. I was told that for some reason my refund had not been processed. The lady said she would make a note for it to be processed.I called again on the 31st of August as I still had not been refunded. I was told that for some reason my refund had still had not been processed, and that they would put another note to the correct team.I called again on the 17th of Sept because I still hadn't received my refund! The lady said it should have taken around three days... but ""there was a mistake and it would need to be done again"", but that she didn't know when I would be refunded.This is getting beyond a joke. I've waited nearly 2 months and still not received a refund. Absolutely shocking.I am now considering contacting my bank to conduct a chargeback.In response to ATPs reply below, I contacted the company with my details, and was again ignored. I have since opened a dispute case with my bank, who have now forcibly retrieved my money. I encourage others having problems to do the same.",1,1
"****************************STAY AWAY************************HORRIBLE!!!!!!!!!!Pathetic that this company is reporting all these reviews. Instead of reporting the TRUTHFUL reviews why not fix your horrible companyStay away from this fraudulent dodgy companyPart was completely faulty and ruined my car. I am looking into taking legal action against this company for providing 2nd rate faulty parts.Promised a refund that never came, same old excuses.Look at all the negative feedback, you would have to be crazy to buy from this dodgy company.Seems like a Chinese based company from legal records.Pathetic standard template replies to every reviewYOU HAVE BEEN WARNED !!!!!!!!!!!!!!!!!!!!!",1,1
"50 Days from order to delivery!!!!! After several emails with silly explanations about my order still nothing happends.I had to make a report to Ebay  to get my parts. For me Ebay is a safe Place to buy and sell stuff from and a seller like ATP-autoteile shuld not be able to use Ebay ,throw them out they will destroy the reputation for Ebay.",0,1
"Having ordered some wishbones for my car through Ebay, I was initially quite impressed with the service from ATP. However, having not eventually needing the wishbones, I contacted ATP to ask if I could return the items knowing that the terms of 'return had passed. Again I was very impressed that they emailed the instructions for return and when I had a problem with the return slip being in German, they were very helpful. However, since I have returned the items to them, things have changed. I have contracted them through Ebay at lest 10 times.and all.I ever seem to get back is an automatic email but no actual human contact. I am  now trying to contact them in other ways to get my money refunded. If they had told me that it was too.late to return the items, I would have happily resold them no problem. Now I am out of pocket with no parts to show for it...and ATP have gone mysteriously quiet....seems their customer care is only a one way service...their way.",0,2
"Simply, I should have read this site before dealing/ordering from ATP.Then I could have made my conclusions and find a more reliable company to deal with!I set an order in the beginning of August, still haven't got any answer to my inquiries about the product prices and delivery time.While setting the order only one item was ""out of stock"" and should have been in stock after a couple of days. Now after many weeks several items are ""lost"" from catalogue or still ""out of stock"". No good.I was a bit angry about the price changes between the prices in ATP website and the final order confirmation. While completing the order I thought the final amount would have been about 400eur (as it stood in the ATP website). But no, it ended up being about 450eur. But I accepted this because I expected to have fairly priced products with fast delivery time.And yes, if I happen to have that automated ATP customer service message, I have done my homework: I have sent my customer and order  numbers to info... and hilfe... ATP-email addresses. Of course, no answer from there either.I'm tired of waiting without any info. I'm not expecting to receive my order anymore. Only choice is to open up a dispute in PayPal and hope to get my money back.So poor service, seen one like never before. Never again ATP.Many thanks for disinformation, lost of money and time!Aivan perseestä tämä touhu!Edit 27.8.2018:Got a refund for about 50euros day after this original message above.Still not happy, because no information of anything is available from ATP.Please ATP, cancel my order and refund also the rest of my money!!!",0,1
"why is there no answer ??I have ordered 4 times within the last month, the first order came after 1 month but with 2 left front fenders instead of 1 right and 1 leftI have since added 2 more orders as I wait for now 20-25days,I have placed an order again on 16/8 on 5 different things I have paid for 5 things. On my order note/paypal receipt there are 5 things .. but when I access their website under my orders they have removed 3 items on the order?I have written about 6 mails the last 4 weeks, but only auto reply back and nothing else. and tried calling them 10 times each day for the last 2 weeksI hope you read this and correct it so I can give you more stars because I have never had problems with atp beforeUpdate 22-8-2018Thanks for the standard reply, I wrote email to hilfe@ 3 times last week and no answer??",0,1
Hello i have orded 18 july goods.After an month i still haven't receave the goods. Called many time's no answer.If you mail. An automatique mail back.I have orded for more of 300 euro so this is now the way to handel people.,0,1
"I ordered a starter motor for an Iveco 35-10 Daily on 20 July,2018 and it was paid in full using Paypal / Credit Card. It never got delivered to the Berlin address. Many emails, faxes later ( numerous automatic email replies that promise action in 1-2 days bur result in nothing happening), I am still without what I ordered and paid for. It is impossible to contact a human by telephone. I have also sent a tracking letter stating the problem. The customer service is appalling and needs investigation by the state. Extremely bad business practice. They take your money and waste your time!           Malcolm Fairburn",0,1
"Be aware, untrustworthy company. They refuse to contact me in 3 weeks. I hope somehow to get my money back(320 euros).After 2 weeks of waiting, i email them to cancel my order because i need that part and never get contacted by them.Never again.Edit1 : i've email them again, this time to the adress they left here in reply. Still no respond. Still not recommend.",0,1
"Ordered parts 2 months ago, got half of it and can't get in touch with them. Never again.",0,1
"They never replied to any of my messages! Dreadful customer service. I ordered a set of rear arms (left and right). They sent one arm of different type, but still for my car. In order to save time and money I decided to keep that arm as a spare and I asked them to send me the correct part at a fair price as soon as possible (taking into account the price of the wrong part sent). I wasted a week trying to contact them without any luck. I needed to order from them again as only they sell that particular brand (+£20 from my pocket to cover their incompetence). Their current company rating on here is 4.1. out of 10. I should have read reviews before dealing with them.",0,1
"Extremely poor and amateurism customer service. Order ATP-001-20875456Ordered parts and products June 13th. Today after nearly 3 weeks, 3 mails and 7 phone calls ""no reaction or response at all"" to when the goods will be shipped.Now asked PayPal to reimburse the payment of 178 Euros.",0,1
"Definitely ATP is my worst eshop experience. I spend over 300 EUR for Atera bike carrier 25 days ago and I have no parcel, no money and it is not possible to contact the seller. Their only reaction is an answer for negative review ""please send details of your purchase on hilfe@..."". It is only auto-response. They don't answer any emails. It is also not possible to call them. AVOID them if you don't want to be a victim of a fraud.",0,1
"Hello everybody,I am very sad with this shop. I have decided to place an order, promising to be shipped within 3-4 days. Order has been paid but still waiting to be delivered -already 2 weeks gone. No part, no money and car is inop.Nobody is coming on the phone, no email answer, no customer service at all.Bottom line__________After huge effort and couple of weeks waiting, money has been returned back. However I have lost more than time in this case.",0,2
Five Star deserved!,0,5
Tried to cancel my order as I no longer required the product but they told me it had already been sent which I accepted even tho I’d received no tracking info or the item hadn’t been marked as dispatched on eBay. I then asked for the tracking info but then was told due to a system adjustment my parcel would be dispatched in the next 1-3 days and if I wanted to cancel reply with Storno (cancellation in German) as the subject and they would happily do this so I did straight away with no success. They just reply with the same email so iv continuously done this for the last few days and asked for tracking info but no one replies. Still waiting for parts to turn up. Definitely won’t be using again. Not a good customer experience at all,0,1
"commnade ebay 20/02 colis retourné par la poste, nous n’avons jamais eu le colis  l’adresse etait incomplète du au mauvais bon de livraison car mon adresse etait a moitier et pas complete. depuis il y a eu 2 echange email puis plus rien j’ai envoyé des email de partout, paypal ne nous a meme pas remboursé alors que nous n’avons rien reçu 194€ que je compte bien me faire rembourser ou mon colis renvoyé, personne repond mastercard a été contacté c’est inadmissible et je suis vendeur pro sur ebay  e sont des voleurs tous simplement comme en chine c’est les mêmes dernier message du 7mars is last message.Hello,thank you. We have corrected your adress now.As soon as we receive the parcel back we will arrange a new delivery.Mit freundlichen Grüßen | Kind regardsMarinaCustomer Contact Centre | AgentATP Auto-Teile-Pöllath Handels GmbHATP Auto-Teile-Pöllath Handels GmbH | Am Heidweg 1 | D-92690 PressathAmtsgericht Weiden i. d. OPf., HRB 2867 | Geschäftsführer: Peter PöllathUmsatzsteuer-Identifikationsnummer gemäß § 27a Umsatzsteuergesetz: DE814209745Schlichtungsverfahren: Die Europäische Kommission unterhält eine Plattform zur außergerichtlichen Online-Beilegung von Streitigkeiten zwischen Verbrauchern und Unternehmern (OS-Plattform). Die Plattform erreichen Sie unter-----------------Original message:-----------------Neue Nachricht: hallo, return me my order if i don...Neue Nachricht von: destock-case (1,738 )hallo, return me my order if i dont recept first time you add not complete adresse !resend me and controle all adress is write on package and send dhl at home not just in DE sure i recept packageIF YOU DONT ADD FULL ADRESS POST OFFICE FRENCH RETURN DITECTLY OKcontrol my adress is sale twelve years ! thxthx i have canceled vacancyAntwortenAngebot aufrufenHallo brands4cars,hallo, return me my order if i dont recept first time you add not complete adresse !resend me and controle all adress is write on package and send dhl at home not just in DE sure i recept package  i cut my name for hereIF YOU DONT ADD FULL ADRESS POST OFFICE FRENCH RETURN DITECTLY OKcontrol my adress is sale twelve years ! thxthx i have canceled vacancy- destock-caseBREMBO COATED BREMSSCHEIBEN Ø253 VOLL+ BELÄGE HINTEN AUDI A3 8P BJ 03-13Bestellstatus: BezahltAm 20. Feb. 2018 17:08 MEZ EUR 194,09 gezahlt per PAYPAL für ArtikelArtikelnummer: 361453371181Transaktionsnummer: 924314874023",0,1
Poor customer service. Bought a set of continental headlights from them on ebay. One when faulty while traveling in France. Had to send it back through French postal service to get refund. Poor communication and dragging their feet all the way meant over 2 months delay for full refund. Expect they did this so I could not post a feedback on ebay after the 60 days period.,0,1
"I’m pretty sure that this review makes no difference to ATP or my case, but hopefully people will think twice before buying anything from this company.I purchased a Sachs clutch kit from ATP, for my Audi A4. The payment and delivery went fine and quick, which is probably the only positive thing I have to say about this company.We had scheduled a repair at a local mechanic for a gearbox and clutch replacement, so we delivered the ATP clutch as per agreement to the mechanic. However, when the mechanic went to fit the new clutch to the car, he noticed that the clutch didn’t fit and was actually a LUK clutch (completely different brand to Sachs). The clutch was branded LUK on one side and Sachs on the other.As the car was taking up space on a lift and the mechanic couldn’t wait for a new clutch to be delivered, we had to buy the correct clutch locally. Unfortunately it didn’t come with a clutch release bearing, so we had to use the one supplied with the clutch kit from ATP.I called ATP and explained the situation (in German, as apparently only one or two ATP employees speaks English) and asked if it was possible for me to return the incorrect clutch without the bearing, to which they replied yes.I returned the clutch as agreed, and for a long period of time I heard nothing from them, so I decided to call them to see if they received the clutch. After a couple of calls, they informed me that they had in fact received the clutch, but that the bearing was missing and that they could not refund me as the set was not complete. I tried to explain the situation several times with no luck and no sympathy.ATP sells the exact clutch release bearing on their website and I informed them, that I would happily pay for the bearing that I had used from the kit, so they could replace it in the kit. But for some reason this is impossible to do for ATP. In theory I could just get the clutch back, buy the bearing, put it in the box and return a complete set.I have now spent several hours on the phone, trying to first of all get through to them on the phone, which is a nightmare. And when I finally manage to get through, nobody speaks English (fortunately I speak a little German). The employees that answer the phone cannot make any decisions and needs to speak to their supervisors and promises to call back, which they NEVER do, so you have to start all over every time you get through to them.To make things even better, now ATP wants me to pay them to return the wrong clutch to me.",0,1
"Talking about: atp-autoteile.DEBe very careful!Bought a catalytic converter for a Renault, they did sent it to me but forgot the parts to assemble it. (They were included in the price and shown on the website.)Because the bad quality it could not be fitted with the original Renault or other clamps. The flange was much to low.After a every email they promised me to send the missing parts within a few days. But they didn't. Tried to call them but could not reach them. (Tried it 17 times one afternoon, they put you on hold and then disconnect after 5-10 minutes waiting.)So brought the car to garage where they welded the catalytic converter to the exhaust system.To my surprise, after 10 weeks or more, I got without any warning the missing parts in the mail! Thanks!Real sad company, they don't even try to help their customers!",0,1
"""no risk 90 day money back guarantee"". Yeah sure.Bought a Chinese made A/C compressor for my Mercedes from them. It leaked badly. Not because it was broken or something. The design was bad and impossible to  create a sealed system.Sent the unit back. They made every single excuse you could imagine- I hadn't given them a chance to fix the problem, so no warranty (I did  they answered no questions about making the product actually work).- I didn't include the original mechanic's invoice - (I did, right on top of the compressor)- They inspected the thing and claimed  there was no proof of the defect occuring before the installation (simply, the replacement part was of a bad design - didn't work before, didn't work after, despite trying many things to prevent having to pay to uninstall and then install a different one)- The invoice didn't show what they needed to see - no warranty (my Italian speaking mechanic hardly understands what I ask him in english, however, I made sure he did the job right - flushing, replacing the drying unit, etc.)In short, they kept the part (probably re-sold it) and kept the money also!Edited October 25, 2018: ATP tried hard to remove this review about a year ago. Fortunately, after trustpilot looked at the evidence, this review remained. Don't be fooled by the feeble bluff of an offer to resolve the issue more than two years after the fact. Do yourself a favour and listen to my and all others' experience in buying cheap, poorly made non-functional parts and purchase your car parts from a reputable source. Otherwise, we told you so. My mistake cost me 179 euros for the compressor plus nearly 300 euros extra for my mechanic's huge efforts to try to make the thing work and then remove it and replace it with a unit from Mercedes.",1,1
"Again. They sent my packet to the wrong address and they asked me to send them my address. I replied and they ask me again for my address. This goes on and on and I have sent them my address about 8 times and yesterday they mailed me asking me for my address again.Dont buy from this shop!I have to contact PayPal to get my money back.Their customer contact is a joke. One woman who answered only said Good Bye and put the phone down.Even 1 star is generous and Trust pilot should give us an option for zero star.To stop bad reviews in facebook they filter out all the bad comments.Update 05-05-2017.They are helpless. They cant read and sending me copy and paste mail asking me for my address again.Update 16-05-2017.I called ATP again and was told by an arogant woman to send email againI complained to PayPal and the response was immediate and 2 days later, ATP gave me a refund.Why does such a nice shop with so many good parts treat customers this way? I am lost.",0,1
I had a problem with a piece which did not fit to my car. I return the cardan and was reimbursh. Serious people.. Would recommand it.,0,5
"I warn anyone to stay clear of this conning poor quality company. Bought a turbo from them that leaked where the actuator arm is attached and they didn't honour the warranty because they said it was fitted incorrectly. Even if it was, it wouldn't leak there so stay away from these crooks.",0,1
I would like my money returned to paypal account. Because of continues and expose lerverings date.Kundennummer 3662902,0,1
"ATP has trouble finding out which bits it takes a set. Then when you get the wrong bits, they will not exchange them after some days.So you must change the parts at once you get them, also hoping for the best.All in all, a poor service.",0,2
"This is a great store which I can recommend for anyone looking for quality car parts.

The shipping is fast, they stock good brands and most importantly they handle warranty claims without issues...See more",0,5
Bought a Helmet from them have asked over 5 times for tracking absolutley no reply and it's been a week now. If I hear nothing by weekend will cancel my order and get a refund absolutley useless. UPDA...See more,0,5
Tried to order a bunch of goods and pay via credit card.  Only god knows why they tried to book the payment of my credit card (via PayPal) multiple times until my account was drained. All those indiv...See more,0,3
I ordered a replacement light for my car and I was super impressed by the price (only around 60€). It arrived within 2 days and it was in perfect condition on arrival. They had packaged it really well...See more,0,5
The ordering process went smoothly. Have ordered many times from this company everything has gone smoothly until you have to complain about several products for the first time that have been damaged during delivery. Have made a complaint to the company on 15/1 and received. We are on 26/2 today and the company still has not heard from me it has been almost over 6 weeks! I can only advise you against this spare parts dealer. Save yourself the stress of complaints and order directly from somewhere else!,0,1
The ithem was on stock ans shipped fast. The item arrived in four days in The Netherlands.,0,5
"This is a great store which I can recommend for anyone looking for quality car parts.The shipping is fast, they stock good brands and most importantly they handle warranty claims without issues which can be problematic with some other stores.They could work some on their packaging though, one time the package feel apart in shipping. But no items went missing or was damaged so it was a minor issue.",0,5
I have ordered brakes from motointegrator but DHL flagged the package as damaged wich means it has never reached my door. something that happens a lot at moto integrator because they have poor packaging. i ordered 26-08-2025 and up until this day 10-11-2025 there has only been replys from moto integrator that i would need to wait a little longer. they stopped writing the service employee's name under the message probably due to accountability.i have reached out about ten times to find a solution. they are not helping me in any way at this point.Update:After writing this review and telling that I would. The whole situation was solved in about 2 hours. I am happy that they really do care about customer satisfaction.Bumped the rating up to three stars because 5 and one stars Denises by two is three stars.,0,3
"I ordered a clutch that arrived damaged and returned it right away. It’s been over two months now and I still haven’t received my refund of around €350. Every week I send an email, and every week I get the same reply: that they can’t reach UPS. However, UPS clearly states the sender must handle it. This company refuses to take responsibility and drags things out endlessly. Avoid at all costs!FRD-911-682-469",0,1
Do not buy postage is slower than service mail from China. Paid £10 for 3-4 day delivery two weeks later still waiting. The site should clearly state it is in Germany,0,1
"Very bad experience. Part was advertised as next day delivery in NL, but will take a week. Email them instantly, but they refuse to cancel although the part is not even shipped yet.  Also they charge VAT although we supplier our VAT nr, the invoice has no VAT but the payment included VAT.  Do not buy here, typical Polish scam parts side acting like they are in The Netherlands.",0,1
"I placed an order on May 7, which was never delivered. The DHL tracking never moved, and I had to follow up multiple times via email without getting clear answers.After more than a month of delays, I finally received a refund, but only after repeated messages, opening a DHL investigation, and posting a public review. A credit note was issued, but not even an email confirming that a refund was being processed.I'm glad the case is now resolved, but the customer service experience was frustrating and unprofessional. Hopefully, they improve their handling of support cases — I won’t be ordering again unless that changes.",0,2
I am very satesfied with the service Moto Int. give us.,0,5
They send me a broken caliper. And refuse to resolve or give me my money back.They are not responsive on my questions how to resolve this.Awful company.Edit: I did provide my order number several times. What the company states is an invalid argument,0,1
"The best website to order car parts in Europe, it would be better and good experience for customers if they add the possibility to pay in 4 with PayPal, overall good experience and kind customer service.",0,5
Very good price fast shipping and trouble free service,0,5
Bought a Helmet from them have asked over 5 times for tracking absolutley no reply and it's been a week now. If I hear nothing by weekend will cancel my order and get a refund absolutley useless. UPDATE!!!! there was issues beyond our control affecting the whole process and they did contact me I just did not receive it. So I would like to say they are a good company who did do everything right but it was lost somewhere in communication. So yes very good company you have no worries ordering from them .,0,5
"Ordered two parts, one for the left side of the car and the other for the right. I received the same RIGHT part 7 days later. They made a mistake. Their solution is for me to send the parts back, wait until they receive it and then they might send the correct part again. And if I'm in a hurry, I have to order the part separatelly and I also have to cover the delivery cost. This company is a joke! Order number: ESD-503-866-811. I did order the correct items, it's you that didn't send the correct ones lol",0,1
Fast delivery and good price.For this time the products were well packed and protected but it is not like this every time !Liquid products are not delivered separately as it was done before.,0,5
"very bad, poor quality goods.",0,1
I ordered a replacement light for my car and I was super impressed by the price (only around 60€). It arrived within 2 days and it was in perfect condition on arrival. They had packaged it really well. I would definitely recommend them to anyone looking for car parks.,0,5
"They deliver damaged (probably returned by someone) items. When asked for a replacement, they suggest returning the damaged item and they’ll refund it and then I would have to re-order the item again with new postal fee. They do not obey the German consumer law which states that they should fix or replace damaged items with NO additional cost to the consumer. When telling them this they stop responding.",0,1
I bought a headlight for my car. It is defective. I wrote an email about it to complain about the defective headlight. At some point contact broke off and motointegrator stopped responding to my email. So far I have not been able to advertise the defective item and no one has responded to subsequent emails. The hotline after 20 minutes of waiting for a consultant still did not answer my call. The company is unprofessional and does not care about its customers.,0,2
"I ordered from this site for the first time and regretted it.The package was damaged during transport at the DHL post office and they returned it to the motointergrator, they received the package but did not inform me about it. At my insistence, they sent me a coupon for 5 euros and said that they would refund my money in 10 working days and that I should re-order the items and pay again for the delivery that I had already paid, the refund is due in 10 days and it is incomplete. I feel cheated. On the phone call , they very unkindly said that I am sorry and that I will write an e-mail that the refund is incorrect.D62-562-158-405Update Everything was resolved in one day, the money was fully refunded and I received a coupon for a new shipment",0,1
"All great !!Price very  goodShip  to Italy very  fast.Sure, i will turn  back to buy.Very  raccomanded",0,5
"Ordered a part, received nothing. Sent them an email, nobody replied, nobody sent money back. It's a scam shop.",0,1
"Worn and sick sensorI do not recommend itThey say it has a 2 year warranty, but that's a lieWhen I called them, they said it could not be replaced. It only worked for two days and it brokeNo guarantee, nothing I do not recommend 👎👎👎👎👎👎👎👎👎👎👎👎👎👎👎👎👎👎👎👎👎👎👎👎👎👎👎👎👎👎👎",0,1
"Still cheaper then .NL and .BE for the same quality products.Good service, fast delivery and good customerservice.Recomended.",0,5
"I ordered a towingbar. It was damaged in the shipping, i had to pay for the shipping myself. They refunded the part price but not the 32 euro return shipping . Emailed them about the problem but no response. Update: tried customer service Ümit Durmus but does not want to help. Final update: everything is sorted now in one day, happy customer here thanks!",0,1
Tried to order a bunch of goods and pay via credit card.  Only god knows why they tried to book the payment of my credit card (via PayPal) multiple times until my account was drained. All those individual payments are now pending despite the order not going through and leaving me without an order number or the possibility to order again - as funds in my account too low now.UPDATE: after 4 days funds have been reimbursed and back in my account. Did order with a different payment method and everything went well.,0,3
Sold me rotten badly stored tyre won't refund typical!They claim because I put the tyre on the bike it means that the tyre is good.rubbish!I am not god and cannot predict vibration in a tyre by looking at it.again poor service with no respect towards the customer.its all about your wallet!    D64-185-304-850I called Bridgestone EU and they said it's a manufacturing fault and that you can send it back for a replacement!,0,1
"all ok, price good",1,5
"Nice web shop with good prices and no surprises! if you order a well known brand, you will not receive a chinese substitution.",1,5
I am fine with Motointegrator. But however I noticed significant price increase.,1,5
Super Service,1,5
Super !! fast shipping and god prices..,1,5
Top!!!!!!!!!!!,1,5
Top Top!As Always everything first class.,1,5
best. best. best,1,5
"Ordered several times and all positive. Quick shipment, you receive what you ordered so good experience. Will buy next time again.",1,5
"First time that I used Motointegrator. Nice discounts, fast response and express delivery.",1,4
Sehr hochwertiges Produkt und schnelle Lieferung,1,5
Great seller ++++++,1,5
Great service,1,5
Excellent!! God prices and fast delivery!!,1,5
"Fast shipping and handling, good packaging",1,5
Fast shipping and delivery. Best price.,1,5
"Best prices for car parts in EU, flat shipping cost, everything great, put free shipping for EU above 200 euros.",1,5
"2 TRW brake discs in two different ""factory"" packages without factory seals. Cheap copies from China etc?",1,2
"Easy website, goods are correctly packed, fast delivery with dhl.Thanks",1,5
"Fast delivery, good price. Can't complain.",1,5
The parts were delivered quickly for a fair price,1,5
Top!!!!!!!!,1,4
top!! top!! top!!,1,5
Very good prices and big variety of brands for parts!!!Satisfied enough….but the shipping with DHL/FEDEX etc in Germany generally is a disaster.The good impression for Motorintegrator is destroyed by the very bad services of the shipping providers in Germany generally.I say this because I faced this several times in online shopping!,1,4
The fastest and correct online order and delivery. Thanks a lot!!!,1,5
Excellent buy. Very professional and fast. I recommend it without a doubt,1,5
All for 5 ⭐... fast delivery. I will definitely order from them again.,1,5
"fast shipping, best price",1,5
Super Super Super,1,5
"Good parts description, low prices and fast delivery.",1,5
Alles Top. Danke,1,5
Ordered from you twice and always been happy. Affordable price level.,1,5
Recomended . Fast transactions and quick delivery.,1,5
Good prices. Fast shipping.,1,5
"Everything OK. Good prices, fast delivery.",1,5
"Shipping 3 days to Croatia, great service and parts.",0,5
The details arrived fast and in perfect conditions from Germany to Italy. All the process was clearly tracked.I recommend this site!,0,5
"great price, fast shipping",1,5
"good seller, very satisfied",1,5
"Conforme à la description et équivalent origine, très bien, merci.",1,5
Absolutely fantastic shop !!! Fast Cheap and original good quality parts. The best there is !!!,1,5
Top!! Alles super geklappt!!!,1,5
I have heard from my friends in Germany that Motointegrator is the best web for shopping spare parts but unfortunately when I try to buy some spare parts I find out that the do not deliver to Cyprus (EU country ).Please think about it again in order to include Cyprus in your shipping list.ThanksChrisLimassolCyprus,0,5
"Super, very fast and very corect..",1,5
"Fast delivery, good quality made in germany parts at competitive price ...100% satisfied",1,5
"Delivery very fast, in only 6 days arrived,. and all perfect condition!",1,5
"Extremely fast and quality Customer Service.They are currently providing answers to all questions asked.The ordered items arrived undamaged in a very short time, in just 6 days from the submitted order.Considering the order traveled 1,053km, that’s a great delivery time.The ordered goods fully correspond to the description in their webshop.Upon order, they immediately sent a document stating all the rights and obligations of the buyer and the manner in which the order can be canceled.Simple and quality communication with customers, fast service, quality products at a better price than those in my homeland.Thank you from the bottom of my heart for the excellent service and I will definitely recommend you further.",1,5
Very good service !,1,5
Good product fast delivery,1,5
Very fast shipping and great store of spare parts. Danke schön !,1,5
"Fast delivery, excellent product!",1,5
"Everything perfect, A+++++",1,5
Excellent price,1,5
"Great prices, good selection and fast delivey!",1,5
A very fair price for a quality product,1,5
"I would definitely recommend Motointegrator for 1st class Original parts for your Car. So far I have purchased twice and returned some parts once, all the things happened so nicely. Parts were really genuine and upto the mark. Delivery was done in a timely and efficient manner with proper packing and return was issues at once. Thumbs up !",1,5
"Everything perfect! Very fast shipping, precise content... Will buy again.",1,5
Fast! Precise!,1,5
Super Super Super,1,5
"The motointegrator.de don't need review, it is well known the best auto spare parts webshop in Europe!I'm very satisfied and very happy shopping form them and always my first option to pick any part i need.I gave motointegrator.de website address to all my friends and family here in the Netherlands to buy anything they need.Excellent service, best prices, highest quality ans super fast shipping 10 /10Keep it up!",1,5
Super Shop alles top gelaufen,1,5
Top seller fast delivery,1,5
"excellent service, good pricing",1,5
I like the profile feature - keeps track of my car.Delivery is very quick.In case they don't have a component it would be nice to source it somewhere else and still provide it to me. I don't like to play a part quessing game on Google.,1,5
Returning customer: Again professional cooperation.,1,5
"Fast shipping, good price.",1,5
"The item was correct and the delivery was fast. Unfortunately the item had been damaged in the shipping. The item should have been packed better, that is why 4 stars. The money was returned as promised.",1,4
Low prices. Fast delivery. Super service.,1,5
Very quick turnaround from Germany to UK . Great service . Will buy again.,1,5
Top Service. Alles in Ordnung!,1,5
I had great help vie chat when asking about my order. Vielen dank!,1,5
Super super !!!,1,5
"Very good service compagnie, good price and service",1,4
"I swear, I have tried many car spare parts companies but Motointegrator is number one. Good prices, quality, fast delivery. Everything is 100%Motointegrator please keep doing well.",1,5
"Fast shipping, very good quality.",1,5
"I didnt recieve whole of my order, package dissapear, i have to order again but they refund missing part, anyway i have to pay double shipping cost and i loose a lot of time",1,3
"good prices and fast delivery, top shop",1,5
"Excellent service, very competitive prices and fast shipping. Highly recommended. *****",1,5
"In this two-item order, the outer box was perfect, but the clutch box was broken, with a lot of clear seal and the clutch kit with signs of being taken out of the box and tampered with. I am thinking of returning it.In dieser zweiteiligen Bestellung war die äußere Box perfekt, aber die Kupplungsbox war kaputt, mit viel klarer Dichtung und dem Kupplungssatz mit Anzeichen dafür, dass sie aus der Box genommen und manipuliert wurde. Ich denke darüber nach, es zurückzugeben.",1,2
The best autoparts shoop that i have found on the web.prices afordable to everyone.Thank you Motointegrator,1,5
Super service - 5 stars!,1,1
"Delivery took longer than usual, probably because of Corona. Unfortunately, something went wrong in the packaging at Motointegrator, but this was rectified instantly. Thank you for that.",1,4
Top. 5 Sterne. *****,1,5
ok ok ok ok ok ok,1,5
"Always good service. Fast response on answers, good delivery times. Nice pricing.",1,5
"Good selection and prices. Not as good as the best when it comes to delivery times to Sweden. The order information still states ""waiting for payment"" although the goods have been paid and delivered.Overall good experience though and will definitely buy again.",1,4
As always.Cheap prices and fast delivery to the Netherlands.,1,5
"Everything is great. Excellent prices, wide variety of parts, little bit worse on the customers service which can say a word other than what it says on the website.There is only one big problem. Why have you stopped sending to Croatia? Is there an answer to this question and I don't accept the ""please ask customer service"" cause they don't tell you nothing... Will you start sending again and when? I'll pay even more for Versand from Deutschland to Croatia, just put it back again.",0,4
I made the order after multiple emails and confirmation of the total cost.I made the payment through Paypal and minutes after my payment i was askedfor MORE money than agreed ...I had to communicate with them through Facebook to get refund .VERY VERY  BAD COMMUNICATION,0,1
"Ordered item never arrived because of delivery company had lost it. Even having official report from the postal company that sender will be indemified the did not care about the refund or resend the part. Luckily I'd paid by paypal and after 2mounts of fighting with this idi@ts, paypal refund the total amuont. There is No customer service at all, they just care about getting the money and let you in trouble alone...",0,1
"They sent the order incomple and won't send the missing item.I paid expensive shipping costs and now have to make another order and pay more shipping.Refund is not acceptable because of shipping costs.The mistake is theirs to resolve, not the costumer fault.",0,1
Good MaschineVery good,0,5
Falsches Modell geliefert Note 6,0,1
war alles gut! Hat alles  passt.,0,5
Very good service!,1,5
"Danke, hat alles gut funktioniert",1,5
Product delivered quickly and as described in the web. Mounted without any problem. Good and cheap product.,1,5
excellent from start to finish. Nice job,1,5
Great work Bench.  Strong and one piece.  Delivery went extremely well.  I recommend this article to anyone well into DIY.,1,5
"Super Shop, hat alles super geklappt .",1,5
Alles Gut alles tip top,1,4
Top! Super schnell.,1,5
"Fast delivery, good communication",1,5
Alles super gut funktioniert die bestellte Lampe funktioniert auch also was will man mehr =),1,5
"I bought a part last year that ended up failing recently. I provided a low review for the part but only as a warning to other people. Autodoc's customer service contacted me, on their own initiative,...See more",0,5
The goods were as discribed and should have arrived on Monday but I picked a delivery point in Luz de Tavira who open when they feal like it but not before 16:00. I did not get the goods until Thursda...See more,1,5
"Quick, easy and efficient. I love the way you are given products only suitable for your car and don’t have to go through hundreds of unsuitable items to choose the spare part you need.",1,5
"Fácil escolha, variedade de excelentes marcas, catálogo de peças imenso e envios rápidos. TOP+",1,5
"Ótimo, plug and play, facil instalação e funciona muito bem, tem uma boa resistencia.",1,5
The goods were delivered in good condition and to my address which I must give credit to the Delivery Driver,1,5
As peças vieram impecáveis e já estou usando elas. Eu recomendo,1,5
"Excellent online store.
Well organized and good prices.
Excellent shipping service.
Thank you.
George",1,5
"Tudo em ordem, chegou no tempo previsto para a entrega.",1,5
Foi fácil fazer a encomenda e recebi as peças atempadamente. Obrigado,1,5
Everything I have ordered from auto doc has been good in quality and has been correct for the vehicle 👌,1,5
Estava tudo certo com os artigos da encomenda,1,5
I am a pleasure to deal with them and their products are always top notch,1,5
O material era o correcto para o carro,1,5
"Good quality product 
Very good service 
Very fast delivery",1,5
Delivery quicker than expected.  Delivery driver was able to find the address easily,1,5
Entrega rápida e peças correctas para o meu veiculo,1,5
I have received a light in on time n price was also cheaper,1,5
Fast delivery and great selection of parts,1,5
"Fast delivery, and good prices",1,5
Always great service and great product range,1,5
Top. Fast shipping and good packaging.,1,5
Amazing prices and fast delivery,1,5
Um tempo de entrega razoavelmente rápido...certamente melhor que anteriormente...,1,5
"Tudo bem, bem acondicionado e entregue em condicoes, obrigado.",1,5
Entrega do material pretendido e de forma rápida,1,5
Order a part and payment was not deducted price from one to another changed,1,1
"Had what I needed at a good price, and arrived quickly",1,5
"Bons preços , emtrega rapida.",1,5
"Excelente prazo de entrega, excelente embalagem e excelente informação de acompanhamento",1,5
Rápido e barato,1,5
Very fast delivery!,1,5
Quick shippment and good service,1,5
Efficient delivery of items ordered.,1,5
"Easy to buy , cheap and get it in home .",1,5
Excellent price and fast delivery.,1,5
Easy ordering and quick delivery,1,5
Wonderful experience and very fast delivery time,1,5
"Good products,good prices",1,5
"Ordered parts from Autodoc was of good quality. Delivery was super fast, which made me very pleased. Order was delivered by GLS who at the end made me dissatisfied. I wish that they could give an est...See more",1,4
"Charged me twice for the item I bought. I had to be the one to contact them in order to solve it.
Then, for some reason, they didn't put the address correctly and I had to deal with the problems tha...See more",1,1
Their parts are well priced and even older vehicles are well catered for. Unfortunately I have huge delivery problems because I can't specify the use of DPD to deliver. My house is up a dirt road in t...See more,0,4
"Autodoc offers articles at a price, but charges you more at the checkout. It is not dynamic pricing, that is branding for fraudulent behaviour.
Then, they email you 5 minutes to tell you that the...See more",0,1
"Ordered a battery for my LC500, eventually only got it after almost two weeks. Should have been few days as was clearly stated on the website. 
The issue is that they use GLS delivery which is tot...See more",0,3
Wrong parts most of the time even if we use their own tools.,1,1
Good morning. Good parts at good price. But for example  I don't know why for my car Vin number have a lots  of different brake discs with different measures and pads and shock absorbers etc.. We ha...See more,1,4
"The courier UPS never deliver to my address,I have had three parcels and they never deliver,I even offered to meet them at the local school",0,1
"I received what I ordered and paid, but when assembling we realized one of the parts was different than the reference of the package (2 shock absorbers, different size!) autodoc error and 0 accountabi...See more",0,1
"Great service as always, although it would be nice to have an option for express delivery. I would pay extra if it gets my car back on the road quicker.",1,4
"9 days later they delivered 3 of 5 boxes.
Chat agents need a lot of training (especially on how to locate orders)
I have emailed and called so far at least 8 times... two agent...See more",1,2
I ordered the fm transmiter it was worst for me the pin was bended and insert as well inside the cigratte socket,1,2
Delevery status is bad with GLS . They dont have any tracking systum or any delevery time[ exa. 9am -12noon) i have to wait for my orders full day. Thanks if can update. Rgds,1,1
"One of the items did not fit my car, despite AutoDoc stating it would (left mirror).",1,3
"Everything good, good prices almost every time",1,5
Chegou no prazo e o entregador foi simpático. Bom serviço.,1,5
"After my last review, I was contacted by Andrew, their Quality Control Manager, who apologized and gave me a €25 voucher. I decided to give them one more chance, and the experience has been even worse.The ""Bait-and-Switch"" is Systemic: Immediately after my new order, I received the same automated call stating ""stock errors"" and demanding I pay more for ""expensive alternatives."" This is not ""dynamic pricing""; it is a recurring trap that ignores the price confirmed at checkout.GLS Delivery Failures: The taillight replacement they finally sent has not been delivered to my house. Like clockwork, GLS made no attempt to call or come to my address and simply dumped the package at a collection point. I am now forced to travel to pick up a part I paid to have delivered.Packaging Negligence: I have had two separate shipments destroyed because undercoating tins burst inside the boxes, ruining the entire order.The €25 voucher is just a way to keep you in a broken loop. If you need parts to get a vehicle back on the road, go elsewhere. Auto-doc.pt offers apologies in emails but continues to fail in the real world.I had got into the habit of ordering online, but was pleasantly surprised to have obtained all the parts I needed - some rare - from my local parts store, in one afternoon!",0,1
O material era o correcto para o carro,1,5
Order a part and payment was not deducted price from one to another changed,1,1
"Autodoc offers articles at a price, but charges you more at the checkout. It is not dynamic pricing, that is branding for fraudulent behaviour.Then, they email you 5 minutes to tell you that the part you ordered is not available, only a more expensive one, and continue to do the same for other parts on your paid order.When I finally cancelled the order, I was already on my third additional payment to replace parts not in stock. Note: They cannot update their site with live-time existing stock, but can immediately send you an email with updated, more expensive, offers of stock available!In the end they refund you the value advertised initially, not what you paid extra.They also keep your money in your (theirs) ""active balance"" rather than returning it.I am still waiting for some of those additional payments to be returned to my bank account. To work with them, and GLS, their couriers, is a task in itself where you're more likely to lose money and time than get on with your repairs.",0,1
I am a pleasure to deal with them and their products are always top notch,1,5
"Give me a reply very carefully, and deal with the replacement.autodoc",1,5
"I received what I ordered and paid, but when assembling we realized one of the parts was different than the reference of the package (2 shock absorbers, different size!) autodoc error and 0 accountability, so I had the cost of disassembling the suspension and assembling without changing the shock absorbers, plus I'm stuck with 1 correct one(hopefully because apparently you can't trust the box reference!) and autodoc response was to send it back at my expense when the mistake was theirs. Terrible support, just hope for the best when ordering....",0,1
Top 🌟🌟🌟🌟🌟💪🏼💪🏼,1,4
"On time, expected quality",1,5
"Bons preços , emtrega rapida.",1,5
I ordered the fm transmiter it was worst for me the pin was bended and insert as well inside the cigratte socket,1,2
"I experienced vibration after installing the drive shaft purchased via AUTODOC Marketplace. The issue was disappointing, as I expected better quality from a new part.However, AUTODOC’s customer service responded promptly, explained the Marketplace situation clearly, and offered a €30 voucher as a goodwill gesture.While the technical issue with the part remains, I appreciate the professional communication and their effort to find a compromise solution.",1,3
"Charged me twice for the item I bought. I had to be the one to contact them in order to solve it.Then, for some reason, they didn't put the address correctly and I had to deal with the problems that arise from contacting GLS - which isn't as easy as it is with other delivery companies - and deal with having to alter the entire day in order to pick up the order from an unknown checkpoint nearby.Overall quite a few problems for something that was supposed to be simple, and no way to easily take care of them. Waiting to see if at least I get the correct item and it isn't broken.",1,1
"Ótimo, plug and play, facil instalação e funciona muito bem, tem uma boa resistencia.",1,5
"Tudo em ordem, chegou no tempo previsto para a entrega.",1,5
"Ordered parts from Autodoc was of good quality. Delivery was super fast, which made me very pleased. Order was delivered by GLS who at the end made me dissatisfied. I wish that they could give an estimated time of delivery so I don’t have to wait for the delivery the whole day. In this case delivery took place at late afternoon. Otherwise everything good 👍",1,4
Fast delivery and great selection of parts,1,5
"Easy to buy , cheap and get it in home .",1,5
Foi fácil fazer a encomenda e recebi as peças atempadamente. Obrigado,1,5
Wonderful experience and very fast delivery time,1,5
"Tudo bem, bem acondicionado e entregue em condicoes, obrigado.",1,5
"Fácil escolha, variedade de excelentes marcas, catálogo de peças imenso e envios rápidos. TOP+",1,5
Wrong parts most of the time even if we use their own tools.,1,1
"Ordered a battery for my LC500, eventually only got it after almost two weeks. Should have been few days as was clearly stated on the website.The issue is that they use GLS delivery which is total rubbish in Portugal. Eventually I had to carry 21kg box by my own from pickup point till home. Pathetic experience.Moreover they ruined my plans as the old car battery was dead and new one arrived 10 days later than expected.Overall very disappointed! Buy from them if only you dont carr about when you get it.",0,3
Delivery quicker than expected.  Delivery driver was able to find the address easily,1,5
"Excelente prazo de entrega, excelente embalagem e excelente informação de acompanhamento",1,5
Easy ordering and quick delivery,1,5
Very good as always,1,5
Estava tudo certo com os artigos da encomenda,1,5
More article available,1,4
Good morning. Good parts at good price. But for example  I don't know why for my car Vin number have a lots  of different brake discs with different measures and pads and shock absorbers etc.. We have to go in the car to confirm the speciations. Should be more precise.And like me there is a lot of people that are not a professional mechanic and we don't have the need for pay a Autodoc specialist.It is a good store,1,4
Rápido e barato,1,5
AUTODOC great for parts. I have been ordering since more than 7 years. But now this getting wrong parts. I don’t know why might be cuz of busy work load.,1,4
I have received a light in on time n price was also cheaper,1,5
Great service,1,5
the quality of products,1,4
Very good service I liked,1,5
Amazing prices and fast delivery,1,5
ok ok 0k ok ok,1,5
The goods were delivered in good condition and to my address which I must give credit to the Delivery Driver,1,5
"Fast delivery, and good prices",1,5
Always great service and great product range,1,5
"Quick, easy and efficient. I love the way you are given products only suitable for your car and don’t have to go through hundreds of unsuitable items to choose the spare part you need.",1,5
Very good and better service,1,5
"Great service as always, although it would be nice to have an option for express delivery. I would pay extra if it gets my car back on the road quicker.",1,4
"Had what I needed at a good price, and arrived quickly",1,5
Rapidez no envio,1,4
Good quality productVery good serviceVery fast delivery,1,5
"The company is good unfortunately the courier they use in Portugal,UPS is useless,they never tried to deliver my parcel,just make excuses,I even sent them GPS coordinates and still they did not attempt delivery,they eventually sent the parcel back to Autodoc who issued a refund,which was good but I needed the part to get the car back on the road",0,3
Nice product,1,5
As peças vieram impecáveis e já estou usando elas. Eu recomendo,1,5
"9 days later they delivered 3 of 5 boxes.Chat agents need a lot of training (especially on how to locate orders)I have emailed and called so far at least 8 times... two agents told me on writing to chase the packages myself!Three agents blamed me for their platform's third party vendor not calling DPD (once again does not deliver)If you reply in private (I will send you their emails, so you decide if you want to risk it)I would give it 3/5 if they were not as untrained, ineffective, inefficient, detached and disdainful with the client that dares point WITH FACTS AND THEIR OWN WORDS that they are responsible to deliver what I paid for, THROUGH THEIR PLATFORM!Now I only buy from them when I can wait weeks for a delivery or when there is no customer in a rush.CHEAPER prices... yes!Service... NONE.The expert check is about 50-60% accurate at most.They would benefit from much better data analysis in order to not tell you that items you have already installed in a car... (in their 'expert' opinion; do not fit)***In response to Auto-doc's reply:I have continued to call you,  yet, you have not told me or explained even one concrete step taken to help.I have called DPD every day for 4 days, and every day they say that the delivery will happen tomorrow.Sadly, no items delivered, no accountability from your third party vendor nor from you, nor from DPD.UPDATE: Parts arrived, broken boxes, items partially outside the bags and boxes,  scratched, sandy.Shipper contacted via email to request pictures (AGAIN) and 'evaluate' replacing.🤣😂(I had already sent pictures to Auto-doc's representative via chat)",1,2
Entrega dentro do tempo previsto.,1,5
Entrega rápida e peças correctas para o meu veiculo,1,5
Delevery status is bad with GLS . They dont have any tracking systum or any delevery time[ exa. 9am -12noon) i have to wait for my orders full day. Thanks if can update. Rgds,1,1
"I bought a part last year that ended up failing recently. I provided a low review for the part but only as a warning to other people. Autodoc's customer service contacted me, on their own initiative, apologising for the failing part and asking  if I wanted a refund or exchange the part. Given I had already disposed of the part I said there was no need for any refund nor exchange, but what I really loved was the proactive action from the customer support. A, sadly, rare genuine concern about the customers. 5 stars service! I definitely will continue shopping with Autodoc and recommend it to my friends.",0,5
Excellent Thank you,1,5
Tudo correto em tempo mais que aceitavel e com bons preços,1,5
"Their parts are well priced and even older vehicles are well catered for. Unfortunately I have huge delivery problems because I can't specify the use of DPD to deliver. My house is up a dirt road in the campo, and my nearest town only has a DPD collection point. And their automated chat thing can't recognise my problem!",0,4
Perfect Assistance,0,5
Um tempo de entrega razoavelmente rápido...certamente melhor que anteriormente...,1,5
Everything I have ordered from auto doc has been good in quality and has been correct for the vehicle 👌,1,5
"One of the items did not fit my car, despite AutoDoc stating it would (left mirror).",1,3
Top. Fast shipping and good packaging.,1,5
Everything as expected,1,5
Competente,1,5
Good evening. This great review should not be ignored. I am very glad that the Avtodoc Company resolved this request within a day. Thank you very much.,0,5
"Como sempre, tudo é perfeito",1,5
Very fast delivery!,1,5
Excellent online store.Well organized and good prices.Excellent shipping service.Thank you.George,1,5
"The final distribution partners (delivery) are not cooperating for the 5 stars at all. Taking almost 48 hours to deliver a 2,5 kg parcel when the warehouse is 10 minutes away from my address (using the speedway/autoestrada) is unacceptable!",1,4
"Works just fine!Unlike the original ones, you have to catch the best position to insert it on every bolt. Easy to remove with the provided tool.",1,5
Very good 👍 all in order.,1,5
"Since we relocated to Portugal, my local friend has advised Autodoc to provide our car-related parts. So, We have been delighted since then.I ordered many times without any doubt.I filled out our car details, and it is working flawlessly.Even if you make any mistake or misunderstanding, customer support and service are brilliant and work promptly and efficiently.Thanks and very best regards,",1,5
"Although the price is a plus (on some items), the shipping time (15 days, up to 25) is not a normal expectation for an intra-Europe purchase. So you can't be in a rush to fix your car.At least but not less important and a more critical issue is on the second address line (defined on the user's profile) - this part of the address is not send to the carrier.. Luckily the delivery man called me asking my door number, but it could get returned back to the warehouse..",1,3
"Mointo bem, very good after service",1,5
"Fast collection of the parts, and quick delivery within few days to the door.",1,5
Fast and good price except for tyres,1,5
optimo servico,1,5
"I have spent hundreds of euros in many orders with AutoDoc,with no issues, but only finding out now that i was probably lucky.  This time, i ordered some parts and two tires. Everything arrived except one tire. I opened two tickets on the site already for this situation to get looked at, as i tryed to contact SEUR which apparently is managed by GLS were in portugal (the delivery van was from GLS but the one tire delivered had a SEUR tracking number) and i was informed they have no idea were the other tire is, and i should contact AutoDoc.  I have no response whatsoever from autodoc after having these refund tickets opened.EDIT: Autodoc swiftly responded thru Trustpilot and quickly solved my issue, so based on that genuine effort i have updated my review. I have expressed my suggestions for costumer service improvement, so as it stands i am happy with their interaction",0,4
"I made an order, received the goods and later took my time to write a review in the article page . The review was sent for ""approval"" and never got published. This behavior raised a transparency concern that leads me to believe that product reviews that are less positive are censored, and not shown to the public.Edit: I was contacted by their services and a few days later my review was finally published.",0,4
I did recently a purchase on the site the photo of the item included 2 pieces but they send just one. I am speaking about an headlight so two exterior headlights. No where in the description there is wrote that it is just one headlight. I ask the support to send me the second headlight like viewed on the photo but they said that is not included and I asked why it is not explicit in the description no answer they just told me that i can i have a discount for a next purchase or that i can send back the only headlight received for a refund. Doing like that i will have to pay for a transport to send it back and i will just receive the money that i spent with them so at the end of the story who will have lost money will be me.Terrible support.,0,1
Very happy with the purchase,1,5
"Autodoc supplied an incompatible rear light cluster for my car.Following their help desk intervention, the part was fully refunded immediately.Very impressed with the speedy & helpful help desk.Recommend!",0,5
HelloHow are you this app is very good product sale.,1,5
"""They sent the wrong parts and they know it, but because the 14 days have passed, it's not their problem anymore.Really bad service. Not buying anymore for sure. I prefer to pay more in a place where they care for customers.""PS: After this review I was contacted by email (trust@auto-doc), and after a few emails they will send me half of the money of the kit I bought with wrong parts inside. (Original review between ""..."")Thanks.",0,2
"Very professional, the prices are good",1,5
"The parts are good,but I am feeling that even after paying the transportation fee also,the parts are reaching after 7 or 8 days.But if you purchase it al the way from china it reaches in 5 or 6 days and also almost no delivery charges.I suggest to make it little faster if possible,as it is just transporting inside europe only.Thank you.",1,4
looks good have not tryed yet,1,4
I ordered filters its fits exactly one i wanted,1,5
"Ordered part for vehicle. Site said it was suitable for vehicle. Part wrong size for vehicle. Contacted Autodoc and they said return it but at my cost. The cost of return would have been more than item, convenient for them to avoid any returns, shipping had been charged already to be supplied incorrect part. Wouldn't recommend this company as they make a mistake and you bear the cost.  Follow up from Autodoc to my complaint was to supply the correct part at no further cost but they say you have to supply original part number or vin number to confirm correct part selection. Seems that there system doesn't link vin to registration number which seems strange! As for supplying OEM numbers are not practical to do on some items as this means the vehicle would be unusable while waiting for parts, not really a reasonable thing to do for most people. I eventually received the correct part at no extra cost after customer care got involved. The customer care were very good and keen to keep me happy. I received a voucher as a good will gesture also. I still think they need to rethink their policy on   wrong parts supplied as they are the experts and when it says it fits your vehicle then it  doesn't, it should not cost you anything to return and to charge an extra premium on shipping terms to avoid this isn't acceptable. I have changed my rating to ok but will be careful of ordering anything that I need urgently. Again I was treated well by customer care.",0,3
As peças estavam certas e chegaram a tempo.,1,5
"All fantastic! Suggestion to improve the shipping, takes a few days to receive the items",1,4
Excellent service,1,5
The delivery driver didn't even make an attempt at delivery. He just left it at a random pick up point. First i was notified an attemptwd delivery had been made which it hadnt and then another saying it was left in a random stationary store 20 min away from my house,1,2
All the parts arrived in good condition,1,5
dentro do esperado.,1,3
"I've ordered windshields and the website was saying that they fit my car. I've paid 9! euro for the delivery and waited for 1 week will they will be delivered from Germany to Portugal. When I've received them - it turned out that they are not compatible with my car..at all!I wanted to return them - but then it turned out that I need to pay for the delivery. I've tried to reach customer support - they said that I've chosen the wrong delivery option and I sware there were no options to select delivery back. Even if you'll read their policies of delivery there is not a single word about that they cover the costs of delivery! This is terrible service that is just taking money from the customers, selling them smth not fitting their cars. be careful! they will simply take your money!Never will use this terrible service again!",0,1
Entreta rspida,1,5
"Fair prices, seems like original items and fast delivery (to Portugal)",0,5
The only thing to improve is the description/ tech specification and a chat online but is a good experience afterall.,1,5
Highly recommend AutoDoc! Easy and seamless shopping experience and they know what customer service is. I will definitely use them again.,0,5
"Second time ordering with Auto-Doc... No responsibilityIn short they sell sell sell and then when you have a problem or the replacement part comes and breaks clips on your vehicle.... Oh sorry it's not the right part we don't sell the right part for your vehicle!Hang about! I searched by registration and your search was adamant it was the right part and offered me a selection of parts. however... get the part and then hit problems whereby it breaks your vehicle clips needing to now replace two parts on my van and....Of course in true Auto-Doc style! Not our responsibility and here's your money back.... what about the part it's broken on my van?Again not your responsibility.... Of CourseNever again will I be ordering from this place.... both times problems and both times.... denied anything to do with them....Still got a sale though and keeping your investors happy not the clients.Good riddance AUTO-D**Khe*ds!REPLY TO YOUR NONSENSE BELOWYou didn’t at all tell me this… your website asks for a registration and then sells parts to you based on your vehicle… great! seems like a great way to order parts!Just like when I purchased parts for my Renault megane iii and had problems then too. But I gave you a second chanceAs soon as there’s an issue, can we have your VIN and here it comes… oh sorry this… sorry that! The website is wrong and we don’t sell that part… it’s not our fault, we don’t stock the part, you need the original and it’s the same defending lines as the first time around when I had problems I even pre-empted the response on the web chat but keep lying to make your business model look genuine when it’s completely disgusting to treat people like piggy banks to extort.You respond here with more lies… keep the money, shove your refund and find a way to stop lying about how to choose to do business… completely and honestly distrustfully disgusting. You’ll never get another penny from me and anyone I know…All you have to do people who are reading  this is go on YouTube and watch the number of people who have ordered and have issues with cheap parts breaking within the first screw lug falling off or parts not fitting to know this happens to everyoneWish I would have found this lot on YouTube first and never orders from these againAnyway… like I said keep your investors happy by robbing peoples hard earned money then using the same after sale defending lines to accept no responsibility and then offer peanuts when it’s cost people hundreds to repair the additional damage from your totally incorrect parts sold by vehicle registrationFor you information I could have for Renault directly and purchased the part cheaper than having the second part repaired on my van you cheap tacky part snappedThe clips off of and saved money no I’ve undergone the cost of betting both parts repairedDisgusting, predatory dishonest business 100%",0,1
Very good price and compatible parts,1,5
Okay. Tudo conforme descrito e suficientemente rápido. A repetir.,1,5
Quick shipping and easy to confirm if parts are suitable for the vehicle!,1,5
"Received only half of the product I wanted to buy because of unclear description by the item.However, today I received a notification that they will not charge me for shipping costs for my next purchase👍",1,4
"I placed an order for a headlight for my Mercedes on May 26th, paid for it and never received the material. I have made several complaints but so far they have not refunded me. The carrier's tracking says they are still waiting to receive the material from the warehouse. Autodoc says he's waiting for a response from the warehouse. It's too bad. They should reimburse me and then solve the problem internally.",0,1
"I ordered tailgate support for my Volvo V70 1998, but they where 0.5cm too long, also measured with the originals on the car. The advertising say they are 27cm, but they are 27.5cm long, from center of the hole, to center of the other hole. I purchased a new set from another brand, paid for it and send the first set back, still waiting for my refund now. The new set arrived and they where also wrong length, 27.5cm, even if it is set to be 27.0 cm. These supporters are impossible to push together, even with full body weight (100kg) So I gave up and cut it in both ends, to get the correct measure and they now fit perfectly on my car. I like your service and the product might also be good, but the sizes on this part is very wrong.",1,4
"On my last order, there was a specific care in selecting a water pump of better quality with a metal impeller and better seals. It was order a water pump from Meyle part number 1132200021HD  instead Autodoc decided to send instead a much lower qualitity pump Doltz A224, with plastic impeller and all lower components and giving me back some 7 euros for diference. Bad from Autodoc from sending lower and cheaper parts than the ones the clients ordered and paid for without informing the customer.I have been ordering from Autodoc from a long time. Sometimes Autodoc would change a part by selecting the next imediatly above priced compatible part, but now seems that they prefer to send some their ""prefered"" brands lower quality and return whatever difference value they find ok to do it..... edited from the original review and problem was solved... because autodoc help, customer service was very efficient and fast to solve and compensate for the trouble and promise to be more careful in the future contacting the client first in these situations.The diference in a good and trusty bussiness is not about having or not having problems.. it is all about how fast and well the problems are solved. So I am happy and will continue to buy from Autodoc",0,5
"Poor dispatch times and customer support for this order.I have ordered with Autodoc many times before and in 3 different countries, the parts and packaging are very good and generally the order comes within 2 weeks. However on this order I have been very disappointed. The order was taken on the 29th of April and I checked all the parts were in stock before the order was made. Payment was taken out of my bank on Wednesday the 1st of May but it took until the evening of the 7th of May for the parts to be dispatched. I contacted Autodoc customer support today the 13th of May as I was concerned that the last entry on the Tracking from the courier was made at 7pm on the 7th of May. I asked the customer support agent if they could contact GLS on my behalf to confirm that they actually had the parcel, as when I contacted GLS this morning I was told that only the ticket had been produced and they did not have the parcel. All the customer support agent did was copy the link to the parcel tracking that said it was in Germany to me and said I would have to wait till tomorrow or Wednesday for the parcel tracking to be updated. I am now left to wait, hoping that the Parcel is going to come but not knowing whether GLS actually have it or not. When I contacted customer support I at least expected them to contact the delivery company to confirm that my Parcel was on route and not lost.EditThe Parcel arrived Today the 14th of May. It was as usual well Packaged, I just wish that when I contacted the customer service they could have checked the tracking for me so that I knew that the parcel wasn't lost in transit rather than just telling me to wait and see!",0,4
"miserable delivery times. The logistics system is weak, bad for a company that sells online. Online sales are supposed to be quick, 7 or 8 days of delivery, within the European area (without customs) is too much. Those who buy parts are because they need them, it is not acceptable to wait two weeks for a clutch. The company invests more in logistics and less in advertising, a company that works well, and with happy customers has the best advertising",0,1
boa vale a pena,1,4
very good customer service quick to resolve issues,0,4
Very good ..,1,5
"This company is operating the following scheme: Upon entering all your vehicle details including VIN number, they show you a list of parts for ""YOUR"" exact vehicle. You buy the part you need and when it arrives it might or might not fit. Mine didn´t. They accepted returning it (it was even unopened) and then refused to refund the whole amount. KEEP AWAY!",0,1
All good correct parts all fitted and working well,1,5
Part arrived in great time! Thank you.,1,5
"Package was never delivered, money wasn't returned (83.24€) and they don't reply my emails",0,1
"Good site, good service, good prices.",0,4
"For the second time I have used this website it WILL be my last. Firstly the items show up as in stock but shipping wasn't made until 8 days later. Over three weeks later and I'm still waiting. Secondly the items I ordered were a recognised quality brand Magneti Marelli but after paying for the items I got an email with an alternate unknown brand called ""spark"". THIS IS NOT WHAT I PAID FOR! No quality, no stock, no prompt delivery, no reliability, no honesty, if you need to fix your car please go anywhere else, this is a complete waste of time.UPDATE: Parts now received.I have been emailed by AUTODOC twice now, offering an apology and the possibility to return my items in exchange for the original items I had ordered at their cost. They claim that this will take more time however to source the parts, again I say that on their website it shows as ""in stock"", it clearly is not. I was told that the parts were swapped for ""STARK"" parts because it would be quicker for me, adding that they would not do this to me in any future purchases. Having read several forums on this, it seems this is common practice with AUTODOC and they will exchange parts without notice. If it were a cheap like for like part then I would accept it no questions. This is not a sustainable business model, I hope AUTODOC will take this as constructive criticism and develop a form of integrity so as to respect and honour their customers choices and reasonable expectations. I am grateful that they offered to exchange the parts at their expense, however I cannot go any longer without my car.",0,2
"very attentive with my order, I made a mistake with the address details, and I was always monitoring and solving everything so that it arrived and was not returned",0,5
"Hi allI don't quite understand the situation with this company. Placed an order 5 days ago and was given a tracking number. But when checking the number, nothing. Shipment not sent. Already wrote to support, no response.I already thought that I was deceived and I got scammed.I found reviews here and realized that here people are waiting for weeks.I think this is not a very useful situation for the company, that the people who made the order think that they were deceived.I'll update as soon as the situation is resolved.UPDATEPart has been received. There were problems with tracking.",0,4
"Horrible customer service, first they make you wait on chat for 45 min and then the agents run away without solving the issue and then you wait again ...also they use DPD a horrible horrible delivery company which is always lying",0,2
The best shopping and delivery,1,5
Bought a thing for my car in 22/12 and already have the tracker number what is useless i call to the transporter and they said the package isnt in Portugal... I contact the support of auto doc and seems i was talking with a crazy person who didn't confirm or denied if the package is or isnt in portugal... Like... i advice u to change or improve your support chat  cause its was a really bad experience of cliente support.... That an the guy was like rushing the conversation when all i want to understand was if  the package is in Portugal or not,0,3
"If an order takes nearly 14 days, for an urgent mechanical issue it simply isn't fast enough. At least there should be an option for faster delivery. I couldn't track the package until it was in Portugal (what's the point in tracking in which case?) which doesn't make sense. I probably wouldn't order again for anything considered urgent.",0,3
Good and efficient. I have used this company a few times now and have always had a positive experience. And thankfully they do not use CTT Express which means I don't usually have a problem with delivery.,0,5
"I bought a mirror for a Porsche Cayenne 958 2011 model reference number 76133363 and paid 28,41€.The mirror came in a box that said touareg/cayenne and it's not the mirror i bought for my car!The part facing the road is completely round and the OEM is pointy. The mirror isn't even the same size.When i bought the site clearly said ""THE ITEM is compatible""Now for a refund i need to send the item back to germany and every postal company are asking over 30€ to deliver it. More than the mirror itself. As they say in their return document : the transport needs to be paid by the costumer and is non refundable.Always bought things from them and this is an awful way to treat their costumers. The error was clearly their fault.",0,1
"The part i order was for a right side drive car  , came from Poland it took arownd 1 week to be delivered but was what i needed..i didnt gave 5 stars coz the updates on the delivery wasnt acurated..",1,4
"Paid for a compatibility check … which they failed to do, but insist on charging for the service that they failed to complete - save yourself time and money and don’t bother - other than the extremely slow despatch time, poor service and overall lack of customer service, possibly they are too big for their own good ,",0,1
"Upd.  10/18/2022Changed rating +1 star. Special thanks to Alex, who supported me from the German office (at his request, I am writing an update). Details belowOn the 3rd week, I unexpectedly received a letter from autodoc support that my order was delayed and I was given a coupon for 3 euros. The most interesting thing (I don't remember for sure ) is that this letter arrived just on the day when the goods were delivered to me.Despite this, I started a correspondence with support. The summary of the correspondence: thanks for the coupon, but I'm not going to order from you anymore, because your service is s h i t. At some point, an employee of the quality department from Germany joined in, who tried to smooth the situation.Through a series of correspondence with Alex (support from German), the value of the coupon was increased from 3 euros to 20 euros and with Alex's personal assistance in the following purchases. He also explained the reason for the delay. I, in turn, explained that I, as a client, I'm not interested in their problems. We agreed that the company will work on its mistakes.IMHO:- regarding the autodoc: let's see if I do order something. I will look at other competitors- my personal: no matter what country you are in, but if you don’t stand up for your rights and demand the best quality that you pay for, you will use s h i t t y service all the time we all should work on our improvementsOriginal commentPlaced an order and paid for it on Monday (September 05) after 14:00. Today (September 13) the status is ""Order is awaiting receipt by the carrier"". That is, 1 working week has passed from the moment of the order to the moment of its transfer to the postal service. I am silent about how long the delivery itself will take place.In fact, starting from the 3rd day, my order changed its status every day (it’s a pity that the client has no way to track this in the system). There was nothing unique in the order, at the time of ordering and payment all the goods were in stock, no one contacted me to say that there were difficulties and the formation of the order would take a whole week.At the same time, the website indicates that the order will be sent within 24-48 hours.Honestly, I do not understand how this is possible today for a large integrator when we all strive to speed up the delivery of goods/services to customers.  And I understand that I don’t have much choice but to go to some local store and buy what I need.I recently moved to Portugal, but in this service, I went back 10-15 years in the past. Perhaps this is normal for Portugal, but the company needs to improve this service",0,3
My data was stolen on first purchase. The amount of soam email I’ve been getting posing as car part deliveries is off the charts. How am I expected to trust your platform ever again?,1,1
Demorou mas confirmaram a compatibilidade antes de liberar a encomenda,1,5
Last time you send me wrong brake pads.This time you send me wrong filtres.thus I lost near 25 eurosnext time i will think twice before buying in your store,1,3
Excellent service but the courier service let you down.The tracking facility was totally useless.,1,4
Very slow despatch. Took nearly a week after ordering to ship the item and then another week to arrive. Victim of their success.,0,3
"boa compra, como descrito",1,5
"My honest opinion, you AUTODOC are getting TOO big, so I sugest that you find strategic spots wich help you to do fast deliveries! Because for me as a Mechanic waiting a week to do my job is like waiting a week to EAT. Since I buy with 23% ivathats what I think and that just my humble opinion.",1,3
Everything was ok. Thanks a lot.,1,4
"Very disapointed with delivery service.Auto-doc uses celeritas delivery service wich in my case went very bad twice.A little background: in my city there are 2 streets with same name, but that should not be a problem because both have diferent zip codes.First time and first delivery attempt failed because courier went to wrong zip code same street name, wich i told him when he called me asking for address, i explained that's wrong address because i always put right zip code on my address, he told will not be able to deliver today on right address because had no time(wich is 15 minutes apart), then i had to reach him 20 minutes distance(i was not at home) in the middle of the city, i noticed right zip code was on the package.Second time i'm still waiting package to be delivered, it's with courier since 6th July(wednesday) wich was not delivered that day, i suspect because zip issue again and i received a call from courier on 8th July(friday) saying can't find my house number, i told him he was on wrong address(wrong zip code) and i am waiting for that package 2 days ago, he assured me it will be delived that day, wich was not and i'm still waiting for it in a loss because costumer don't want the part anymore.I hope Auto-doc stop using celeritas and delivery services that don't care and lie to costumers.",0,1
The part required fitted perfectly even if it wasn t exactly the same. I think it s a universal part for those type of renault.,1,5
"Great quality. Fast delivery, stunning prices. Thank you!",1,5
Transportadora impossivel de localizar e n cumpre com os prazos,1,1
Al went very well easy and fastThanks,1,5
Ok. Atendeu as espectativas .,1,5
"Very fast delivery, item was well packaged, very happy with the item.Thank you",1,5
Good service but I hate the lottery system of discounts.,1,4
"Update: Blah blah blah our quality manager will contact. Still same --> AVOID THIS COMPANYSCAM. Ordered parts few days ago, selected from good brands from ""stock"". Today got my package with 1 shock absorber instead of 2 and with brand Stark (auto-doc own brand for cheap parts) and rest of parts where same Stark instead of Knecht, MANN and others. BUT surprise - prices was same!! Auto-doc used to be ok before but don't buy here now. just wasting of time and money.",1,1
"Como descrito, 5*",1,5
A subcapa do retrovisor devia ser branca e não cinza como a que por lapso enviaram.Peço desculpa e retiro o que disse.Vou mandar pintar a subcapa de branco polar.,1,1
Great service with no hassle. Will definetly be using Autodoc again.,1,5
"Very friendly communication, excellent product  !",1,4
"Good price / value, quick sending, good dialog. All ok. Thanks!!",1,5
First I tried to buy a towbar. But to my disappointment you do not deliver in Portugal! I don't know why.Than I ordered and paid for the electric kit for this towbar. So i paid and until now i never received nor did I get my money back.,1,1
"material barato, e sempre disponivel. top",1,5
Easy to use. Great prices.,1,5
"order was made on 28 january 2022, still waiting for the package, very high shipping costs and very long shipping time...very disapointed.",1,1
"I've made 3 orders with Auto DOC. Two of them were smooth and delivered within the deadline. One took more than 12 days to arrive, no information was provided regarding where it was, only after 4 or 5 attempts and several complaints, the situation was resolved and it was due to one operator that actually gave attention to the situation, otherwise I would still be waiting. So, you have to improve on your delivery times and o the information provided to the customer, as it is the customer that allows you to continue to work.",1,3
"Fast shipping, good material and good price.",1,5
Demasiado tempo para chegarem as encomendas.,1,3
I have absolutely no complaints about this firm. For years I have ordered parts for my car and always correct parts for registered car and prompt delivery. Keep it up guys.👍,1,5
They had all the parts I needed to fix my car and the parts came very quick..I will definitely use their company again when I need parts.,1,5
"fast shipping.
genuine products.
Fairest pricing.",1,5
Package well packaged and sent quickly,1,5
On-time delivery,1,4
I have absolutely no complaints about this firm. For years I have ordered parts for my car and always correct parts for registered car and prompt delivery. Keep it up guys.👍,1,5
Package well packaged and sent quickly,1,5
They don't send goods to Croatia.This is second review after they have deleted previous review which is fully authentic.,0,1
Ok 👍😉😉😉😉😉😉😉😉,1,5
All of yours services are exelent!!!,1,5
"Gut. Super,,,",1,4
They had all the parts I needed to fix my car and the parts came very quick..I will definitely use their company again when I need parts.,1,5
Gut.  ¡!!!!!!!!!!!!!       !!!,1,5
It was fast and reliable!Recommended!,1,5
fast shipping.genuine products.Fairest pricing.,1,5
Everything is OK,1,5
Super danke cool,1,5
"All good, gladly again.",1,5
Super*********,1,5
"Easy to use car spares service at a reasonable price. Everything you need to maintain your own vehicle, including special tools to do the jobs. Highly recommended.",1,5
"Delivery was perfect, and product was super!! Awesomeness",1,5
Alles Super teile alle Supper,1,5
"Wrong parts has been delivered. Solved the problem, friendly service.",0,5
"Order number: 38061186Date: 21th October 2020worst experience ever. Ordered stuff and the wrong brands were delivered, I asked if this is correct and they said yes, sending us the cheaper brands instead of what we paid can happen... I tried to get a refund on my order but they made me waste 5(!) months, then I used PayPal buyer protection and they also denied my refund.Worst. Company. In. The. World. Please just order somewhere else like kfzteile24...",0,1
"I stay in Cyprus and for many years I buy parts from the German site(I have got an address there)and I am very pleased with service quality and prices ,but my only complain is when once I email you and wrote in English I never got an answer back.When I applied for the same think in the Greek site(I wrote in Greek) immetiatly there was response and help .I want to mention this because I was expecting help not as a customer but as princible of your company.Regards Demetris Mavrommatis",1,5
"Well, just to close this farce: PKW-Teile have tried in every way to flag my review as false, But - as you can see - it's verified by Trustpilot, after they saw the relevant papers.Since then I haven't heard from PKW-Teile regarding the case, not a single word. All they've done is spam me with their newsletter, I tried to sign off multiple times, but they want to annoy me. Fine, I just blocked them.And that's the end of it. They don't care, I'm just one customer out of God knows how many. I lost 10 Euro, it's not the end of the world, I'l just place my orders elsewhere in the future. But I'm glad it wasn't 100 Euro, because:As I wrote initially, they have the goods and they're  cheap, but if ANYTHING is wrong, you're on your own.End of story.",0,1
"Top, alles war gut!",1,5
they've been the best site to buy parts for my car for the recent 4 years. however the last 2 orders were very weird! the orders took 4 days until they dispatched then and then 3-4 days until they arrive! and when I call them to check the status the lady on the phone was completely un-respectful so she just say (in a crazy way ) wait until you receive email and she close the line before I even complete my sentence. this is a shame on you.,0,1
I ordered a clutch for my Amarok for €546.75 because I thought I'm getting a good deal which was limited by ordering within the next two hours. The next day I checked the price again to see how good a deal I got just to find that the price went down by €28.25.  I wrote to them and the reply was that there is nothing they can do because the item was already shipped. One day later I checked again and the price went down another €10 just to go back up to what I paid the day after. Sorry that you have to resort to such tricks to get customers. Sure won't order anything from you again.,0,1
"Ordered some parts 20.06.20 got them 01-07-20. In all the time i have bought from them it has never taken this long, and no warning was given when i ordered that long delivery times were to be expected. Called the week after and was told i would have it Saturday 27-06-20, that was the day they sent it. Now i need to send some parts back that i had to buy locally because of this long delivery times. That is at my expense ???????? So they are late shipping and i have to pay for the return, 10 year customer gone.Just wanted to make sure that someone higher up in their system and other people knows how they treat customers.On top the info mail for both PKW and Autodoc does not work, so no way to contact them, so therefore they get their feedback here.",0,1
Ales ok..Ales ok,1,4
Ordered a complete Metelli waterpump in Europe for audi B8 and received exactly that.Problem is that manufacturer did not include the associated o-rings. Maybe the seller should have???Thanks for sending the item to Zypern.,0,5
"Very bad customer service, I tried cancelling an order 10 mins after ordering it, sent 2 emails asking for cancel and refund to them and no response, tried to call their phone number multiple times but it leaves you on hold for 20 mins and then hangs up...Now 24 hour after my cancellation email request, I get email that they shipped the product... I can't return it now because I will have to pay custom import duties and admin fees.. I do not recommend them at all",0,1
"First of all, stop getting surprised when you read through the feedback here. They are not paid and not meant to please you.This seller sells cheap quality products or returned items. If you love your car then stay away from this seller. They would want you to return their cheap products at your own cost.Update!!The seller reached out asking for the order info which was provided and then went quiet again. Finally had to reach out to them through Paypal and still nothing. I have shared with them images of the parts along with the OEM that I compared before buying the item which still did not fit.",0,1
What a shame pkwteile.de... Package was misrouted BY DHL. DHL send the package back to pkwteile.de.. I have a confirmation email from DHL... Received an email from pkwteile.de and they ask me to help them find the parts... How can i help when i live in malta and the package was lost in german... Do i look like Sherlock Holmes......,0,1
This is the second time package was not delivered to me... Shame on you order number 25862069.... Not recommend pkwteile.de.......Add.. According to DHL delivery was successful and they are right... But did they tell you that the package was delivered to germany instead of malta... Here you have the tracking number CJ994116680DEI live in malta....Add... Hello.. Wake up where is my order..New Order no. 26196583...Still waiting my oder for the third time... Third attempt for the same package......Add... Good morning...If you are unable to send my order today please start refund process... I cant wait anymore.... You got the package back from DHL on the 3 Dicember. So i dont know what took you so long to resend my order again.. If this is not a shame... What is a shame for you....i  am going to escalate with paypal...Add... Good morning.Can i have the WAYBILL copy for CJ994161635DE please..Add... Package dispatched on the 12.12.19.But is taking to long to arrive to malta...Add... What a shame this is the third time that the package not arrived.. Be careful..ADD.. Be careful when you going to buy parts from pkwteile.de. Or from AutoDoc.. Is a scam site. They dispatch your item withb the wrong address so they looks like they sand the item but they take the item back because of the wrong address.. What a nice try you scammers...,0,1
What a scam site.... Ordered a parts for my car... Paying via PayPal supposed 2 days delivery parts was in stock... Then after 3 days received tracking number what a joke..Then my parts was shipped from germany destination malta.... But my parts never reached malta because the delivery was delivered in the wrong address in germany... Try to contact the company with no luck.. Then they send me an email in German language asked to have an email in English.. But no luck..Better pay €50 more then i buy from you again... Shame...Order number 25525008...ADD... Can i have a confirmation by email pls... Regarding the refund...ADD. FIRST OF ALL I WANT TO APOLOGIZE TO PKWTEILE.DE FOR THE NEGATIVE FEEDBACK... The package was sent with the right address but some how was misrouted by DHL COURIER..Refund paid within 2 days....,0,5
Super Service. Super Price.,1,5
"I am very dissapointed, no delivery so far for 3 weeks, no reply on my emails, my car is still not fixed because i was hoping to receive the parts i pay for, very bad experience!Bestellnummer 24136686Bestellnummer 24637099Think twice befire you order!",0,1
"Its the 4th day after placing an order, but still no information about the delivery. I have contacted them through the website and email but no response.Prices are nice but due to delivery issues I am not sure I will buy from here in the future.",0,1
Wide selection of affordable quality stock.,1,5
Top! Alles super geklappt,1,5
Nice price for quality products. 👍,1,5
"I have ordered parts two days ago ,still not sended to me.No answer on email .Very bad service.All products were in the store,afzer two working days it is easy to send them.I will contact my lawyer.",0,1
"I am very happy with your service, fast delivery with reasonable price .",1,5
20 years of internet shopping and I now have my worst online experience . Purchased brakes and rotors almost 3 months ago. have sent 10+ emails and each email takes aprox 4-6 business days to get a response. No such luck getting a refund yet. DHL says package never even sent. this company cant even give a reason why it never left Germany. AVOID this company. totally unprofessional and unhelpful. Tim. New Zealand.,0,1
"Super prices and everything until the moment you're charged 30€ for a small package to be delivered by DHL, which usually should be delivered the next day or the day after. That didn't happened, it arrived almost 1 week after. And the most ridiculous is that I still had to pay 13€ to DHL for no explicit reasons but it was either that or end up with no package and having to wait X days to get a refund (probably not a full one).For me, it was the first and last order I'll make here.",0,2
"Really slow delivery.""Fast delivery"" has been a week from order to delivery from stock.But now after over two weeks parts are still in stock but not delivered. And customer ""service"" seems to be a robot because answer is same every time.Order is 632,44 EUR so I can't wait money refund and order from somewhere else. F..k",0,1
Super danke Mfg michael,1,5
This is a very nice app and very easy to use.I have always received my items in time and perfect.,1,5
"super toll, alles war super",1,5
Alles in Ordnung! Tip Top,1,5
"WARNING!! this is the same company as autodoc, buycarparts, onlinecarparts.... the list goes on and on! they are all sourced from the same warehouse and are trying to flood google search engine with their products ALL IMPORTED FROM GERMANY. the problem is, they refuse to refund you. i have waited over 2 weeks and my return has still not arrived at their warehouse. they have basically stolen my money, BEWARE THEY ARE THIEVES!!Reply to Pkwteile:Abandoned?? You guys are thieves!!! You have lost my return and now you wont refund me... THIEVES!!!",0,1
Cheap parts and fast shipping. Keep up the good work!,1,5
I order all my car parts at pkwteile. Save me 50 % at the garage.,1,5
"Nothing Works, after more than a week with mail contact and No answer, contact on FB/Messenger I still havn't got an answer how to act/solve the problem with a 1 year old defect sparepart, with the resultat that I now have had to buy from another company 😠",0,1
"I live in England and need parts for old Vauxhall (Opel) and Hyundai cars that I own.Their prices are usually very good, compared to UK prices.They often list several manufacturers for each part. Sometimes it is important to do your own research, using the car maker's original Part Number, to ensure you chose the correct item.Delivery to me in Birmingham UK is almost always 5 to 7 days.",0,4
"Also know as auto-onderdelen24.nl. Parts are good and fast delivered. But, when you want to send something back. It is impossible, they don't communicate. You can call them, but they don't answer... If you wan't a refund, you can't.... This is totally illegal, but they don't care...",0,1
"What is a shoping?The shop is where some manufacturer, retailer, salesman has some product and puts it on the market, so an interested buyer needs the product that needs it for their needs.The buyer tells the seller that this product will be purchased, agreed on the price, reached an agreement, the buyer would pay the goods, take over the goods, all happy and satisfied.But not with pkwteile.de company.14,05,2018. Monday morning, I log in to your site at best, I place the order for the offered items that you have offered on the site, with a note that they are available immediately, that is, from the warehouse.I pay, not with credit card, rather than choosing a payment immediately, Sofortüberweisung, believing in honest salesmen intention, pkwteile.deFrom the site PKWteile.deSofortüberweisung:Sofortüberweisung ist das Direct-Überweisungsverfahren der Payment Network AG. What's Sofortüberweisung stellen Sie noch während Ihrer Bestellung bequem eine Überweisung über den jeweiligen Betrag in Ihr Online-Banking-Konto ein. Wir erhalten nach der Abschluss der Sofortüberweisung eine Echtzeitbestätigung. So the Lagerware sofort versenden werden - Sie erhalten dann Ihre Bestellung schneller.The first mistake, I did not check the reliability and references of the seller.With experience in German, I expect delivery next week, actually there was always less, but I gave a seven-day deadline, closing the site convinced that everything would go well.On the same day, in the afternoon, I receive a mail notification, not from a seller, but from a billing company that with they work. I go to the bank account and really, The billing company took the amount in €, how much the order price was ordered, plus the delivery costs, which is implied.Okay, that is, with the experience of buying, of course not on that page, but with some others, I conclude that the order is in preparation and that parts will arrive in a reasonable time.At the end of the week, five days have passed, I go to the pkw teile internet store page to see what's going on with my paid order.I sign up to the page, and I see the order still standing in my account, as if it was not paid, and waiting for some confirmation. It's Saturday 19.05.2018. I think it's a weekend, okay to look after the holidays.22.05.2018 I open the page again, no changes in my account and my € are already in the company's account. I do not really care about the terms of payment, I just want my ordered parts. I go a bit to research the General Terms and Conditions on pkwteile.de site, and find a sentence that says:After receiving your order we will automatically send you an email containing the following information on your order:- description of items, amount, price (I have not received)- delivery costs that may arise (I have not received)- these terms and conditions, information on your rights and conditions to cancel the order (I have not received)- the chosen method of payment and delivery (I have not received)A contract will not be concluded until we send you an email confirming the order or informing you that your goodshave been dispatched. ( i am still waiting, 28,05,2018,)In case we refuse your order we will inform you immediately via email.After that, I investigate which e mail  I would be able to regret to not deliver my order and find it at infopkwteile.de.At this address I send a brief note of the title: ""Wo sind meine ersatzteile?"" expecting some feedback in a reasonable time.Disappointed for everything I've read, I come to the conclusion that I have lost my paid and paid order, and thus the money I earned is out of the pkw teile.de site.Everything I planned, I could not accomplish, and i planed 20 days in advance.However, this business will not just leave forgiveness, it just begins.Today, 28,05,2018, on my pkwteile.de account, nothing happened, for them everything is cool.-----------------------------------------------------------------------------------------------29,05,2018,Thank You for the fast response,Where does this answer say that you do not have any products at the warehouse and offer other products that are more expensive than those you've presented on your page as available? Trustpilot does not allow printscreen publishing, so I just copy the introduction from your email:❗️Nur heute gibt es Schnäppchenpreise auf die Produkte in Ihrem Einkaufswagen!Sie grübeln immer noch?Es ist an der Zeit, den Kaufabzuschließen und Ihr Autovor schweren Schäden zuschützen!zurück zum einkaufswagenI can not conclude from the mail I received that you have no spare parts available but can only be concluded if, when all together, some other parts are offered and more expensive for about 20%.It is a customer deception in every normal business.The buyer orders the goods on your page for one price, the buyer orders the goods, pays in advance, is expecting the delivery, and you then inform it after 7 days, even though the money is already in your account that you do not have ordered parts, and if the buyer wants to get other parts , but at a higher price.Sorry, that's not business, and so does not work.30,05,2018,Tomorrow is a holiday, of course I do not expect any response, normally.I sent mail to you. I am very interested in further development of the event. If I got parts in time, I'd be on my way home.",0,1
"Just a long delivery for Belgium, the pads and accessories were 👍",1,4
GooooooodDanke,1,5
tiptop. alles gut,1,5
Good delivery time and fast feedback!,1,5
"Alles gut, fast delivery. Thank`s",1,5
"Slow delivery,WRONG part....Customer service washes his hands : "" Sorry ,too late"".So hard to identify an air filter for them for example...and it still there on the website.WHAT ??????...So the cheap part become very expensive.NOT RECOMMENDED AT ALL.Ps.They reply just shows their unprofessionalism: Have no idea what was wrong..",0,2
The partes are coming as they are described on the webpage; the quality of the parts is outstanding; delivery as well!,1,5
"Alles super, koole laden",1,5
Smooth and easy transaction. Very good quality of the part,1,5
Alles ok. Number 1.,1,5
Good prices and wide product choice but very slow to reply customer service and overly expensive delivery cost. All in all the price is convenient but not much cheaper than other solution.,1,4
Perfect !! :),1,5
"Alles Top, danke",1,5
"Nothing to say.Just 5* I’m very happy because I liked just oem parts,and I found them in pkwteile.de.Recommend for all buyers.All the best for pkwteile.de",1,5
"Alles top, super schnell.",1,5
Hat alles super funktioniert -danke,1,5
Top site with quick delivery,1,5
Top top top top,1,5
"This company is the worst ever, no delivery and the customer service is a joke, they tell me that they do not care, so no money back and no spareparts.The company uses many names all linked together to scam you into buying from them.Dont make the same mistake as we did, do not buy from them!!!!!",0,1
"Alles super , toller Laden",1,5
"I ordered two Sachs shock absorbers to my 2010 BMW X1 28i. They came exactly one week after I ordered them. Perfectly packed, and the products in sealed original boxes.Production dates on the Sachs dampers were Y17 meaning they were produced 2017(Y) week 17. So they were brand new.Easy to follow the package online with UPS tracking.Customer service answered my questions with half a days delay, but gave me useful info.Saved 500 euro (!)by buying two shocks from Pkwteile instead of buying them from the bmw dealer - insane! :-)",0,5
"It all started when I wanted new engine parts for my Mercedes engine. I ordered all my parts, paid for them (stupid move) and after two weeks the items were delievered. I got my main bearings, rod bearings and gasket set to the wrong car. I sent them back at MY cost and now they tell me I can't get my money back. I must buy parts for the remaining money (240Euro). This company is the worst i have ever come in contact with and I would never EVER recommend this site to anyone! This is not legal to do!",0,1
We had a lot of problems with the customer service and after a bad review i was contacted by the customer service in Sweden and we found a perfect solution for all the problems so now I am confident that in the future we will not encounter them any more. Regarding the products they are super good quality.,0,4
"Fuel pump on my car was broken = car could not run. I order a new at PKW teile. But after a week I had not received it. I called the company, and was told that they had cancelled my order (without telling me) because the fuel pump was not in stock. I said that they had 4 different types of fuel pumps on their home page. And asked if they could deliver one of those instead. They promised to check and call back within an hour. That is a week ago. They have still not called",0,1
"I had ordered some spare parts from the company and the money was transferred within 2 days. But there was not sent any spare part to me. After a week I started asking for the order (several times) and just got the know every time that it would be sent the same day. After 14 days without any sign of sending the packages I was informed that the brakes were not in stock and that I instead could get some equivalent for the same price . I said yes right away, but still had to inquire for the order several times before I after 3 weeks received the parts ordered . When I opened the package, there were only one set of brake discs and not 2 as I ordered. I therefore again contacts the company and after having sent the documentation they required, I was told that the missing parts would be shipped the 17/2-14 . This were 1.5 months after I sent my order.I still have not received the package and the company says only that it is sent by UPS , but will not inform about the track and trace number. I do not expect ever to see the lacking brake disc ...SO GREAT WARNING - Do not use this company !",0,1
"Was first promised the parts on tuesday, then certainly on thursday, and now they are definitely shipped this week,... still waiting.If your car is broken and you need parts faster than a few weeks, look elsewhere.EDIT after pkwteile tried to erase my review:I eventually received the part, but it did not fit, and I did not have time to wait for another part. Luckily it could be made to fit with a hammer.",0,1
"I've been buying car parts from Autodoc since 2022. They offer a wide variety of alternative products, so you can choose between an economical option or a high-quality branded product. High-quality br...See more",1,5
"I ordered several car parts from AUTODOC (brake pads, oil filter, and wiper blades) and I’m truly impressed. The website is easy to navigate, prices are very competitive, and the product descript...See more",1,5
"Great prices, lot of options for different brands and price categories etc. Shipping takes a couple of days but that is to be expected. 
Note, know what part you need before you order. Depending on o...See more",1,5
Finally received the package! DPD delivered to wrong address and lucky for me individual came to my address to drop off the package. The contents of the package was in outstanding condition. This the...See more,1,5
"I recently placed an order for my car )Kia ceed )through Autodoc, and I couldn’t be more satisfied with the experience. The team was incredibly helpful and guided me in choosing the right part for my...See more",0,5
I ordered something at Autodoc Belgium. The product came fast but it was changed accidentally. They were ready to change it. I really appreciate the communication with them. They respond very fast and...See more,0,5
"Outstanding experience with AUTODOC. My order arrived safely, and the products were excellent. When two parts didn’t fit, **Xena Oliver** handled everything quickly and professionally—clear communica...See more",0,5
Autodoc always has the parts in stock no matter which year of construction or even which vehicles. Good pricing on service parts and oil. Always worth the wait for something I know will be in order.,1,5
I bought spark plugs and oil filters from Autodoc to replace the old parts on my car. These parts help improve engine performance and ensure smooth operation.,1,5
"Competitive prices and a very good aftersales if anything should be wrong. 

Wrong part ordered? No nonsense no bs just a headache free return. Very nice 👍",1,5
"I recently purchased auto parts from Autodoc.be and I'm very pleased with the entire experience. The ordering process was straightforward and user-friendly, making it easy to find exactly what I...See more",1,5
"Gebroken onderdelen geleverd. Retour beleid en support onbestaande. Levertijd is tevens een ramp. Om een auto dringend te herstellen kun je beter ergens anders bestellen maar niet bij Autodoc!!!

I'...See more",0,1
"A few times I ordered sparparts with this online platform and I can say., I was always satisfied.
When i need something in future I will look at their site and when i find i order again. As simple as...See more",1,5
"Great 👌 good quality,good price and the parts are fitting perfectly ! 😎 Overall great experience so far ! Keep it that way always !",1,5
"Alkar is garbage, but Autodoc is the best.
After seeing my review about the damaged part, Autodoc refund the cost of the part. While I told them that it is not their mistake and they don't n...See more",0,5
"Edit: after being contacted I was explained there were delays in the warehouse and I was offered a refund of the shipping costs, which is a gesture I appreciate. Nevertheless, communication could ha...See more",0,3
The products I buy are original brands and their prices are generally very affordable. I am very satisfied. I am glad to have you.,1,5
"Extremely honest company, incredible service, extremely polite telephone operators, sympathetic to the problems that arose, no evasion or attempt to blame the customer, quick refund of the amount paid...See more",1,5
FRAUD FRAUD FRAUD Company avoid at all costs. I made purchase of a £400 order and wanted to return some items as I had no need for them and paid extra for the return any item that I paid a fee for a...See more,0,1
"Delivery was much faster than before.
Really satisfied.
Keep it up.",1,5
"Hello Autodoc, I am comfortable dealing with you and the spare parts I order are good. Thank you for this good treatment. Thank you.",1,5
I'm still waiting to find out what happened to my order,1,1
"Good service and fast delivery, order all your parts from AUTODUC.",1,5
"Order was simple and delivery ultra fast time . 

Great service .",1,5
Great shop where you can find anything for your car with a good price/quality,1,5
Your service is perfect and on time delivery,1,5
Exactly what you expect ! Good quality for the price !,1,5
Good materials for good price and also good help desck.,1,5
I bought a car battery 7 days ago on a Belgian website. But I receive a track and trace from Poland.. it took the seller a whole week to bring the item to the transport company and update the status...See more,0,4
"Eén van de bestelde ruitenwissers werd beschadigd geleverd. Het frame was kapot, waardoor ik hem niet kon monteren. Ik heb daarom de oude ruitenwisser moeten laten zitten en enkel de rubber ve...See more",1,3
On-time delivery and product as ordered,1,5
"Fast and save delivery 

Easy to order 

Good price",1,5
"Order delivery is fast, clean, and secure.",1,5
"Everything I need, I get it from you and I am happy for that. Autodock is very helpful",1,5
The spare part fits ideally! Thanks for the functional app!,1,5
"Dpd delivered the half of the order nr: 134824388 and i'm waiting for the rest  of the order , some times they dropped it in very far pickup point , last time it was 13 klm far from me !??!!",1,1
"Hello, when will my orders arrive? No reply in 10 days. It's not too late.",1,1
"Snelle ´levering, het is nog niet verzonden. Eerst 2 dagen , ons systeem maakt u bestelling. 2 dagen later , we pakken u bestelling in . Sorry ik had beter gewoon elders gekocht. Blijf maar wa...See more",0,2
Thank you for fast delivery...top,1,5
Delivery was very fast..,1,5
"Update: 
Been already waiting 7 days for a battery for my vehicle I'm going to work with and counting. This is a dropshipper.  I thought that I bought a battery (which was in stock) at autodoc.be i...See more",0,3
Excellent service and great product,1,5
Affordable spare parts and fast delivery,1,5
"The product is good,as detials the same.but your delivery is so bad,,i have a near pick-up point nearby me about 2km only but your delivery drop in 15km away from me.",1,4
AutoDoc did follow  nasty strategy of becoming  a comfort  zone and trusted platform  so now the problem hes prices  are not reasonable  very expansive  compared  to other platforms  and also  from th...See more,1,1
"Fast, correct, best place to buy car parts.",1,5
Perfect thank you,1,5
Top website !,1,5
Very good and fast shipment,1,5
Its perfect fit all the products,1,5
"Fast, cheap and easy to use app and website",1,5
"I ordered 3 times and they sent me the wrong part each time. My car is diesel. They sent me a gasoline oil filter, out of 7 parts, 4 were wrong. I really regret buying from this website.",1,1
"🇫🇷 FrançaisLors de ma première expérience, j’ai rencontré certains problèmes. Même si le processus a pris du temps, mon souci a finalement été résolu, ce qui m’a satisfait.À l’avenir, je pourrais envisager de faire de nouveau des achats sur votre site. Cependant, pour renforcer la confiance et éviter ce type de désagrément, il serait très utile d’intégrer un système permettant d’enregistrer le numéro de châssis des véhicules.En effet, le fait de se baser uniquement sur la marque, le modèle et l’année ne semble pas suffisant. L’ajout d’une recherche par numéro de châssis, ainsi que la possibilité d’associer ce numéro à un véhicule enregistré, permettrait de réduire considérablement les erreurs de compatibilité, même si une compatibilité à 100 % ne peut jamais être totalement garantie.Si une telle fonctionnalité est mise en place, je serais tout à fait disposé à continuer mes achats sur votre plateforme.J’espère sincèrement que ce type de problème ne se reproduira pas à l’avenir. Merci à AUTODOC pour la résolution de mon problème.NOTE: De plus, j'accède à votre site web via autodoc.be, et la langue par défaut devrait être le français, mais il s'ouvre constamment en néerlandais, ce qui est très agaçant :)---------------🇬🇧 EnglishDuring my first experience, I encountered some issues. Although the process took some time, my problem was eventually resolved, and I appreciate that.In the future, I would consider shopping on your website again. However, to improve reliability and prevent similar issues, it would be highly beneficial to implement a system that allows customers to register their vehicle’s chassis (VIN) number.Relying solely on brand, model, and year appears to be insufficient. Adding a search option based on the chassis number, as well as allowing users to link this number to their saved vehicles, would significantly reduce compatibility errors—even if a 100% guarantee cannot always be ensured.If such a feature is implemented, I would be willing to continue using your platform for future purchases.I sincerely hope that similar issues will not occur again. Thank you to AUTODOC for resolving my case.NOTE: Also, I access your website via autodoc.be, and the default language should be French, but it constantly opens in Dutch, which is very annoying :)",0,4
"The product is good,as detials the same.but your delivery is so bad,,i have a near pick-up point nearby me about 2km only but your delivery drop in 15km away from me.",1,4
Your service is perfect and on time delivery,1,5
Good serviceGood qualityGood priceSpeedily delivery,1,5
"I've been buying car parts from Autodoc since 2022. They offer a wide variety of alternative products, so you can choose between an economical option or a high-quality branded product. High-quality branded products are also cheaper than the market average. Recommendation: If you need a product urgently, buy it separately. Because if you buy many products together, they might hold all of them for a missing item. For Belgium, expect at least a week's delivery time.",1,5
AutoDoc did follow  nasty strategy of becoming  a comfort  zone and trusted platform  so now the problem hes prices  are not reasonable  very expansive  compared  to other platforms  and also  from the shops  and thats crazy i use to be client but now i have mynother platforms  that deliver with same quality  and waaaay cheaper prices  for example  i fond oil filter in Autodoc for my car specific  brand and dettails in 18 euro and in other platforms  7 euro !!! And yes they are orginal  products  in case you say they cheap because  they are fake ore copy.,1,1
"Extremely honest company, incredible service, extremely polite telephone operators, sympathetic to the problems that arose, no evasion or attempt to blame the customer, quick refund of the amount paid for the wrong order. I highly recommend it.",1,5
"Prices fluctuate constantly, but it's still the best place to shop",1,4
great serviceproducts with good prices,1,5
De auto doc is de pest,1,5
"Whatever I've ordered from them was always a good quality and I'm always happy with them for a couple of years now,so yeah I'll work with them a long time",1,5
Good thing that staff is original and you guys need to take care of client like me give me discount and offer that I can't delay because I still going to buy more and more so if I have more possiblity I will always buy from you guys not from other sellar because there is alot of people selling parts for car and give a good cheap price that you as buyers can't delay so take care of us as client,1,4
Perfect thank you,1,5
Great service,1,5
"Simply perfect, no complains!!",1,5
The spare part fits ideally! Thanks for the functional app!,1,5
Always had a great experience with the customer support when needed.99% of the time the packages arrive fast and in good condition.,1,5
I ordered something at Autodoc Belgium. The product came fast but it was changed accidentally. They were ready to change it. I really appreciate the communication with them. They respond very fast and I like it.,0,5
"In Belgium, it's a competitive company; just place your online order and save fifty percent at half the market price.",1,5
"A few times I ordered sparparts with this online platform and I can say., I was always satisfied.When i need something in future I will look at their site and when i find i order again. As simple as that.",1,5
Great service,1,5
Goods are what I expect to be. Top,1,5
Fast and helpful communication and service,1,5
"Order delivery is fast, clean, and secure.",1,5
Delivery was much faster than before.Really satisfied.Keep it up.,1,5
"I recently purchased auto parts from Autodoc.be and I'm very pleased with the entire experience. The ordering process was straightforward and user-friendly, making it easy to find exactly what I needed for my vehicle.The parts arrived promptly and were well-packaged, ensuring everything was in perfect condition. The quality of the products matched my expectations, and the prices were competitive compared to other suppliers.What impressed me most was the overall reliability of the service - from browsing their website to receiving my order. I would definitely recommend Autodoc.be to anyone looking for quality auto parts with efficient delivery.",1,5
Quality and service,1,5
Good very faster,1,5
"I bought a car battery 7 days ago on a Belgian website. But I receive a track and trace from Poland.. it took the seller a whole week to bring the item to the transport company and update the status to package received at the transport depot..After 12 days I received the package it arrived in good condition, no damages.",0,4
Good materials for good price and also good help desck.,1,5
I'm still waiting to find out what happened to my order,1,1
"Snelle ´levering, het is nog niet verzonden. Eerst 2 dagen , ons systeem maakt u bestelling. 2 dagen later , we pakken u bestelling in . Sorry ik had beter gewoon elders gekocht. Blijf maar wachten op baterij .op 4 dagen nog geen melding dat de order opweg is , zelfs niet wanneer het gaat zijn . Dus hun levering van 2 dagen , terwijl alles in stock is . Laat dat er maar af . En dan niets van update woe levering doet . Eerste ervaring,  niet positief. Zal update doen wanneer het komt .I understand sir ,but when i order it said 2 days , but afther 3 days tomorrow 4 , and when i push order it still says , your order is been processed. So it's still not shipped or on it's way afther 4 days . I still no track trace. Because order still being processed. That's strange. So it will be never here 4 days . Specially i message . It said 2 days . But we 4 f´days now and still no message nothing being shippedUPDATE 5,12 ,2025 , SIR LOOK PARCEL NOT YET FOR SHIPPING JUST RECIVE2025-12-04	06:37:09	Registered parcel data, parcel not dispatched yetSO IT WILL BE STILL NOT FOR THIS WEEK ,AND MY CAR STILL CANNOT DRIVE . THIS IS VERY ANOYINGUpdate day 5 .I check dpd Polen.  Delivery still not send . I ordered Saturday. Tomorrow 7 days i waiting on 1 battery volvo v40 , window cleaners . Still not shipped.Update yesterday 9 december finally arrive my package.  So it took more than 12 working days sadly. My first experience,  was a bit messy. For receiving",0,2
Affordable spare parts and fast delivery,1,5
Fast and correct 👍,1,5
One of the best and my favorite platform 👌👌❤️,1,5
"Gebroken onderdelen geleverd. Retour beleid en support onbestaande. Levertijd is tevens een ramp. Om een auto dringend te herstellen kun je beter ergens anders bestellen maar niet bij Autodoc!!!I'm glad you got me right. Delivery takes a week, receiving a return label also takes a week, returning it, takes another week. And the refund will probably still take a few weeks ore even longer! So if you urgently need to repair something at your car, you really shouldn't buy at Autodoc!!!",0,1
"Единственная просьба - доставляйте посылку на адрес,а не в пункт выдачи",1,5
Order was simple and delivery ultra fast time .Great service .,1,5
Good 👍666666666y6666666.,1,5
I bought spark plugs and oil filters from Autodoc to replace the old parts on my car. These parts help improve engine performance and ensure smooth operation.,1,5
I filled  my information as a company and I put my company name and the taxi's number but in you bill you write only my name. I hope to send me new bill in the name of my company and the tax number. my company name is Zeetaxi my tax number is 1018326289,1,1
"Good service and fast delivery, order all your parts from AUTODUC.",1,5
The X button on Autodoc website’s popup is fake and will still take you to App Store anyway.,1,1
The products I buy are original brands and their prices are generally very affordable. I am very satisfied. I am glad to have you.,1,5
"Great prices, lot of options for different brands and price categories etc. Shipping takes a couple of days but that is to be expected.Note, know what part you need before you order. Depending on options or equipment of the car, you might need to check compatibility with your car yourself.",1,5
"Best price, best service",1,5
Always perfect.,1,5
Great shop where you can find anything for your car with a good price/quality,1,5
"Eén van de bestelde ruitenwissers werd beschadigd geleverd. Het frame was kapot, waardoor ik hem niet kon monteren. Ik heb daarom de oude ruitenwisser moeten laten zitten en enkel de rubber vervangen.17.09.2025I recently had an issue with a spare part I ordered, and I was truly impressed by the customer service. Hanna and the team responded very quickly, always took my concerns seriously, and kept me informed throughout the entire process.Not only was my refund handled smoothly, but they also kindly offered me a €10 discount code for a future order as a gesture of goodwill. The team really cares about their customers and goes above and beyond to make sure everything is resolved satisfactorily.I highly recommend this company for anyone looking for high-quality spare parts and excellent, customer-focused service.",1,3
"Outstanding experience with AUTODOC. My order arrived safely, and the products were excellent. When two parts didn’t fit, **Xena Oliver** handled everything quickly and professionally—clear communication, fast refund, and a helpful coupon. Truly friendly, proactive support. Highly recommended!",0,5
"Finally received the package! DPD delivered to wrong address and lucky for me individual came to my address to drop off the package. The contents of the package was in outstanding condition. This the same delivery company who had delivered packages at different locations. Then I must contact them and receive no response. Plus ask for proof of delivery, none provided. I am just happy I received the package.",1,5
Correcte service,1,5
"Alkar is garbage, but Autodoc is the best.After seeing my review about the damaged part, Autodoc refund the cost of the part. While I told them that it is not their mistake and they don't need to do anything. But they still covered the cost. 5 stars for Autodoc and zero for Alkar.Attention: the one star is for the part brand not for autodoc.I ordered a right headlight for Honda civic mk8 FK/FN. The brand is Alkar. It is a piece of GARBAGE.The headlight adjustmers don't function at all. I failed the inspection only because of that. I paid 124,57€ for the piece of garbage, 77,70 € for the inspection, and 15€ for the light alignment. I lost 217,27 € in total. And I need to buy a new headlight, pay 15€ for alignment, and 45€ for re-inspectiom.I lost a lot of time, and until now 277.27 + cost of a new headlight.I hope Autodoc will stop working with ""Alkar"" (garbage).Please don't buy parts from that brand.Unfortunately I can't upload photo, otherwise I would upload the faild inspection paper.",0,5
"Fast, cheap and easy to use app and website",1,5
Autodoc always has the parts in stock no matter which year of construction or even which vehicles. Good pricing on service parts and oil. Always worth the wait for something I know will be in order.,1,5
Perfect Perfect,1,5
"Very distinguished, as well as the speed of access",1,5
Quick response and delivery,1,4
"Hello Autodoc, I am comfortable dealing with you and the spare parts I order are good. Thank you for this good treatment. Thank you.",1,5
"Excellent delivery, as advertised.",1,5
"I ordered several car parts from AUTODOC (brake pads, oil filter, and wiper blades) and I’m truly impressed. The website is easy to navigate, prices are very competitive, and the product descriptions are clear, with verified compatibility.Shipping was quicker than expected and everything was well packaged. All items matched the quality promised—either OEM or high-grade equivalent. I also appreciated the email updates at each step of the process, which gave me peace of mind.Highly recommend AUTODOC to anyone looking for reliable car parts at great prices. I’ll definitely shop with them again!",1,5
FRAUD FRAUD FRAUD Company avoid at all costs. I made purchase of a £400 order and wanted to return some items as I had no need for them and paid extra for the return any item that I paid a fee for as an extra. Lisa Dale was the one who handled the claim and refused my returns given me explanation as to why I’m returning never used and sealed items order no. 100177556 you placed 23/11/2023.Also refused to log me a complaint and refused to escalate to a manager please avoid this fraud company,0,1
"Edit: after being contacted I was explained there were delays in the warehouse and I was offered a refund of the shipping costs, which is a gesture I appreciate. Nevertheless, communication could have been better.First website says shipment after 1-2 days if available (items were available). Then at checkout it's next Wednesday (5 days later). It's now been more than a week and still not received. Don't even have an estimated date of delivery.",0,3
Good service it’s very fast just only 3days thank you very much AUTODOC,1,5
Service TOP !!!Merci beaucoup.,1,5
"I recently placed an order for my car )Kia ceed )through Autodoc, and I couldn’t be more satisfied with the experience. The team was incredibly helpful and guided me in choosing the right part for my vehicle. Their support was professional, prompt, and very knowledgeable, which made the whole process smooth and stress-free. Thank you so much for your outstanding service — I truly appreciate your efforts and will definitely return for future purchases. Highly recommended!",0,5
"Fast, good prices ..",1,4
Heel eenvoudig,1,5
Perfect everything,1,5
Very Good and very fast👍🏻👍🏻👍🏻👍🏻👍🏻👍🏻👍🏻👍🏻👍🏻👍🏻👍🏻👍🏻👍🏻 Very GoodVery Good,1,5
Goedkope. Quality.,1,5
"Fast, correct, best place to buy car parts.",1,5
Quick and serious. Good prices,1,5
"Update:Been already waiting 7 days for a battery for my vehicle I'm going to work with and counting. This is a dropshipper.  I thought that I bought a battery (which was in stock) at autodoc.be in Belgium were I live. But in fact without knowing, I bought the battery in Germany. Normally this is not a problem when you order it from a company that is not  a dropshipper. So when my order comes in, they have to notify the real company that has the part you want. And that takes long. A good webcompany must be able to send you your part (when it is in stock within 2 days). I order often paint in The Netherlands, next day: here is your paint sir.  Tracking It says already 2 days:  Your order is with the shippingcompany.Everything arrived correct and packed with care on day 8.",0,3
Quality for good prices 😉😉,1,5
Excellent service and great product,1,5
"I ordered 3 times and they sent me the wrong part each time. My car is diesel. They sent me a gasoline oil filter, out of 7 parts, 4 were wrong. I really regret buying from this website.",1,1
Altijd top site,1,5
"Hello, when will my orders arrive? No reply in 10 days. It's not too late.",1,1
Everything is ok,1,5
"Dpd delivered the half of the order nr: 134824388 and i'm waiting for the rest  of the order , some times they dropped it in very far pickup point , last time it was 13 klm far from me !??!!",1,1
Good good good,1,5
Top service,1,5
goods jobs good,1,5
top good cheap and fast,1,5
Perfect and fast.,1,5
"Edited review:I received a wrong item due to incorrect description on the website. Initially they wanted me to pay return shipping so I made a comment here on Trustpilot.I was answered by Xena from Customer Service who took it up and helped sort it out quickly and me to get a full refund.5 stars for XenaThe 4 stars are for Autodoc which still needs to improve some things in my opinion: delivery times and ease of returns, among other things.For exaple I get things ordered from NL the next day delivered to BE, so that's where I base my expectations on.",0,4
Nice shopping is a nice app that I didn't see a great negativity,1,5
Im very happy with this company because is sérieux on time they help as they are précis and very help full,1,5
There should be no individual shipping charges for multiple large items purchased at once!!,1,3
By far the best website for buying car parts. Never an issue with any order I've ever made (I've made plenty),1,5
"Very good and perfect 👍🏼 , the part is exactly like original",1,3
Lied about delivery date. Did not cancel the order or refund it.,0,1
"AUTODOC in Belgium offers a reliable service with a well-organized website and a wide selection of parts at good prices. They provide excellent customer support, promptly addressing any issues such as incorrect orders by offering refunds and helping to find the correct parts. While delivery times can sometimes be unpredictable, the overall experience remains positive. We recommend AUTODOC for their quality service and professionalism.",0,4
Poor delivery (not well packaged) but very effective aftersale service ! Liked it very much ! ;),0,4
Toppie material,1,5
top top service top,1,5
"Always on time and fast and affordable price, great 👍💯",1,5
"The give fake discounts.A lot of times you see -41% discount, but they raise the original price so that there is no real discount.They call it ""dynamic pricing"" but they are just scammers.",0,1
You are perfect. Everything is exactly as described on the site,1,5
"Avtodoc is the best European web store with wonderful and brilliant employees who are always ready to help in solving any problem.And my personal thanks to the outstanding employees of the company:Tim Ramsey, Leyla Phoenix ,Stacy Stonem, Alex Robins, Mary Croft, Emma Green, Thomas Joger, Mary Green, Hannah Reed, Cathrin Williams, Mia Johnson, Lisa Dale, Emily Smith, Jane Smith, Isabel Borman, Erick Clay, Alex Brick, Alice Miller, Andrew Smith ,Sarah Martins,Elizabeth Klar, Siena Simones, Artur Ross, Michael Mayer and Rosie Blomfield.Thank you guys for your efforts and willingness to help when needed.",1,5
"Well, I give you the point because you are doing brilliant job to make things easier for cars user ,",1,1
Correct parts and delivered in short time. Great service would definitely recommend.,1,5
You are reliable and good services for your customers.,1,5
Via the search tool I order the items I need. After installation it seems that it where not the correct ones. They refund me total amount of the order and selected for me the correct ones.,0,5
"Good website, lots of parts, good prices, but delivery is a nightmare. Even if a part is in stock, it takes days before you even get a notification that it will be shipped and even then you don't have a clue when it will arrive. Ordered a part on 21/09, part is in stock on the website, it's now 25/09 and it didn't even left the stock yet..",0,2
No commentIt's good,1,5
Very good everything,1,5
Good good an sinel,1,5
Very nice serviceGood qualityDelivery on time,1,5
I buy already few years my car parts on Autodoc. Tue experience is good also the service.,1,5
PerfectGood super,1,5
Autodox It’s the best website you can’t trust him and Internet. They are honest good quality perfect price the team working there it’s very professional. They can support you when you need to support and it’s very familiar with its a great team. Thank you Auto Dox.,0,5
Correct  ...,1,5
Very good!!,1,5
"Great site ,Everything is simple and clear.",1,5
SUPER SERVICE1ATHE MISTAKE OF DELIVERY WAS FAST AND GOOD CORRECTED.HOPE THE DEAL SOON AGAIN WITH YOU.THE PERSON PROVIDED GREAT HELP.,1,5
"good price, fast shipping now with this order, less than 1 week.",1,5
Perfect service,1,5
"Hello, the demand is good and within 48 hours I continued to order.",1,5
Top++++++++,1,5
Autodoc is best,1,5
Super good price very good parts. On time delivery. Thanks you,1,5
Cool end fast leveringen,1,5
Invoice with 23 % sended to Belgium where is 21%,1,1
Very reliable and excellent customer service. Every issues addressed and got solved in the same day you reach out for help.,1,5
"Paste perfect, goede en vlotte levering.",1,5
"Ordered several parts, one of them being a rear muffler of an old Polo. This thing is maybe 1m long. Ordered on 27/5, today, 6/6 it still shows it's somewhere in transit in Germany. However, I had to pay extra €50(!!!) because it's ""oversized"". Customer online help is useless, repeating the same automated line that it's oversized and it will arrive, eventually. I ordered much bigger things in the past like an engine crane, never had to pay any ""oversided"" fee and then wait 2 weeks for it to arrive. Useless and not to use if you need the parts quickly. Oh, eventhough I paid autodoc, now it's not their problem and I have to discuss it further with the shipping company NOX. Easy peasy, right, it's my problem now? Oh yeah, as my packages are still somewhere in Germany 6 days on the same place, without any updates, it's worth mentionaing that autodoc uses a shipping company which has 0(!!) positive reviews, just 12 1-star complaints. As to the answer below, I'm still waitingUpdate: 10/6 contacted support via chat (only option). They see that the packages didn't move for almost a week now. They will contact NOX to verify the situation. When will I get the answer? They don't know this, I have to wait. They don't even know themselves how to get information from a shipping company they use and for which they charge in total almost €75 to deliver a small muffler.Update 14/6: I didn't even hear once from the customer service and ordered parts still in the same place somewhere in Germany. Nox.express doing Nox things I guess. Meanwhile my car is still off the road. I guess I will have to rent one and bill autodoc. If they would put half the effort they're putting in trying to get my reviews removed, into solving the issue, it would maybe progress things.",0,1
is top product,1,5
"Poor quality products. I purchased a VW Golf 7 boot mat and the quality of the rubber is fantastic It feels like plastic, not rubber at all",1,1
Good aplicayion,1,5
Fast and packed quality products.,1,5
Super service merci,1,5
Okkkkk parts,1,5
Alles perfect in orde en snelle levering.,1,4
fast and cheap shipping,1,5
Refund was ok after customer complaint.,0,4
"Always correct , always on time, thank you!",1,4
"After 12 days I still haven't received the parts I ordered. The company isn't able to tell me when the parts will arrive or what solution they envisage. They respond only in general terms but fail to give an update.After posting this review the company contacted me to offer an apology for the delay, a refund on shipping costs and a discount coupon for next purchase. I accept this and hope everything will work smoothly in the future.",0,4
Goed maar in Frans should be better,1,5
Because good price and good quality,1,5
"This company is the worst you can get. It's like casino, you either win or you lose. Worst experience i ever had with the company and the after sales management pushing me around Nox express and AutoDoc. After close to 2 months i still don't know where my order is or my money.This company deserves to rot in Hell.",0,1
frenchhhhhhhh,1,5
Big thanks to the aftersale service for finding a solution for my problem.,0,5
"Simple, multi marques, très bons prix, rapide, what else ?",1,5
It’s good product,1,5
Super service,1,5
On time delivery. Good service.,1,5
Best service Best price,1,5
👌Perfect service,1,5
Super service,1,5
Parfait.Au top.,1,5
Service en info,1,5
Impeccable,1,5
"Cabien lucht filter is niet zo goed , bmw cabine lucht filter was beter",1,2
Geek food ervaring...Food job 👍,1,5
"I am writing to express my disappointment regarding the way my order has been handled. You received my payment on the 2nd of December, yet when I inquired about the status of my order yesterday 12...See more",0,1
I do not like to spend to much time at a review. De parts were good at the right price. Delivery was a little slow. Probably because they come from different suppliers. I would prefer getting one ship...See more,0,5
Very satisfied with the prices and delivery time.  The parts were well packaged and i received for each order a return form .,0,5
"My first experience is great. Quality goods,great price,fast delivery.
I will shop with DAPARTO again.",0,5
"I am writing to express my disappointment regarding the way my order has been handled. You received my payment on the 2nd of December, yet when I inquired about the status of my order yesterday 12th December, I was informed by email that you are processing a refund instead.This is unacceptable, and I expect a clear explanation for this situation as well as timely resolution.An enterprise to avoid for your future order",0,1
"Don't waste time on this website.I subscribed, I found my spareparts and I went next step to pay. I completed my data TWICE.Surprise!!! You cannot pay. The option ""JETZT KAUFEN"" for payment is not active.More than this, after you write all your data, name, address, phone number, e mail.... you have to chose payment method. When you click one og the options all what you wrote before disappears.I guess it's something only for the germans....Anyway, WASTE OF TIME.",0,1
"They sent me a set of used brake pads, with the box open and in poor condition and with missing parts.Shameless scammers, now I'll have to waste my time sending back the used brake pads they tried to scam me with, and cross my fingers that they'll give me my money back.I will never buy from this dealer again.!!!!!!!",0,1
"they take my money, but do not send confirmation or take my order. i have to wait a couple weeks to get a refund. horrible service. this has happened 3x now.",0,1
Reliable service,0,5
"My first experience is great. Quality goods,great price,fast delivery.I will shop with DAPARTO again.",0,5
The product that I brought through you all doesn't fit. You gave me the return email for the company direct and still I have no response.,0,1
"Easy to use, good selection of parts, goof prices.",0,5
Delivery split in two without proper trackinginfo. Packaging not fit gor the products. Product was damaged because of bad handling and packaging.,0,2
I do not like to spend to much time at a review. De parts were good at the right price. Delivery was a little slow. Probably because they come from different suppliers. I would prefer getting one shipment from one supplier,0,5
Very satisfied with the prices and delivery time.  The parts were well packaged and i received for each order a return form .,0,5
"I love this website to order parts, it checks for the lowest price of all parts required, the only thing i miss is the option to select one company for ordering parts, because sometimes it is ridiculous to have 4 parts being shippen from 4 different locations, thats not really eco friendly.",0,5
Arrived as it should,0,5
"My experience was very good, I found the best prices and adequate treatment. Very happy.",0,5
Fair prices. Clear website. Articles were packed in a good way. Will order again at Departo.,0,5
"Always a great website for your vehicle needs, living in Ireland i find the prices and shipping excellent as well as the savings i make compared to part prices in Ireland.",0,5
"Brilliant site capturing many sellers in one place. Could be better if they had a better translated site in English, but the translate function work ok. I got to know about this hidden gem by youtuber Sreten at M539 Restorations.",0,4
"Was a great experience, shipment was fast. Will definitely recommed.",0,5
"Ordering was easy, payment was stangeOrdering was easy parts were quick to find.Payment via Paypal [I am NOT a member] using my credit card SEEMED to have worked. I recieved a payment request which I considered to be a standard thing so I did not pay [again] In fact I had not payed with the first order, so I did finish that second request for payment and all went thru OK [another reason I am not a fan of paypal].The delivery date and timing [DHL] was quite slow to come thru [there was a weekend between] but the delivery timing got changed a couple of times so I missed the delivery. The pack was deliverd Ok and the contents were good and good quality.",0,4
"It was a pleasure to work with you, great and profesional service",0,5
very good place to compare prices and have best prices for car parts,0,4
"Never again.Product not recieved, no answers on mails.waiting for almost 3 months. Daparto says that Woospa must take care of it. Woospa say UPS has delivered.So be careful, this could be an expensive part you are buying if you pay and do not recieve anything.",0,1
Easy to find parts. Clear overview of suppliers that offer the requested part. Easy and safe way to make order and make the payment. After the order is placed you receive updates on every step of the proces.,0,5
Why it does not work in english?!?!Invoice did not have correct zip code.,0,4
"HELLO,Everything was super.....5 stars",0,5
"Although there was some confusion in the order system, the product was delivered and is functioning fine.",0,5
"Got all parts within 2.5 day.Super service, but it would be even better if you would have english version of your page.",0,5
Perfect! Thank you!,0,5
"You cand find diferent articles, by diferent sellers, but hier you can make all-in-1!100%+ recomanded!",0,5
"Quick, accurate and contemptuous to deliver ordered goods. Excellent supply",0,5
War alle in Ordnung... 👍,0,5
Superfast delivery to Sweden. Great price,0,5
All went well.,0,5
"Nealy all ok. It takes long time to receive the parts from the suppliers, when it go to another country. Kim",0,4
Workes very well for international buyers as shipment is no problem. Will buy from Departo again. Thank you.,0,5
The database of spare parts is not huge but there are many companies offering the same item or the interchangeable one. So it's easy to find the best one for you (price or quality).,0,5
After ordering it was a very quick service and a very nice bit of kit when i opened it.,1,5
Very large parts catalog. Very fast delivery. I am very satisfied with this retailer.,1,5
Quick and easy… part arrived as scheduled and properly protected parcel. Tracking to follow shipment status. Car fixed and ready to roll,1,5
"Very good site, more competitive than autodoc but choice is lower , sometimes not easy to find the right peace, ok for shipment and delivery. Often i order on this site, zéro claim till now",1,5
"Très mauvaise expérience. J’ai reçu mon produit dans une boîte déjà ouverte, le scellé était abîmé et ça ne fait pas sérieux du tout. Quand on achète du neuf, on s’attend à recevoir un paquet bien f...See more",1,1
"I ordered a throttle body (MAGNETI MARELLI 802000000197, order ref. FRD-505-294-058) from Motointegrator France.
After installation, the part turned out to be defective — unstable idle, throt...See more",1,1
"Commander un joint de porte de clio3 phase2, recu un joint de porte pour Mercedes-Benz",1,1
"I'm very disappointed with the quality of their products; they sent me stabilizer bar brackets with factory defects that had already been returned by someone else. And to return them, I have to pay fo...See more",1,1
Very good fast delivery and got exactly what l ordered.,1,5
"Simple to order, right product and super fast delivery.",1,5
"Delivery ok, all filters correct and a good price.",1,5
"All the spare parts ordered so fare fit, and seem to be original. No complaints.",1,5
"THank You,  very fast delivery. Everythin correct.",1,5
Motul oil received. Very well wrapped and speedy delivery.,1,5
"Fast shipping super prices, I'll order again",1,5
Correct parts all fitted and cure the problem,1,5
Very fast delivery. Products are perfect.,1,5
Best prices among the main shops regarding spare parts,1,5
"Excellent product, fits and works well, very happy.",1,5
"Fast delivery, easy pay, good price.",1,5
"perfect transaction, fast, smooth, excellent communication, nice & fast tops delivery +++++++ Many thanks excellent prices & products",1,5
Fair price and very good delivery!,1,5
Article conforme à la description et livraison rapide!,1,5
"Perfect ++++
Fast delivery,good packing",1,5
Good price fast shipping,1,5
"Thanks Motointegrator, great price and quick delivery.",1,5
"Vite, correct, bien emballé",1,5
Very quickly packed and sent. Great prices,1,5
Very competitive pricing and fast delivery.,1,5
very good product,1,5
Very Good product,1,5
"The problems comes from the delivery not from Motointegrator itself.
UPS delivery is a nightmare, you don't receive any notification and they choose the inappropriate storageat 20km from home, then i...See more",1,3
"Easy order, professional process and very good products! Only the delivery time was long (due to trip from Germany to France), although the goods were shipped right away. Would recommend to announce t...See more",1,4
"The prices are very competitive, the delivery times are minimal, and  the service is very efficient.
However the website is a minefield to get through. I eventually found my turbo pipe in the engine...See more",1,4
"This the first time i live  in france Excellent prix & parts brand they are very frindly send very fast but the shipping ?? ? i hoop they don""t use UPS any more 8 dayes to have the parts withe mor t...See more",1,4
Excellent - just the packaging for individual items i their boxes could have been better - but OEM products and good prices. Many thanks,1,4
"Product is good,  delivery however took weeks,",1,3
"Good availability of parts and fair prices. A previous issue with orders took a little time to sort out, with items badly packed on two occasions. However, to their credit, they provided return labels and refunded the defective parts. It can take some time, so patience is needed when things don’t go 100% right.I shop here regularly.👍",1,5
Excellent - just the packaging for individual items i their boxes could have been better - but OEM products and good prices. Many thanks,1,4
"I'm very disappointed with the quality of their products; they sent me stabilizer bar brackets with factory defects that had already been returned by someone else. And to return them, I have to pay for shipping.",1,1
Great service !,1,4
"The problems comes from the delivery not from Motointegrator itself.UPS delivery is a nightmare, you don't receive any notification and they choose the inappropriate storageat 20km from home, then it's Impossible to pick my package as I have only 2 days with limited opening time. Waste of time and money. It's better to order on other site even if it's a bit more expensive.",1,3
"great, quick",1,5
Very quickly packed and sent. Great prices,1,5
"Nice, and thnx!",1,5
"All the spare parts ordered so fare fit, and seem to be original. No complaints.",1,5
"Product is good,  delivery however took weeks,",1,3
"tres efficent, tres vite, parfait",1,5
Best prices among the main shops regarding spare parts,1,5
Exellent experience.,1,5
"Delivery ok, all filters correct and a good price.",1,5
"I ordered a throttle body (MAGNETI MARELLI 802000000197, order ref. FRD-505-294-058) from Motointegrator France.After installation, the part turned out to be defective — unstable idle, throttle angle oscillating between −100° and −50°.I filled out and sent the official warranty form provided by Motointegrator, clearly explaining the issue and that my car is equipped with a 2.0 AZJ engine (not 1.6 BSE).Despite that, their technical support rejected the claim based only on the VIN, ignoring the documentation I submitted.Their website clearly says “Returns within 30 days”, but they refuse to apply this policy or provide an RMA / return address.Very disappointing service — no real support, just automatic replies.I do not recommend this seller: they do not respect their own return policy nor basic EU consumer rights.",1,1
Motul oil received. Very well wrapped and speedy delivery.,1,5
"The prices are very competitive, the delivery times are minimal, and  the service is very efficient.However the website is a minefield to get through. I eventually found my turbo pipe in the engine cooling section. A website revamp would make this the ultimate car and bike spares place to go.",1,4
Very good fast delivery and got exactly what l ordered.,1,5
"Commander un joint de porte de clio3 phase2, recu un joint de porte pour Mercedes-Benz",1,1
"Very good site, more competitive than autodoc but choice is lower , sometimes not easy to find the right peace, ok for shipment and delivery. Often i order on this site, zéro claim till now",1,5
Quick and easy… part arrived as scheduled and properly protected parcel. Tracking to follow shipment status. Car fixed and ready to roll,1,5
"Très mauvaise expérience. J’ai reçu mon produit dans une boîte déjà ouverte, le scellé était abîmé et ça ne fait pas sérieux du tout. Quand on achète du neuf, on s’attend à recevoir un paquet bien fermé et intact. Là, on dirait que c’est un retour ou un produit déjà manipulé. Franchement décevant, je ne suis pas du tout satisfait de cet achat.Very bad experience. I received my product in a box that was already opened, the seal was damaged and it does not look professional at all. When you buy something new, you expect the package to be intact and properly sealed. This one looks more like a return or something that has already been handled. Really disappointing, I am not satisfied with this purchase at all.",1,1
N'ACHETEZ PAS ! Lisez les avis négatifs : ils n'ont pas livré et me disent de commander à nouveau et de payer à nouveau. Soyez très prudent. Ils répondent que le service client vous aidera et m'envoient un e-mail pour me dire de racheter.,1,1
"THank You,  very fast delivery. Everythin correct.",1,5
After ordering it was a very quick service and a very nice bit of kit when i opened it.,1,5
"Good service, qualité parts 👍",1,5
"Easy order, professional process and very good products! Only the delivery time was long (due to trip from Germany to France), although the goods were shipped right away. Would recommend to announce the expected delivery time, and eventually an express option. Thank you!",1,4
Very large parts catalog. Very fast delivery. I am very satisfied with this retailer.,1,5
"Vite, correct, bien emballé",1,5
Very competitive pricing and fast delivery.,1,5
"Fast delivery, easy pay, good price.",1,5
"Thanks Motointegrator, great price and quick delivery.",1,5
Very fast delivery. Products are perfect.,1,5
"Very good, very fast !",1,5
"This the first time i live  in france Excellent prix & parts brand they are very frindly send very fast but the shipping ?? ? i hoop they don""t use UPS any more 8 dayes to have the parts withe mor than 10 time calling upsThanks",1,4
"Comme toujours, bon service + bons prix + bonne livraison, que demander de plus",1,5
"Excellent product, fits and works well, very happy.",1,5
Good price fast shipping,1,5
Impeccable,1,5
Correct parts all fitted and cure the problem,1,5
"Perfect, thanks",1,5
"№ 566164088 від 09.03.2026
March 9 - Order placed. When ordering, selected to send the entire order together. 
20.03 negative review here.
23.03 you decide to return the money.
I have not receive...See more",0,1
"Not complex and easy way to Order things on their Websites. Was same day collection.
All people there were very friendly and nice to the customer (me) .
In regards to the product i bought i ask...See more",0,5
"Parts Fine in Quality and deliverytime, no issuesxwith wrong Parts Sendung back",0,5
"I have ordered multiple times from kfzteile24.de now without issue, and it has, hands down, the best return policy which they honoured without issue, even though it had changed since the time I bought...See more",0,5
"№ 566164088 від 09.03.2026March 9 - Order placed. When ordering, selected to send the entire order together.20.03 negative review here.23.03 you decide to return the money.I have not received my order. Please refund the shipping cost as well.They sent antifreeze for 13 euros. and other parts for 540 euros no and don't want to refund the shipping cost. Real scammers.",0,1
"Everything works fine, the order, delivery... ist fine for me.",0,5
"Parts Fine in Quality and deliverytime, no issuesxwith wrong Parts Sendung back",0,5
Good service and easy return,0,5
"Fast delivery, easy to find compatible parts.Well packaged, good quality",0,5
"Horrible service - I've been waiting to have some part being delivered for almost a months now. On Friday January 2nd I was finally told that one of the parts that I've ordered was out of stock and that I could get a more expensive replacement for the same price instead. I accepted as soon as I saw the offer (Saturday). Then on Monday January 5th I was told that now the people in the warehouse had decided to send me the rest of the parts on my order without the said part, so I would have to order that very same part at full price and pay for shipping again. I asked how that could be and was told that I could have free shipping but no discount and that they couldn't do more...",0,1
Good docu to ensure match with own car. Good price and delivery.,0,5
"I have ordered multiple times from kfzteile24.de now without issue, and it has, hands down, the best return policy which they honoured without issue, even though it had changed since the time I bought the item from them.",0,5
Super kompetentes Team. Weiter so!!!!!!!,0,5
Here I always find a large selection with good prices and usually even further discounts.,0,5
Good and Helpfull Company whit great Prices 👍,0,5
Best Service for Car parts,0,5
Big choice of parts / Good prices / Quick and easy delivery,0,5
Very clear online portal. A very large selection from different suppliers. Top quality. Great prices and fast delivery. Perfect.,0,5
It was Great.,0,4
"Good shipping speed,excellent customer service.",0,5
"very good quality, good communication , quick delivery,",0,5
"I order here over years for many cars and havent any problems.Everything is how i ordered,so i cant say any bad things.Everytime again",0,5
"Easy to search, lots of different pieces",0,5
Big stockQuick deliveryGood system to identify the right part,0,5
"Uneventful, fast, as far as the temporary non-performance of the shipper DHL Deutsche Post allows.Best rgds, IFK GmbH",0,5
"A bunch of liars and  cheatersMy worst experience ever,,,,!!NEVER TOUCH  THEM",0,1
Long period for retour. Saving cars is possible,0,5
Fast shipping.Super secure packed.180 days retoure of items.Gretchen range of items.,0,5
quickly delivery good price good products,0,5
all the time trustful and great service! I have been ordering from kfzteile24 for years. perfect!!!,0,5
"Several branches in Berlin, almost all parts and accessories for all types, models and equipment variants of vehicles in stock or available within a single day. I am also enthusiastic because a large number of parts from different well-known and lesser-known manufacturers are offered at different prices. That is exemplary. In addition, there are absolutely reasonable (inexpensive) purchase prices. A comparable automotive parts store would be difficult to find.",0,5
good parts for low cost very fas delivery,0,5
"Good prices, reliable delivery.",0,5
"Very unprofessional!!!, i made an order(16/10/2024) and i payed for the order now I received a mail that something is wrong and i tried to contact them several times and everytime they say no i dont speak english and they just stay on the line or they just hang up the phone, i mailed them i dont get no reply now im stuck and they dont want to help me.For other people in the future dont order here!!",0,1
"Huge stock, fast delivery",0,5
I ordered several parts in the past. They were always delivered on time with no issues at all,0,5
Great overview on products. Great variety of products. Great customer service. Sending back of products is no big deal and super easy. Quick delivery.,0,5
"All well, good service.",0,5
Very good experience,0,4
price was gooddelivery was fastto use the internetpage was nice,0,5
The Quality from your products and faster delivery.Happy with everything.,0,5
"Great selection, good prices, fast delivery",0,5
Easy handling,0,5
Everything is ok,0,5
Top service,0,5
"Ordered some new Springs for my car. Webshop showed me different options for ""sports"" ""non-sports"" ""IDS"". I have the non sports model. So I got one of the compatible options. Turns out they are way too stiff. I had to pick another of the options without further description. Now I cant send them back because I already used them. Apparently you are supposed to know that all the options that the webshop offers you are different (without any difference in the descriptions) and call them to find the fitting part for you. But if you do that, the friendly employee will always get you the most expensive option, that is really compatible with your car (hopefully).Well a short warning in the webshop about that ""common knowledge"" would have been nice... or some kind of help after the fact instead of ""yeah just buy another part from us, and good luck with this one"". Never again!",0,1
Very good 👍🏻 idea idea,0,5
"Spam my email many times a week, i have tried to reach out to the company but they never answer to me.Dont buy anything from this scam company.",0,1
Top Internet kfz Teile Shop,0,5
Not complex and easy way to Order things on their Websites. Was same day collection.All people there were very friendly and nice to the customer (me) .In regards to the product i bought i asked for help of understanding the procedure to apply it.The man behind the counter explained it to me very detailed how and even gave me Tips on how to make it more durable hold.All in all very statisfactory experience.Opening time of the Store also very good for someone who works till late in the day.,0,5
Good solutions and prices when your car needs repair 😊,0,5
Good qualityFast deliverygood price,0,5
Good and accurate descriptions of the parts.,0,5
All Materials correspond to the description in the detail view.Many manufacturer from the spare parts,0,5
"Quality, it fits, price, deliver - everything perfect!",0,5
Very simple order menue with vehicle data. Parts always fit. Price very good.,0,5
"Fast delivery, great stock on spare parts",0,5
"Easy service, fast delivery and good prices.",0,5
I got everything that i an looking for and that for a good abs fair price.,0,5
"Easy ordering, fast delivery, all parts fit and have a good quality",0,5
All goodAlways keeps up with the commitment.I order here since eternity,0,4
Really competent and friendly customer service representative saved my day by quickly reorganizing payment modalities for a new turbo charger I ordered,0,5
Quick delivery....great Service...everything ist,0,5
"Easy to identify correct parts, friendly and competent people responding, quick dispatch, good packaging.Good experience.",0,5
"Fast delivery, good prices and good quality",0,5
"good price, quick delivery.",0,5
Very qualified and professional employers in the support to give their very best effort.,0,5
"Fast shipping, good price",0,5
Nice support. Fast delivery. uncomplicated order.,0,5
"Fast delivery at good, reasonable Prices.I can recommend that company and will buy again there.",0,5
"Everything is perfect! Fast delivery. The customer Service is insane, when you got a problem they help you and find a solution. I only order here my car parts! Best store 🤩",0,5
"My garage told me that a special part could not be delivered any more, but I easily found it on kfzteile24.de",0,4
When you don't speak German very good but you get on the phone ( long wait ) a patient person who actually helps you means a lot .,0,5
Clear website. Quick and accurate finding of spare parts and accessories. Very good prices. Fast delivery. Good information and advice.,0,5
It´s a simple website several search options you see what the costs are. even the opertunity to dail to the service center.,0,5
Easy to handle this webpage. Very quick steps from order to pay. Simple & easy that is what I like!!,0,5
"very good sortet products, good pricing, fast delivery",0,5
The spare parts are of best quality. They are always sent very fast to destination.Until now I had best experience.,0,5
Goof prices. Fast delivery.,0,5
"Fair pricing, fast delivery, perfect service, returns without problems.Will order again from the company",0,5
The pickup in store is so good when you need things fast. The delivery is yet real quick.,0,5
"recordable list of my vehicles, competitive prices and discounts, fast delivery",0,5
"Adequate telephone advice, interesting discount campaigns at times, fast shipping, fair prices.",0,5
"Personal is always really helpful and kind. When I call I don't have to wait for life,they just pick up really fast and always give you a solution and help. I will definitely buy only from Kfzteile24.",0,5
All time good 👍 JobThanks 🙏,0,5
"Good Quality, quick delivery, professional performance 👍🏻 Thanks 🙏",0,5
"At a phone call, recommendations for materials, although the request was more expensive for the customer show the authentic focus on quality. This is the reason, why I am recommending this shop and highly satisfied.",0,5
"Great choice, good prices, fast delivery - I sure recommend this shop.",0,5
"High qualitiy parts at reasonable, low prices. Fast shipping and exchange of wrong, mistakenly ordered parts",0,5
Quick and correct,0,5
"Mainly online Service, but great custumor Service. Better than any garage. I will keep on ordering there.",0,5
Most parts are stocked or will be available in 1 or 2 days.Its all aftermarket so you need to know what you want and be prepared to exchange if it does not meet the expectations,0,5
"Lots of spareparts, great prices, fast delivery and trustful company. All good- 5 points out of 5",0,5
In basic OK.Original brands also available asown brands.,0,5
"Great Shop, good service and very good overview in total. It is nice to be able to save all car types.",0,5
Perfekt car parts! Fast delivery and good quality! Price is super good compared to your dealership! Service is great!,0,5
Well organized website - fast delivery - spareparts with good quality,0,5
"Very good Web Site, fast delivery, very good prices",0,5
Quick Delivery and the injector seals works perfekt.,0,5
"Quick delivery, best prices and huge choice.Each week new actions on parts",0,5
"Great Sortiment, fitted to the car and the fast delivery",0,5
"easy to handle, good selection of parts",0,5
"Cheap car parts from brand manufacturers and a good service if you ordered something wrong, an exchange is possible without problems.",0,5
"Quick delivery, good communication.",0,5
Good structure of products on the website,0,5
"All top, fast delivery, Good Service, fair Price",0,5
"Description of parts (dimensions, technical data, OEM numbers for comparison, ...) is good. Thus, even in cases of doubt, the correct part can safely be identified. The prices are good; not always the very lowest in the market, but good. Delivery is quick and reliable. The ""garage"" where I can file vehicles is helpful and saves time.",0,5
"The online Shop is nice and easy to read structured. Ordering and delivery prices was without any issues, very smooth.",0,5
"Cool online sales, huge choice of car parts, furthermore special offers/percentage for registered customers 👍👍",0,5
Order and delivery process are fast and good. Also the complaint handling ( i ordered a wrong part) was excellent and really fast.,0,5
The part was perfec,0,4
I´m very happy with the Service and support. No Problems at all. Please keep and stay at this level.,0,4
"All was fine, very quick deliverance. Recommandations!",0,5
"Good prices, quick delivery and most of all, uncomplicated return, if you made a wrong order.",0,5
"Parts availability very good, easy to find the right parts because of the possibility to save a list of vehicles",0,5
"Needed parts were send fast and fitted perfectly. Fair prieces,  Average cost for shipping.",0,5
"Fast and correct, perfect!",0,5
"Service, prices and delivery are really good! No complains at all!",0,5
Best possible prices. Very professional advice on the helpline. Easy and uncomplicated return policy. We Always search here first.,0,5
"Very good Online Shop, fast delivery, high quality packing.",0,5
"Fast delivery, good prices and quality Parts.",0,5
Parts are in good quality and variety available.Availability not always as good as I would like but for my private use good enough.Shipping is swift and in good conditions.Any reimbursements are paid out fair and swift.,0,5
"Good quality, good price, very fast delivery. Thanks.",0,5
"Quick, Easy, good quality, Great service.",0,5
"Huge selection, fast delivery",0,5
Right Parts in search! Fast delivery service. Frendly people at phone. Great dealer!!!,0,5
"Good prices, quick shipping, easy communication",0,5
"Best price, quality and services.",0,5
"Well structured shop, reasonably priced parts - for cheapskates as well as brand-conscious buyers.Very helpful search engine and good information for every part offered, including OEM numbers for reference.Very easy to return parts that were ordered erroneously.",0,5
"Easy, Fast, Save",0,5
Its awseome fast Quick and good Qualität,0,5
Good Telefone Contact....The Website needs more development.,0,4
Once again I found excellent value for money...including outstanding and swift service. Number 1!,0,5
Quick and easy identification of the required spare parts,0,5
"Sending a battery for the car is easy, but ...it was not so easy to leave the old one back to the shop and get back your deposit. The online service is good as every online shop and you get your car pieces very fast. Very helpfull is the selection procedure to find your own special car. They send the parts as soon as possible. Just sending a battery is a little bit tricky, because it needs dangerous goods declaration. By the way, the more complicate thing is to send back the old one for getting the deposit back. Maybe the mistake was, bringing to the local shop in Berlin. Than you need show your original bill, you need say them the correct payment method, you use for pay. Than ... you need wait and wait and wait. Several messages later ... you get it on your creditcard, without any other sign or mail or comments ... that's was the blahs, you don't want.",0,4
The only possible way to keep the contact with the provider is the quality of his goods and service. In this case it's accomplished and I'm satisfied for the moment.,0,4
"Great store, can only recommend!",0,5
I will write on english . I was very happy that i found a very cheap price on some items i wanted . So i am paying via card and waiting for the delivery . Instead the next day i get email from them telling me that they are sorry but the part isnt in stock and they are cancelling my order... Well i was pissed but i thought okay at least i will get my money and search another store ... But guess what there is been 1 week now my money doesnt returned to my card . Since then i send them 2 emails with no responce . What shoud i do ? My money are on hold .,0,2
Trustful shop,0,4
"Convenient & Easy to use website with possibility to store model data from multiple personal vehicles . Competitive prices and rapid shipping. Helpful, knowledgeable, & innovative staff who make the effort  to resolve most any issue with an order easily with just a phone call .",0,5
Great parts and very fast shipment.,0,5
Usually fast 👍🏻,0,5
The services and prieses are good.The publicity props are a bit tricky.Cheers Roland,0,5
kfzteile24 is a well-stocked and affordable car parts supplier for everyone,0,5
"my last orde took long time because ordered parts where comming from different companies, and some parts was in a second the delivery. An order should be delivered  i one delivery!",0,4
Quick and good service. Parts always fit,0,5
"Top Processing,top selection of parts...Perfect communication5 out of six Stars!!!⭐️⭐️⭐️⭐️⭐️⭐️",0,5
I am totally glad about the service ofkfzteile24 GmbH,0,5
Friendly customer service. Fast delivery. Fast pick up. No charge for pick up or delivery.,0,5
I've been ordering for 10 years now and I've always been satisfied.,0,5
"Great choice with most attractive prices, quick availabiliy and friendly, experienced service!",0,5
"Very important to support this retailer, because the competition is very close to dominating and owning the whole private autopart market, the big competitor produce numerous websites with all the same stuff when you look into them, and in reviews pinpoint aggressively that they are all different companies, just working close together. Now thats a lie, you get the exact same results on each of them. Somebody should take them to court. So this site, kfzteile24, hooray has some very needed variation, i hope they stay that way, and dont get bought by a money tank.( if they arent allready. ) here i said it, somebody needed to.",0,5
"good quality and good price, fast delivery",0,5
Complete and fast delivery as expected everything in perfect condition,0,5
"Good quality stuff, and this time a very fast delivery.",0,5
"Everything is going well. All orders are received in Time, prices are good, you get all the Products in high quality level or low budget level (but low budget is also a good quality)Love it to order my parts here.Best Car Parts seller in my opinion!",0,5
"very good seller, good packaging, delivery in time, good quality",0,5
And again fast delivery had no problems at all. Can recommend kfz teile24.,0,5
"Terribly rude customer care.I was a regular customer, I'm done. Called their German customer care and the representative literally told me off like a child for not realising which of the many car/part numbers he wanted to hear and then hang up on me!There are many other shops for car parts, I don't beg shops to take my money.",0,1
"I´ve now ordered 3 times and I get the spare parts very fast.The quality of their products are really good, for example I purchased a catalytic  convertor for my Mitsubishi Space Star and it was just like the original, fit perfectly.I would recommend kfzteile.",0,5
"Very happy with my experience purchasing via Autoteile-Markt.de.

Seller was helpful and part arrived exactly as described.

About the only improvement to your service I might suggest would be an...See more",1,5
"I bought two alternators from profile(car-parts.ie)autodoc, and the ones that were sent by mail were not the brand I ordered, so I have to return them.  Then the alternator purchased at autoteile-mark...See more",1,5
"It was my first try with Autoteile-Markt.de. I could find the sparepart I needed in a few minutes,  and everything  went fine. Reasonable price,  good quality,  relatively quick delivery, for a low fe...See more",1,5
I am very pleased with the quality of service. The only thing I don't like is that I can't see when ordering where the part was made and I can see it only after receiving the order. This is very impor...See more,1,5
TOP........,1,5
"Excellent experience buying from this website, even though it was the last day of the year. Express delivery abroad. Highly recommended.",1,5
A really useful website with a big discount compared to local prices in Croatia,1,5
"I am very pleased with the quality of service. The only thing I don't like is that I can't see when ordering where the part was made and I can see it only after receiving the order. This is very important to me, I don't want to buy parts made in China, Turkey, etc., even if it's a German brand.",1,5
So glad I found this company. Not only do they make a great product but when I lost a couple of small parts they helped me replace them. Great service and such helpful staff.,0,5
"Just a brilliant service, item came very well packaged and securely bundled.   Delighted.All the way to Ireland near Atlantic Ocean",0,5
"Many suppliers are out of stock but still show availabilityWhen I finished ordering, I was informed that it was out of stock",1,3
"Good comparison site, easy to navigate, with reliable suppliers and competitive prices.",1,5
"Perfect and fast delivery.Unfortunately the part came without Installation material, seller has contacted the company and confirmed that the item no longer will be delivered with Installation material.So for that i received a small refund and ordered the installation material on eBay.Great aftersales, 5 star seller.",1,5
"I bought two alternators from profile(car-parts.ie)autodoc, and the ones that were sent by mail were not the brand I ordered, so I have to return them.  Then the alternator purchased at autoteile-markt.de was mailed to the brand I ordered, and it has been installed and working for 3 days so far.",1,5
"Very fast shipping, good price and item as described. Overall great shopping experience.",1,5
"It was my first try with Autoteile-Markt.de. I could find the sparepart I needed in a few minutes,  and everything  went fine. Reasonable price,  good quality,  relatively quick delivery, for a low fee. There were 2 payment options,  for me it was OK.",1,5
"Very good, thank you!",1,5
Very happy with my experience purchasing via Autoteile-Markt.de.Seller was helpful and part arrived exactly as described.About the only improvement to your service I might suggest would be an english language version of the site but this is really a very minor thing - easy enough to translate these days using a browser and I realise the vast majority of your customers will be German.,1,5
"I ordered car parts from Euro Impex Auto, UAB (it is a partner because the purchase confirmation was sent by autoteile-markt). I have not received the parts. I sent emails to the seller and to the autoteile-markt address ""contact email address"", I had no response.Thanks to the Paypal dispute resolution service, I got my money back.I don't understand what the role of Autoteile-Markt.de is!",0,1
Awesome!I will buy again!,1,5
"I couldent find my car parts anywhere to an affordable price, this site connected me to a lot of companies and i found my items at half the price !!! Would definately use Autoteile-markt again.Buyer from Denmark",1,5
super super super,1,5
"Über 1 Woche keine Lieferung.Telefonisch niemand zu erreichen zwecks Abwicklung der Sendung.-------------------Edit:- 10 days after the order, ""Autoteile-Markt.de"" shared information that they are not the seller and haven't any effect on the issue, and suggested me get in contact with the seller directly.- 17 days after the order, the seller send my money back.- (IMPORTANT): and now, ""Geschäftsführer"" of the ""Autoteile-Markt.de"" requests me to delete my negative feedback here, otherwise I was threatened with a lawyer.- Dear ""Autoteile-Markt.de"", what kind of business you are doing. How dare you can judge my feedback here? you can go wherever you want.----------------------Edit 2:Dear Team von Autoteile-Markt.de;- First, the seller is not ""Conqcar"", it is ""Amrio.de"". Please be more careful.- Second, As a marketplace, you should make more efforts to ensure that the sellers are reachable and act with care. If you provide customer satisfaction, you can have the comments corrected, not by saying that we are not responsible or by dictating that remove the comment.- Third, do you also request a correction from buyers when you get positive-5 star comments about the same issues?- Last but not least, you are sharing my private information (my name) publicly here. You can only use my nickname @Trustpilot. Please correct your reply, otherwise, I need to take action under Bundesdatenschutzgesetz (BDSG).Yours truly.",0,1
Sehr zufrieden.Alles perfect functioniert!,1,5
Everything gone GREAT!!Thanks,1,5
Fantastic! Arrived quickly and in perfect condition.,1,5
"Excellent, part arrived in good time, correct and ready to use. Fitted and works as new. No complaints from me",1,5
Good products  Good prices. Fast delivery.,1,5
Very satisfied. Recommended,1,5
Very good prices. It's easy to place an order and search for details. I definitely recommend it.,0,5
Fast and convenient way to purchase all the car parts you might ever need.,1,5
Alles TopSuper kom Kommunikation,1,5
Hat funktioniert,1,5
Good jobMany thanks!,1,5
Excellent service !!Good communications and delivery to UK was very fast.Highly recommended !!!!!!,1,5
"I can say only perfect,one piece was wrong but they send me new one without paying .",1,5
"Top store, best parts",1,5
Alles Supper top einfsch suppper riesen Auswahl,1,5
I had a small issue with my order but their customer care were really nice and took really good care of my things and even left me smiling by the end of the day. Thank you very much! I will definetely...See more,0,5
Top Support !,1,5
Alles hat ganz normal funktioniert.,1,5
Hat alles super funktioniert!,1,5
I had a small issue with my order but their customer care were really nice and took really good care of my things and even left me smiling by the end of the day. Thank you very much! I will definetely order again from this company.,0,5
tolle Performance. Danke!,1,5
Top. Alles super.,1,5
Super 👍👍👍👍👍👍👍👍👍,1,5
War alles gut.,1,5
Alles war super!,1,5
Very good shopping experience and excellent parts,1,5
Alles gut funktioniert :),1,5
Top Ware! Top Shop!,1,5
"All good, the parts arrived quickly",1,5
fast service and everything finethank you,1,5
Alles gut gelaufen...top!,1,5
"I have ordered 2 Bilstein air struts for Mercedes and the first thing was that the price on the website was 695€ per piece but when I confirmed the order the price was suddenly 712€ per piece. I finished the order and made a payment via PayPal immediately. I got the confirmation of my order and payment. Then first few days the status of the order didn't change at all, then it was that items are in a transfer from one warehouse to another and then finally that the items are waiting for shipping company to pick them up. And then it starts... After 2 weeks! the status was still the same so I contacted them. Next day they called me that those parts are not available and asked if they can send me  some replacement from different producer. When I asked them how is this even possible regarding the fact that exactly the same parts are still available on their website with the info ""In Stock"" they replied that the parts are in another warehouse so if I want those I need to wait additional few days. And I waited another 4 days and then I got a call that they can send me those parts but now the price is almost 1000€ higher!!!!! So at the end they wanted almost double the price for the parts which were already payed and confirmed 3 weeks ago (and status of my order was already ""warten auf abholung durch transportfirma"")!!! When I didn't agree to pay additional 1000€ they simply said that they will cancel my order and make a refund. This is really unacceptable and unprofessional or you can call it a scam!Never ever again!!!EDIT: I sent an email as suggested in reply below. Now it has been one week since I sent them an email and I didn't even get the reply. Nothing. Zero. Those replies from this company here are just an attempt to look like they care but in fact it is just another scam of theirs!",0,1
Alles war gut. Danke,1,5
Der Artikel war super,1,5
They fail to sent the correct product and do not want to reimburse the delivery costs. Terrible website.,1,1
Package is not shipped yet.2021-03-30 Ordered.Customer service works way slower than trustpilot review answers.-order received 2021-04-14,0,1
👍👍👍👍super,1,5
"ordered a set of Brakes, disc and pads acoording to the ID number of that car - FORD Kuga. Received the wrong parts, disc too small,  and now impossible to get the return stamp from them. They don't react to Mails and not available on the phone.Strongly recommend not to order any parts from that Company and definetely never again for me.Die Firma hat jetzt reagiert, den Rückholschein gesendet und auch den Kaufbetrag erstattet. Ende gut - alles gut.thanks Michael",0,1
Why are the prices on the web site not the same when you try to check out. In my case you would try to charge me 30 euro extra for the item. And that was not for the shipping cost.,0,1
gut alles Ok so weite so,1,5
"Super,Super",1,5
Alles war gut!,1,5
"Nightmare continues 2019UPDATE 19.2.2019Answer to companys reply:NO it is not customer duty to fill papers all over again. I have given you information and you say after 7 months that something is missing and fill four (4) new paper with identical information. It is your stupid internal process. Please fill  yourself!After a year filling medieval fax blankets my date format is incorrect. They always pass to next person and start asking VIN and everything from beginning.Cant believe this is true. So sad about this process. I guess there is no such thing as guarantee in this company!Over 100 emails with EVANS, , ROBERTS, CROFT, SMITH, LARSSON, PARKER etc. and my issue is form is still not filled correctly. There is all info but format is not as requested.-------------------------------------------------guarantee process is a jokeEmail with pictures is not enough to handle guarantee isuua. You have to fill order details all over again and fill stupidly long pdf form (which is not editable). Who has printers and fax these days???? This company is lost to 20th century.. I laugh when they insist to have signature!!! OMG! Do you collect signatures and do what??",0,1
"Slow delivery, same company as Autodoc""Auf lager; Lieferzeit beträgt 1-2 Werktage""""In stock; Delivery time is 1-2 working days""They promised short delivery time. But after 8 days nothing....Unfortunately I thought that one company is able to send parts from stock but this company is same as Autodoc.And nothing works.",0,1
alles super war zufrieden,1,5
Alles top. Danke,1,5
"exactly the ordered parts, delivery time is normal",1,5
All required items have been received very fast and all according their description. I'm very satisfied eith service offered.,1,5
"This review is for the company Autodoc or autoteiledirekt.de (they seem to operate under a bunch of different names, so I posted here and on Autodoc reviews).The short version: Absolutely terrible customer service, bordering on a scam. Order somewhere else!The very long one for those who care:I ordered a bunch of parts from them and to be fair the items are what I expected and do their jobs but 2 days after the items were supposed to be at my house (shipped inside Germany so no excuse there) I called them up and after pretty unfriendly interaction with their customer service guy I got promised that it would go out that day. So, if it says 2 days, expect a week.While I was talking to him I noticed the parts where now 30 Euros cheaper on a 200 Euro order and I asked him for a deal. I would have taken store credit, even a complimentary sponge or a packet of gummy bears or something that showed any interest in their customers, but he wasn't willing to budge. Fair enough there too, they don't have to.So, I told him I would just order the stuff again and return the first package and since they already delivered the parts too late for me I had all the time in the world (second package was late by the same time frame too). I even bought their safe order (sicher bestellen) feature on the first order, which states that I can return the uninstalled parts for a full refund for any reason within a 100 days or something like that. Since the boxes are just sitting here and haven’t even been opened it shouldn't have been a problem.A week after I filed for the return I haven't even gotten a mail saying that it is being processed other than their automated instant reply so I called them up again. I didn’t even get an answer the first 4 times I called even though it kept telling me constantly I was next in line. After 15 Minutes and 27 Seconds you get dropped from the line each time so you get to try again. I have a headset and plenty of time while i was doing other things so I just kept calling. Even tried calling them from 3 lines at once (I got bored) and you get the same message on all of them. That was around 10am on a regular business day. Never got through to anyone then so I tried again in the afternoon and after the second round of waiting I actually got someone who couldn't even say hello or good bye or anything and I tried my best to be extra friendly. I got some results in the form of six emails (one for each part I ordered) saying my return was accepted and an attached PDF Return Form for every part. Seemed like progress but it also said that my return mailers would come in separate emails which still haven't arrived 5 days later.I guess I will listening to some more annoying music and automated messages next week. At this point I fully expect them to either not answer at all or at best be extremely rude again. Chances of me getting the full refund, that their extra safe order service promises are slim to none and I bet they will give me the full runaround for that too.Calling it what it is at this point is a Scam.I will change this review accordingly if they manage to surprise me and not do any of that, after all terrible service and late deliveries aren't a scam if the parts are what you bought but at this point it sure looks like a Scam when it comes to their return policies and safe order options.Update (26.06.2018):I guess complaining loudly on the internet does help since their english speaking customer service called me up first thing monday and sent me the return mailer (just one though even though I got two boxes but since they already had all the heavy stuff in one box and the 2 super light things in a seperate one I figured they might as well go in a single box. Didn't want to argue over this but I took a bunch of pictures anyway). The english speaking customer service rep was very nice, which was a welcome change so I guess I'll be carefully optimistic and wait.Update (09.07.2018):Turns out they actually did send me three labels - in yet again three separate emails - just two ended up in spam. I guess since it took 40something emails (not even kidding) to get to this point. So I sent the three packages in the same arrangement they came here and apparently they received them on Jul. 2nd. Still waiting to hear anything further. Don't hold your breath on getting your money in any sort of timely fashion back. Mind you I started the Process over a month ago on June 3rd. I do realize the return proves and banks and all that take their sweet time too. I don't have a problem with that, but this is just ridiculous. How does a company with that terrible of a customer service stay in business these days? I've head better customer service from Indian tech support scammers than these guys. I’m curious what happens next. My guess is I do get some money back at some point or another but not even close to the amount I paid with all kinds of bogus charges and “service” fees as a justification. I guess we will see.",0,1
"Deutsche Übersetzung weiter unten._______________________________It took 8 days to answer my matter about a product that did not fit!I ordered a lock cylinder (with two keys) with the correct OE number and to fit my car (also according to VIN code/ chassis number and registration number, but in the box was a completely wrong model. The support blames me that did not look up properly before purchase and that I am responsible for shipping (which costs more than the product is worth). Has sent pictures of comparisons between the products, but the support does not care and does not look up with the manufacturer. I do not know which cars it fits and therefore can not sell it, so I'll scrape it.Order from Autoteiledirekt if you think you will not have any problems with the products, but otherwise avoid!……….................................................Update!I have finally received free shipping back for the lock cylinder, but I think Autoteiledirekt has taken a long time to realize the mistake that is mainly the manufacturer's.It should be added that the number on the product itself is correct._______________________________Es dauerte 8 Tage, um meine Frage zu einem Produkt zu beantworten, das nicht passte!Ich bestellte einen Schließzylinder (mit zwei Schlüsseln) mit der richtigen OE-Nummer und für mein Auto (auch nach FIN/ Fahrgestellnummer und Zulassungsnummer, aber in der Box war ein völlig falsches Modell. Die Unterstützung beschuldigt mich, dass ich vor dem Kauf nicht richtig nachgesehen habe und dass ich für den Versand verantwortlich bin (was mehr kostet als das Produkt wert ist). Hat Bilder von Vergleichen zwischen den Produkten gesendet, aber die Unterstützung ist egal und nicht beim Hersteller nachschlagen.Ich weiß nicht, welche Autos es passt und kann es daher nicht verkaufen, also werde ich es kratzen.Bestellen Sie beim Autoteiledirekt, wenn Sie der Meinung sind, dass Sie keine Probleme mit den Produkten haben, aber vermeiden Sie dies!……….................................................Aktualisierung!Ich habe endlich kostenlosen Versand für den Schließzylinder bekommen, aber ich denke, dass Autoteiledirekt lange gedauert hat, um den Fehler zu erkennen, der in erster Linie der Hersteller ist.Es sollte hinzugefügt werden, dass die Nummer des Produkts selbst korrekt ist.",0,2
"All good, parts as described, came quickly",1,5
Good parts and quick delivery. Thank you!,1,5
Alles gut👍. Danke.,1,5
"I purchased 2x JOINT KIT, DRIVE SHAFT for my 2002 Mondeo. It fitted just perfect!!Great price, fair postage (to Denmark).",0,5
"Accurate, good quality, fitted straight away.
Whole car (W212 E class saloon) is now on Aerosus full air suspension. At 133,000 miles the difference is astonishing. Funny thing Dampers (shock absorbe...See more",1,5
Needed a replacement electric strut for my 67 Seat Alhambra.  Dealer part over £500 per strut. Found this company a large German operation but with a UK  contact website.  Ordered strut arrived from G...See more,1,5
"I bought airmatic bags & air compressor at very reasonable prices with 2 years guarantee. 
I ordered 2 airmatic bottles but ordered 2 the same by mistake .They said i could return the other one for...See more",0,5
Parts easily identified for my car which then arrived within th time frame quoted. Well protected by packaging. Half the price of a Mercedes Parts dealer and fitted easily by an Independent. Changed b...See more,1,5
"I ordered a suspension pump a few years and was not disappointed.
This time around I ordered a couple of suspension bags for my 5 series.  They arrived in super quick time, and the price was far c...See more",1,5
"Top part goes in place with no problem, no configuration needed with computer. Only trouble was dhl not delivering saying there was nobody at home, not even calling while my wife was there. After a ca...See more",1,5
Brilliant experience. Ordered 3pm and suspension parts delivered by 10am the next day. Half the price my garage priced for the parts and my garage said they will consider aerosus going forward (over R...See more,1,5
"This is the second Range Rover L322 air strut I’ve fitted and I think the product is great. The new fitment for the air connection ensures there are no leaks. 
Did hear someone on You Tube saying you...See more",1,5
"Excellent product and brilliant customer support. I had a lot of anxiety about this, but no need. Received very detailed advice about what part to order. It arrived quickly and was of a high quality....See more",1,5
Units seem good work well and easily fitted. Delivery was really long though which aint great but guess it was because they came from Germany. However could still be quicker delivery,1,5
Ordering could not have been easier. Clear website layout with the appropriate item linking with the matching vehicle made selection reassuringly straight forward. Prompt delivery and excellent packag...See more,1,5
"Hi 

Very easy and very reliable service provided , delivery came 2 days earlier than the expected on the website, great quality parts just a all round great service, I will definitely be using them...See more",1,5
"I changed the two airsprings 7 years ago using these same parts.  The BMW part had lasted only 4 years while the Aerosus did 7 years. 
The two new air bags arrived here in UK from Germany in less tha...See more",1,5
"Website was very easy to use and find parts required. Prices very competitive. 
Delivery time was brilliant, parts arrived well packaged and fitted perfectly no complaints at all",1,5
"The air springs arrived promptly, even though they were posted from Germany, I was very pleased with the quality.  Once again Deutchland impresses with great engineering",1,5
Hi. An item was delivered in time as expected. Car part looks solid built as original. The Quality will see after a time. I think it could be recommended as a good replacement of original part.,1,5
"I recently changed the suspension on my vehicle, and I couldn't be happier with the results! The new setup has significantly improved the ride quality. It feels more stable on the road, and I’ve...See more",1,5
"Products arrived the day before estimate. Quality, look and feel seems on par with OEM parts. Fitting was very simple. Have since driven several hundred miles and everything seems to be fine.",1,5
"I needed to buy a solenoid for an Aerosus Compressor I bought new two years ago, I contacted Aerosus directly as I couldn’t find a source for the part, I was told that Aerosus do not supply spare pa...See more",0,1
"Once I entered my vehicle details, Aerosus told me which parts I required and they fitted perfectly and fixed my problem. 
Also so by far a lower cost to me than buying from Mercedes.",1,5
"I bought a pair of suspension bags back in 2019 and, having lasted 6 years, need replacing. Given the original BMW parts lasted a similar time and are considerably more expensive these Aerosus parts c...See more",1,5
"Very speedy delivery, great Shock Asorbers and a great price, will definitely use Aeorsus again. Product information was accurate and packaging was great too. Thanks",1,5
"We are based in the Scottish highlands, where postage and delivery can be quite controversial because of geographical locations.
My dispatch, and delivery was completed before my expectations. 
This...See more",1,5
"Just had the airbags fitted today.mechanic stated that the parts were quality,and easily fitted.
I'm very pleased with the products,and wouldn't hesitate to buy from aerosus in the future. Thank you....See more",1,5
"Excellent service 
Parts arrived quickly and well packaged.  Excellent quality parts that fit well.
I will recommend you to our two local independent landrover garages in the UK.",1,5
"Very impressed with this company. Great price, excellent communications and fast delivery. This was my first time using them but I will have no hesitation in using them in the future and I am happy to...See more",1,5
"It came in record time by DHL,Superb. Once fitted the parts made a huge difference to my driving experience,Well pleased",1,5
"Fast delivery. Parts fitted, expect to last! Bought left and right airsprings, but not labelled l and r, if they are universal why sell as l and r?",1,5
Very easy to order and the quality parts were delivered quickly.  I’ve used Aerosus a few times now and the experience has been consistently good.,1,5
"I have purchased from you before, on which occasion the service and the product proved to be of a high standard. I therefore repeated the excercise, and the result was the same.
Thank you.",1,5
Received very fast - shock absorpers fittet perfectly on car. Came back as 4 air suspension also works,1,5
"The part was delivered quick and professional. Plus the quality of the part seems to be very good. The part fitted very good to the original connection parts. 
Thank you",0,5
"Avoid at all costs. The products are well made however, if you have an issue like I did, they do not act prudent or do they seem to care. This company is in Germany with no US options. I was sent a fa...See more",0,1
"This is my review following my installation of two rear, complete strut assemblies for my 2013 Cayenne Diesel (with standard suspension).  

The reason I am giving these struts only 2 stars is...See more",0,2
"Very good company to deal with. Ordered suspension for VW touareg
Delivered to Ireland in 5 days. They 
use DHL ...... No messing
Shocks look top class👍",0,5
"I haven't got it fitted yet so don't really know how good they are!
Only being fitted on 22 January.
Parcel arrived a day early.",1,5
The parts fitted perfectly. Came on time. Price seemed reasonable.  No negative points at all! Thank you.,1,5
Everything was fine! The Qualitie of the Product is as expected. Deliverytime was perrfektly quick.,0,5
"Great service. Exact part turned up early.
Will use again for sure! Highly recommended 🤩🤩🤩",1,5
"Great looking piece of kit.
Well priced and delivered very quickly.
Passed to the garage for installation.",1,5
"Very prompt service and delivery. Part is excellent quality, easily fitted and as good as OEM.",1,5
"I'm pleased with the quality of the goods and the speed of delivery. 
Thank you from a very satisfied customer 😊",1,5
Thankyou!! The BMW X5 rear suspension units arrived as promised and work perfectly,1,5
Clear and simple onlineshop. Fast delivery(few days) here to Finland and high quality products.,1,5
"Aerosus had the part that I needed for my car at the right price, delivery was prompt and efficient",1,5
Very knowledgeable team who helped me get the right parts. Fast delivery and parts packaged really well.,1,5
Very efficient delivery Seems to be good quality fitted well on the vehical Car riding very smoothly so I hope for long  and comfortable riding and service,1,5
"Advice and confirmation of suitability, delivered one day in advance of projected date, good notification on ETA. Fitted and so far they seem to performing well.",1,5
"Website,Product,Delivery all First Class. Always use Aerosus - 10/10",1,5
It’s good company and delivery is coming in the same times,1,5
"Ordered a pair of rear suspension airsprings for a BMW X5 E53, however I subsequently noticed that I'd chosen the wrong ones for my car (there are sport and non sport versions).  Contacted Aerosus support who understood the issue immediately, cancelled the order before it shipped and refunded my paypal account within the day.  I will be re-ordering the correct parts once the funds reach my bank account.  Overall very impressed with their customer service.",0,5
"Arrived ahead of schedule, parts were an exact match ,installed in less than 2 hr. Would definitely recomend. Saved over 5k compared to OEM",0,5
"Perfect, thank you.",1,5
"Good item, fast shipping.",1,5
Excellent product fantastic service,1,5
"Very good quality for the price, easy installation thanks to the video on the manufacturer's website, I need to replace two rear shock absorbers, I will definitely use the offer of this company",1,5
Great service. Exact part turned up early.Will use again for sure! Highly recommended 🤩🤩🤩,1,5
Delivered on time. Good product,1,5
"I ordered a suspension pump a few years and was not disappointed.This time around I ordered a couple of suspension bags for my 5 series.  They arrived in super quick time, and the price was far cheaper than anywhere else, that's not to say that quality is compromised, as I've heard from many friends and independent bmw ecperts that the quality is an good as any other retailer.Fitting was easy, and so far so good.",1,5
"Top part goes in place with no problem, no configuration needed with computer. Only trouble was dhl not delivering saying there was nobody at home, not even calling while my wife was there. After a call to dhl, they finally made the delivery.",1,5
Fast delivery good price and quality,1,5
"Advice and confirmation of suitability, delivered one day in advance of projected date, good notification on ETA. Fitted and so far they seem to performing well.",1,5
The parts fitted perfectly. Came on time. Price seemed reasonable.  No negative points at all! Thank you.,1,5
"Fast and reliable service, Thank you",1,5
The part was delivered quick and professional. Plus the quality of the part seems to be very good. The part fitted very good to the original connection parts.Thank you,0,5
Just what I expected.I will buy again,1,5
"Website was very easy to use and find parts required. Prices very competitive.Delivery time was brilliant, parts arrived well packaged and fitted perfectly no complaints at all",1,5
I haven't got it fitted yet so don't really know how good they are!Only being fitted on 22 January.Parcel arrived a day early.,1,5
Fast delivery and excellent quality.,0,5
"The air springs arrived promptly, even though they were posted from Germany, I was very pleased with the quality.  Once again Deutchland impresses with great engineering",1,5
"Good Item, good service, good comunication support.",1,5
I bought airmatic bags & air compressor at very reasonable prices with 2 years guarantee.I ordered 2 airmatic bottles but ordered 2 the same by mistake .They said i could return the other one for a refund .I looked several web sites inc  at ebay & amazon but theirs are aupplied by a German company & have such professional information showed  more me confidence .Their attention for clients is very impressive & immediate . Delivery by DHL .Thank you,0,5
"Fantastic company, well made product and quick service.",1,5
Immediate service and the order arrived in 3 days in my country at a not very expensive cost.,1,4
"HiVery easy and very reliable service provided , delivery came 2 days earlier than the expected on the website, great quality parts just a all round great service, I will definitely be using them again if needed",1,5
It’s good company and delivery is coming in the same times,1,5
"I changed the two airsprings 7 years ago using these same parts.  The BMW part had lasted only 4 years while the Aerosus did 7 years.The two new air bags arrived here in UK from Germany in less than 5days and I have fitted both of them today. The whole job took me less than 30 minutes ie 15 minutes a side, this was because I had everything ready to jack up and support the car. There are some good videos of the job on the internet and it really is a very easy job but do make sure that your vehicle is securely supported.",1,5
Excellent costumer service and very quality parts,1,5
Part came on time.,1,5
Excellent quality very good service and very fast delivery,1,5
"I recently changed the suspension on my vehicle, and I couldn't be happier with the results! The new setup has significantly improved the ride quality. It feels more stable on the road, and I’ve noticed better handling during turns and over bumps. The vehicle now feels more responsive, and I have greater confidence while driving. The installation process was straightforward, and I appreciate how much smoother my rides have become. Additionally, I love how the new suspension enhances the overall aesthetic of the car.Overall, I highly recommend considering a suspension upgrade for anyone looking to improve their driving experience. It's made a noticeable difference for me!---Feel free to modify this based on your specific experiences or details about the type of suspension you changed (e.g., coilovers, shocks, leaf springs) or the vehicle itself. If you need more tailored feedback or information, let me know!",1,5
"I had the best experience with this company. I ordered suspensions for my car and had to return one of them. I had no clue how to do it. The ladies at their customer service were with me within seconds and walked me thru the process. They are so professional and friendly, I couldn't believe, and I  had some annoying questions. Returned the package, got a refund within days and had the new part too. I can't be happier. They really cared about me as a customer. I definitely order parts from them in the future. Thank you Aerosus.",0,5
Faster than quoted delivery excellent price and quality,1,5
Great looking piece of kit.Well priced and delivered very quickly.Passed to the garage for installation.,1,5
"Aerosus had the part that I needed for my car at the right price, delivery was prompt and efficient",1,5
Quick safe and secure delivery,1,5
"VERY HELPFUL, ACCURATE PART & DELIVERED EARLIER THAN PROMISED",1,5
Very simple ordering and fast delivery 🙌,1,4
"I originally ordered 2 replacement shocks in May, my October order was a replacement for one of these which was faulty. However, I contacted Aerosus customer services and they worked with me to get the faulty one returned and a refund issued to cover my second purchase, great service, thank you!",1,5
Units seem good work well and easily fitted. Delivery was really long though which aint great but guess it was because they came from Germany. However could still be quicker delivery,1,5
"great price, warranty for 2 years, fast delivery, recommended",1,5
Brilliant experience. Ordered 3pm and suspension parts delivered by 10am the next day. Half the price my garage priced for the parts and my garage said they will consider aerosus going forward (over Range Rover parts).,1,5
"the staff at Aerosus Germany couldn't have been more helpful, the part i ordered was wrong through no fault of there own, they provided a prepaid return label to send it back , within 2 days of it arriving i had a full refund..great customer service, thank you",0,5
"Awesome price, great customer service.",1,5
"Very prompt service and delivery. Part is excellent quality, easily fitted and as good as OEM.",1,5
"Great service all round. Fantastic product, delivery time etc.",1,5
"Very speedy delivery, great Shock Asorbers and a great price, will definitely use Aeorsus again. Product information was accurate and packaging was great too. Thanks",1,5
Thankyou!! The BMW X5 rear suspension units arrived as promised and work perfectly,1,5
"We are based in the Scottish highlands, where postage and delivery can be quite controversial because of geographical locations.My dispatch, and delivery was completed before my expectations.This will be my go to company should I need to use again. Very impressed?",1,5
"It came in record time by DHL,Superb. Once fitted the parts made a huge difference to my driving experience,Well pleased",1,5
This is the second Range Rover L322 air strut I’ve fitted and I think the product is great. The new fitment for the air connection ensures there are no leaks.Did hear someone on You Tube saying you were just rebranding Chinese products but these to me are good quality. I’m going to buy new airbags and struts for the rear now and hopefully the car will feel like it did when it left the showroom 13 years ago.,1,5
the items came quickley and were spot on.,1,5
great Quality und great customer service!,0,5
Clear and simple onlineshop. Fast delivery(few days) here to Finland and high quality products.,1,5
"Once I entered my vehicle details, Aerosus told me which parts I required and they fitted perfectly and fixed my problem.Also so by far a lower cost to me than buying from Mercedes.",1,5
The company responded very professional to my problem and help me to enable the item warranty in easy steps.,0,5
Delivered on time,1,5
Good quality product. Good communication and quick delivery.,1,5
Received very fast - shock absorpers fittet perfectly on car. Came back as 4 air suspension also works,1,5
"Excellent quality, fast delivery, reasonably priced, I’m very happy",1,5
"This is my review following my installation of two rear, complete strut assemblies for my 2013 Cayenne Diesel (with standard suspension).The reason I am giving these struts only 2 stars is because although the parts looked like decent quality when they arrived, (a) they were extremely difficult to install, and (b) the rear ride height is now higher by about 2.5 inches than the front.I believe the Aerosus replica strut assemblies are longer than the OEMs but, I cannot be absolutely sure because I did not measure them against the OEMs I removed.   Why?   Because both of the rear springs on the OEMs had broken so any measurement would not have been accurate.However, if I could post pictures on this review, you - the reader  - can judge for yourself WHETHER the rear ride height looks normal.  With the OEMs, there was no differential ... I believe ... and even if there was, it was not noticeable to the naked eye.Look, maybe the Aerosus replicas will ""settle down""  as the company claims.  If it does, then, I will retract this review and post a new one.  For now, this review is accurate",0,2
Excellent serviceParts arrived quickly and well packaged.  Excellent quality parts that fit well.I will recommend you to our two local independent landrover garages in the UK.,1,5
Very knowledgeable team who helped me get the right parts. Fast delivery and parts packaged really well.,1,5
"Excellent service,  thank you.",1,5
Ordering could not have been easier. Clear website layout with the appropriate item linking with the matching vehicle made selection reassuringly straight forward. Prompt delivery and excellent packaging ensured product arrived on time and in good condition. Purchased four new air springs which should give long term reliability and peace of mind.,1,5
"Just had the airbags fitted today.mechanic stated that the parts were quality,and easily fitted.I'm very pleased with the products,and wouldn't hesitate to buy from aerosus in the future. Thank you.",1,5
Quality parts and reasonably priced..parcels arrived on time..,1,5
"Needed a replacement electric strut for my 67 Seat Alhambra.  Dealer part over £500 per strut. Found this company a large German operation but with a UK  contact website.  Ordered strut arrived from Germany in a couple of days.  Exactly the same,  fitted by Garage in 20 minutes, half the price including   fitting .",1,5
"Perfect service, arrived as promised and now fitted",1,5
"Very impressed with this company. Great price, excellent communications and fast delivery. This was my first time using them but I will have no hesitation in using them in the future and I am happy to recommend them to others.",1,5
"Great material, quick delivery and very good price",0,5
Speedy delivery and after sales team second to none.,1,5
"Website,Product,Delivery all First Class. Always use Aerosus - 10/10",1,5
Good value for my money More than I expect.,1,5
Good customer service and fast delivery service,1,5
"Fast delivery. Parts fitted, expect to last! Bought left and right airsprings, but not labelled l and r, if they are universal why sell as l and r?",1,5
Very easy to order and the quality parts were delivered quickly.  I’ve used Aerosus a few times now and the experience has been consistently good.,1,5
Hi. An item was delivered in time as expected. Car part looks solid built as original. The Quality will see after a time. I think it could be recommended as a good replacement of original part.,1,5
"Excellent product and brilliant customer support. I had a lot of anxiety about this, but no need. Received very detailed advice about what part to order. It arrived quickly and was of a high quality. Fitted it myself. Range Rover now drives better than it has for years.",1,5
"Highly recommended too all companies, super fast shipping",1,5
Very good quality fit perfect delivered on time. excellent service.,1,5
Ease of purchase and speed of delivery excellent. Item fitted easily,1,5
Very efficient delivery Seems to be good quality fitted well on the vehical Car riding very smoothly so I hope for long  and comfortable riding and service,1,5
All good would be nice if it had a asembly diagram,1,5
Excellent after sales assistance,1,5
Fast and efficient,1,5
"Products arrived the day before estimate. Quality, look and feel seems on par with OEM parts. Fitting was very simple. Have since driven several hundred miles and everything seems to be fine.",1,5
"I bought a pair of suspension bags back in 2019 and, having lasted 6 years, need replacing. Given the original BMW parts lasted a similar time and are considerably more expensive these Aerosus parts can knly be seen as a bargain.",1,5
Parts easily identified for my car which then arrived within th time frame quoted. Well protected by packaging. Half the price of a Mercedes Parts dealer and fitted easily by an Independent. Changed both rear air suspension units for the same price as one - Brilliant,1,5
Very good company to deal with. Ordered suspension for VW touaregDelivered to Ireland in 5 days. Theyuse DHL ...... No messingShocks look top class👍,0,5
"Hallo , Im very happy. Everiting great and fast.",1,5
"Avoid at all costs. The products are well made however, if you have an issue like I did, they do not act prudent or do they seem to care. This company is in Germany with no US options. I was sent a faulty shock absorber and it took me 6 months to get a refund. I wanted to return the shock but they did not offer that opportunity. I had to buy shocks in the US and fight to even get a partial refund.",0,1
Fast delivery,1,4
"I have purchased from you before, on which occasion the service and the product proved to be of a high standard. I therefore repeated the excercise, and the result was the same.Thank you.",1,5
Excellent . Fast delivery,1,5
the item was exactly what i ordered and delivered in time. thank you very much.,1,5
"I needed to buy a solenoid for an Aerosus Compressor I bought new two years ago, I contacted Aerosus directly as I couldn’t find a source for the part, I was told that Aerosus do not supply spare parts for their compressors, so I’ve had to right off a two year old compressor for the sake of a £20 to £30 part.This is shockingly bad service from Aerosus, I will never buy another or recommend anyone buying a product from them.",0,1
"A Quality Item that arrived very quickly, as described and at  a great price.",1,5
I'm pleased with the quality of the goods and the speed of delivery.Thank you from a very satisfied customer 😊,1,5
"Good price, Good quality, Good service.",1,5
"Super ,easy money",1,5
Absolutely brilliant service recommend it to anyone,1,5
great product it well and delivery bang on time.,1,5
"Accurate, good quality, fitted straight away.Whole car (W212 E class saloon) is now on Aerosus full air suspension. At 133,000 miles the difference is astonishing. Funny thing Dampers (shock absorbers), you don't realize their condition till something else makes you change them. Me it was an air suspension on the front that prompted the replacement and an MOT misting advisory for the rear.",1,5
Prompt delivery and great quality parts,1,5
"The product was delivered on time, and fit perfectly as advertised. Great response times and assistance from the team on queries raised. Would highly recommend Aerosus",1,5
Simona was spaking very good english. And order was done perfectly.,0,5
"I bought parts on January 14th it's now Feb 25th and I still have not received my parts, I've been lied to over and over again, and my car is in the shop being 75 per day storage fee, because these parts still haven't arrived, they don't won't give my money back, they keep making excuses",0,1
"I received a broken part, and it was packed in its original packaging! Did someone blind pack it, or was it actually shipped like this on purpose? That’s completely unacceptable!First, I paid for my order, and the company canceled it without any explanation. Now, you’re sending me this defective item? This is beyond frustrating and unprofessional!",0,1
Dealing with a company who specialise in exactly what I needed. Although based in Germany their delivery and updates were first class. Their prices were good and the air suspension compressor they have supplied is clearly a first class piece of manufacturing. Although not yet fitted I am thoroughly impressed with Aerosus,1,5
"I bought BMW X5 F85 shock absorber with VDC right 2015-2018, SKU: 170229-2, 2 parts (right and left Parts) with F15 Air Suspension Compressor SKU: 165520. Sadly both the shock absorber  rear right and left are damaged after six months, one is leaking oil and second shoe is damaged,  and also the Compressor always make a funny noise, like cracking noise. when I tried to replace it with new order, I found out that it has limited 2 years warranties, but I am confused now as to what to do, the car is bumpy everytime I drive it.",0,1
Good product and quick delivery.,1,5
Direct fit parts saved my strut when check valve was leaking,1,5
Called the company up was really helpful 😀,1,5
"Excellent product, excellent service and speedy delivery, cannot fault them.",1,5
"Ordered a compressor and 2 air springs for a BMW f15.I received my order very fast but only the compressor and 1 air spring was delivered (shipping to South Africa can have issues). Customer service was very polite and and acknowledged the missing part, they assured me that the remaining part would come and kept me updated.When all parts arrived they were fitted very easily and the quality is very good and looks very similar to the original parts.Apart from South African shipping the packages came quickly and the compressor was packed in a protective foam that worked very wellI will definitely use this company again and can recommend it to others.",0,5
Just the job and at a fair price will use again,1,5
I wanted better quality tubesThey bend a littleeverything else is fine,1,4
102 / 5 000Top Service when I had to return the item! Very good information about return paperwork and money in the account :-)!,0,5
"Serious and friendly customer management, quick delivery, good quality products. I strongly recommend this company!",0,5
"WARNING!! NOT TO BE TRUSTED IN ANY WAY they sell WRONG parts and then refuse to refund, they pretend to give an useless voucher (expiring after 12 months) supposed to be used to purchase some wrong (china?) parts on their website.",0,1
Ordered air suspension dampers and a compressor to my XC90 2016. Had issues with the compressor that made a strange clicking sound and suddenly it was giving fault codes. But Aerosus helped me and sent a new compressor that is now working correctly!There's still a clicking sound front suspension but that needs more investigation in workshop before knowing exactly what it is. Aerosus said that they can help out as well if there's any fault with the damper.,0,5
"Very quick delivery and quality you can trust.The replacement compressor has transformed the level time of the suspension.This is the second time I have use Aerosus, had replacement air springs 3 years ago which have been great. Originally ordered from aerosus because of all the good reviews on mb forum.",1,5
The speed of the delivery and a very good price thank you,1,5
NOT TO BE TRUSTED IN ANYWAY……This company goes back on their word and you can not speak to any management even when it is a very serious complaint.They promised to give full refund but then changed their mind and said I can have them in vouchers for the company…?? not sure why I would want vouchers for this company and I said I want my money back.They then changed their mind on that and said they would give nothing back on the basis I refused the voucher… which is disgusting and morally wrong.They also said they would refund in full the part that I paid. £885…. They then only paid back £765 and would not pay back the remaining £120.. Again lying and not following what they have promised on the phone which was all recorded.This is totally unacceptable and I still don’t understand when this matter is as serious as it is putting my children’s lives in danger why NO MANAGEMENT gets in touch.they do not care and cannot even pay back what the promised.PLEASE DO NOT BUY FROM THIS COMPANY !!They will sell you faulty goods and they have zero interest after as well as not refunding the full amounts when they say they would…THIS COMPANY SHOULD BE ASHAMED OF THEMSELVES AND THE COMPANY DIRECTORS SHOULD REVIEW THIS ITS BEYOND DISGUSTING….,0,1
"Product is excellent ,if parts ordered doesn’t fit or you make a mistake during the time you order……you stock wit it.!!!! Return parts on your coast $$$ my experience show me that by the part from Mercedes on my case would have been cheaper.the quality off the parts is excellent unfortunately the fact that the company is to greedy don’t pay the return bill it’s bad ,they’re make money out of me !! But loose a customer",1,2
"I bought a air suspension compressor gor bentley, which came with a 2 year warrantyUnfortunately the product became faulty after 12 months.The initial response was very disappointingHowever, following discussion, the management agreed to provide a 50% refund of £200. Once the replacement part is fitted I will need to return the faulty part for inspection.Thank you for this sensible and compromise solution",0,5
"The website is easy to navigate through to get the right parts, shipment is really fast, 5 days to NZ from Germany on the other side of the world! Parts are good quality and packaged well.",1,5
Great value for money and delivery in time.,1,5
"Good Quality and very good Customer support ,very good Price !",1,5
"Hastle free, tracking order, good delivery time,",1,5
"Great product, fitted perfectly.",1,5
Great product delivered quickly.,1,5
Great product with all parts needed,1,5
"Very quick delivery (I paid extra for this though)Excellent products,first time fit.",1,5
Very easy to place an order and extremely fast delivery.,1,5
"PROFESSIONAL AND RESPONSIVE TO MY QUERIES ABOUT THE PRODUCT, GOOD QUALITY AT THE RIGHT PRICE,SPEEDY DISPATCH AND DELIVERY, WE WILL USE THIS COMPANY FOR ALL OUR FUTURE REQUIREMENTS.",1,5
Brilliant did the job very happy great price,1,5
I received my order in 3 days ( I live in Mallorca)It was well packaged and exactly what we neededWe are very happy with your service,1,5
"Terrible. They got the item from Hermany to within a 100 miles of my home in the UK, then sent it to Utah, USA.A week, and a dozen calls later, and I've still no idea when, or if, I'll get my parts or my money.Customer Service have no powers to be of service, just allowed to pass messages on.Untrusted by management perhaps?Aerosus is the business embodiment of Erectile Disfunction.Shop elsewhere, out of the little eu preferably.",0,1
Parts arrived from Germany within 24 hours. Working up to expectations,1,5
"I am private customer,My impression from Aerosus was outstanding.Communication with the stuff,service unbelievable ,prices honest,and the delivery was as soon as possible.I will recommend Aerosus as a great pro experience to all .",1,5
Excellent service as always and quick delivery to the UK. Would recommend.,1,5
"The part arrived in quick time, was very well packed and has now been installed in my BMW. Very pleased.",1,5
"Superb presales advice and service, excellent quality products and very, very fast standard delivery.",1,5
Ordered on the website and turned up few days later by dhl very easy to use would recommend 👍,1,5
"Rapid delivery, great replacement for failing pump. Nice and quiet",1,5
"Ordered air compresror last year, it was noisy from day one and finaly failed after 12 months raised claim to refund no response waiting day for replay so far ,quality of compresor is poor and don't last long better buy wabco oem for just bit more £ ,need car to work so any day of waiting I'm losing money  also faulty compresor blown pre fuse   so that generated  another 300£ on top  i want full refund ASAP inc charge etc",0,1
Excellent customer service,1,5
Very easy to order and pay for the parts.Communication was very good and the shock absorbers are top quality.,1,5
Identique à l’originale montage plug and play,1,5
Part is installed and functioning well.  Shipping was faster than estimated. Will use this company again for European parts.,0,5
"Came pretty quickly from Germany to UK. Straight forward install at home and part fitted with no problems, ride much improved.",1,5
"Great product, speedy delivery.Ordered an air compressor for my BMW X5 F15 and it was the complete unit including the fuse. Fits like oem for less than a 1/3 of the price. The unit Also cleared the error code/light I had on my dashboard prior to fitting “Chassis Function Restricted” without even having to plug in the diagnostic tool. Would 100% recommend and will buy future parts from Aerosus when required.",1,5
"Good price fast delivery, no problems fitting, though no fitting instructions supplied.Range Rover l322 2012Replaced all four corners no leaks or suspension faultsWould certainly recommend",1,5
Quick delivery and good quality. So far so good!,1,5
"The rear struts with ADS were perfectly packed and the delivery was quick. Fast and easy order, quick handling and perfect fit struts. Thank you!",1,5
"I needed some shocks and the car manufacturer wanted £630+vat! something to do with the fact they have ""self leveling"". Anyway, the ones supplied by Aerosus are a perfect match and fit and seem to work just as well as the OEM units.Done over 1500 miles on them now, so far so good!Customer service team respond well to chat and delivery was spot on!",1,5
I bought two rear shocks for my santa fe 2015. The service was absolutely brilliant. Recomend 100% would buy again!,1,5
Very helpful when I called and lucky I did as I would have ordered the wrong part. I needed it urgently so paid extra and it arrived the next day. I would definitely use them again.,1,5
Really helpful man on the phone and the buying process online very easy. Delivery without problem and within the time frame that was confirmed on purchase. Couldn’t fault the service. Too early to comment on the product quality ( due to be fitted to my car in a week or two ),1,5
"Fast delivery, god support!I will bye her again!100%",1,5
The parts arrived very quickly and a refund for wrongly ordered parts went without a hitch.,1,5
"I ordered a compressor for an FO1 BMW 7 series. When fitted it made a sound like a pressure washer. It was 100x louder than an OEM compressor and physically not of the quality of an OEM part (they repackage the same cheap Chinese compressors seen on eBay, and label them as ""tested in Germany""). I contacted Aerosus, who were not as fast to respond as I would expect. They arranged for it to be returned, assessed it, and then despite me asking for a refund, attempted to ship me a new one. As it stands, they are refusing to fully refund what I paid, claiming this is a ""shipping administration"" charge. If you need air suspension parts, either buy genuine, or the OEM parts (typically car air compressors are made by WABCO). Avoid Aerosus at all costs.",0,1
Original item was faulty after a couple of months use. Returned to company via prepaid slip and once checked replaced FOC,1,4
Avoid this company. Airbags quality is really poor. Mine have blown up just after 2 weeks on motorway causing alot of damage to my car leaving me and my family stranded for hours. Refused to refund in full. Very poor customer serivce.,0,1
"Fast delivery , good price",0,5
Quick delivery and best price. Would definitely use this company again.,1,5
"Fantastic service! Order on Sunday eve and had delivered on Tuesday, website really user friendly and the prices are fair. Thanks to these guys (and of course my husband) my car was back on the road Tues Eve",1,5
"Great quality parts and fit perfectly, wouldn't buy anywhere else for these type of partsThank you",1,5
Great products fitted the car perfectly. And great customer support and live chat,1,5
"Product competitively priced, good quality and delivered promptly.",1,5
Top quality. Good price. Fast delivery.,1,4
Part was very good,0,5
No hassle speedy delivery - 2 days from Germany!,1,5
V fast delivery. No problems whatsoever ordering a part from Ireland. Well done.,1,5
Part received in a very quick and efficient manner.. part worked with no issues as described,1,5
Great service / speedy delivery from Germany- no hassle or extra charges - accurate tracking / comms great. As for the compressor - fitted and worked straight off but it's early days yet - too soon to tell if it is going to last. All good so far. Pump does seem louder than the original...,1,5
"Great service, good quality parts.",1,5
Great delivery time from placing the order. Very easy to find what i needed.,1,5
"I cannot recommend this company. I bought a set of Mercedes W211 AMG E63 struts and they were faulty out the box. No replacement could be sent without returning them, so I purchased another set so I could keep my car on the road. The second set was also faulty! These shocks appear to be made in China rather than Germany.I've spent a small fortune on having these shocks tested and fitted, taken off etc. Eventually bought Arnott which have worked out the box.Aerosus at the moment not offering me a refund on this first set even though they were alerted within days of their arrival - instead trying to give me a store credit!Even with a refund, will still be out of pocket for using this company's product. Annoyed.Did get a refund in the end - but it was a pain.",0,1
"Very prompt shipment, thank you",1,5
Do not order from here. They are scammers. We returned an item because it was damaged. And we are still waiting for our money. They are impossible to reach. They do not respond to emails or phone calls.,0,1
supergutundgut,1,5
Good and quick delivery,1,5
"Good price and good product, fast delivery. Home page easy too navigate. Recommend.",1,5
Super!!!!!!!!!!!!!!!!!,1,5
"There was a mistake on the refund for the items I returned. First I really struggled with customer service with emails back and forth and then I called. I had a conversation with a wonderful person who was really kind a helpful with every detail and also soved my problem. This company is very very lucky having this person on board, who is kind a speaks wonderful english and willing to help the customer. Someone who really struggles with customers services in Germany he was very rare example, I was lucky this person answered the call and solved my problem in 10 minutes. Kudos for Evangelos Skafidas! 🙏🏻",0,5
"Showed the article, ordered but never delivered. The stock shown was wrong",0,1
"Top service, very nice and helpful sets so you can sure that set fits your car. Very quick delivery. Top rating.",0,5
"Poor customer service.1.I place the order online.Two days after no message at all from Bandel2.I inqure about the status ( already paid in full , to be clear) of my order and I get a replay that my order is not active as the address is faulty !3.Thank you Bandel, I will send the corect address via e-mail on the spot.4.I recevie response that now everything îs fine and the order is dispatched.5.I get a tracking number and when I check the status of my package I find ouț that my staff is ready to be shipped Internațional!!!6.I write back to the same useless Bandel rep that messed up my order and till now I did not get any replay from his side nor from Bandel side.Very disapointed Bandel !Very bad image,poor attitude no comments.I see strong marketing,big words on how many products you have, how many years of experience yet Bandel is unable to do one order correct.I talk about my first and only experience with Bandel.You better invest a lot in your employees,train them coach them guide them how to be effecient and effective.As from my standing point you are nowere near the spot.I will ask Bandel to refund my money back and promise I will never bother you with anyorder.I use the competition 9 ouț of 10 Times where everything goes very easy , great customer suport!But they did not have what I was looking for !With your mistake you ruined my plans I made just before Christmas counting on your proper service.And please have a one on one talk to the Rep.employee ( I have his name ) that did not bother to answer back and tell him that is extremely rude on his attitude.About his ability to fulfill his job, he failed from my side.",0,1
amazing . alles perfect.,0,5
"El mes de noviembre 2022 he comprado a través de eBay un catalizador para un Mini Cooper S cual me ha llegado con defectos en las roscas de los sensores y las chapas de sujeción también,cosa que he reclamado y me han devuelto 20€ de un total de 201€ ... hoy mes de octubre 2023( 11 meses más tarde )tenía que pasar la inspección técnica del vehículo y me han puesto falta grave por los gases porque el catalizador ya no hace bien su función.. según la garantía que dan por el catalizador la tienda BANDEL AUTOMOTIVE me deberían de devolver la cantidad entera de la pieza más la mano de obra de montaje cosa que yo no lo he reclamado y me he puesto en contacto con ellos a través de eBay por donde he realizado la compra y les he enviando foto del resultado de gases de la ITV pero ellos me dicen que la pieza ya no tiene garantía....parece que muchas tiendas online de Alemania están siguiendo los pasos de China tanto en calidad como la forma de los tratos con los clientes .... MUCHO CUIDADO CON ESTA EMPRESA 👎👎👎👎👎👎👎👎👎👎👎👎👎👎👎👎...yo seguiré dejando este mismo comentario en todas las páginas que aparecen en la web además les voy a reclamar a través de la OCU y por lo menos recuperar el dinero del catalizadorIn November 2022, I purchased a catalytic converter for a Mini Cooper S through eBay, which arrived with defects in the threads of the sensors and the fastening plates as well, which I complained about and they refunded me €20 of the total. of €201... today October 2023 (11 months later) I had to pass the technical inspection of the vehicle and they gave me a serious fault for the gases because the catalyst no longer does its job well... according to the guarantee they give For the catalyst, the BANDEL AUTOMOTIVE store should refund me the entire amount of the part plus the assembly labor, which I have not claimed and I have contacted them through eBay where I made the purchase and I have sent them a photo of the MOT gas result but they tell me that the part no longer has a warranty....it seems that many online stores in Germany are following in China's footsteps both in quality and in the way they deal with them. clients.... BE VERY CAREFUL WITH THIS COMPANY 👎👎👎👎👎👎👎👎👎👎👎👎👎👎👎👎... I will continue leaving this same comment on all the pages that appear on the website and I will also complain to them through the OCU and at least recover the money from the catalyst",0,1
Perfect working,0,5
Hat alles super funktioniert. Danke,0,5
"I ordered a set of Brembo discs and pads in their Ebay shop. Both discs turned out to be crooked and needed to be corrected before they could be used, which costed me an additional 65 EurCustomer ""service"" is non existing and they don't give s... about EU law.I have tried to contact Bandel-online on both Ebay and directly to their webshop, but without any luck.STAY AWAY from this company.",0,1
"Ordered set of brakes and disks, came within few days through strong tracking. Experienced some confusion with my order, called customer support. 5/5 English was no problem, employe gave me multiple solutions and explanations. I will use their services again for sure!Kindest regards.",0,5
"Great price on a part in which everyone else was out of stock.  I made 3 previous orders at other local (US) retailers, and they each cancelled and said it wasn’t actually in stock as advertised....See more",1,5
"Pricing in Australia for OE and aftermarket automotive components is out of control. 
Providing high quality brand name aftermarket components at a third of the prices in Australia is fantastic se...See more",1,5
"The experience with trodo was great until I had to pay £109 tax before I could receive my parts as I’m in the uk.
It’s a shame because the prices of the parts from trodo are great. Also a shout out t...See more",1,5
"ordered parts that didnt have everyting.offfered subsitute but i declined, parts available sent out and refund on balance. All done very quickly and more importantly painlessly",1,5
"one part poor quality, and one part says not compatible with my vehicle and I paid extra to trodo to confirm this before dispatch.  ordered on 9th and delivered on 22nd . 
Trodo replied to my review...See more",1,5
Worthwhile. More expensive than other suppliers however they did not try to use Evri to deliver - which is a deal breaker. (I have stopped using Autodoc because they use Evri and also tack on a crafty...See more,1,5
Trodo helps me to fix my car by delivering good quality branded car parts that I required to make 20years old car roadworthy once again without paying crazy money in garages around here. Fast shipping...See more,1,5
Good feed back to my questions as I am in Ireland and returning incorrect parts would make it viable.  Delighted with purchase and great delivery time.,1,5
Super reliable company. Items arrived well packaged and within specified delivery timeframe. Part correspondence as per item listing is very helpful in making sure the correct part is purchased. Plu...See more,1,5
"Trodo is the Best place to buy VAG parts ive found. They offer VIN check accuracy, and freight fro EU to AU is faster than postage within AU most times. Cant fault them, Perfect every time ive used th...See more",1,5
"I ordered from southern Ireland,  and I thought it was a good service with emails etc. I haven't fitted the lart yet,  but I expect it seems accurate.  Shipping was decent time frame. 
I'd recommend...See more",1,5
"had a partial item missing for my order upon delivery. 

The team handling after sales was prompt in the service recovery.

Will support again. 

Thank you!",1,5
"It easy and user friendly website. I hope more parts for Japanese vehicle will be available. Also I need a steering rack for my BMW X1 F48, but couldn't find it. I hope it will be available in Trodo i...See more",1,5
"Very good prices, 9/10 times they have everything i'm looking for. Fast, efficient, good customer service. I love buying from here.

Very user friendly website as well.",0,5
"I'm in Ireland and I ordered two headlights for my Hymer Motorhome. I was very happy with my experience, the product was perfect, the delivery was quick and the ordering was easy. I would purchase fro...See more",1,5
"Good value and first class product's  very helpful staff who checked the parts were correct for my car,shipping was a little slow this was due to the carrier",1,5
"The process of ordering to delivery was very fast. And the part was the correct one, so I am happy. However, I have to say that the immediate post-ordering support was not up to par. They could not co...See more",1,3
The item isn’t on the right diameters it’s a bit shorter than supposed to be second thing. There’s two additional holes on that pipe which you can see there was simply like made it by a knife or somet...See more,1,1
"Trodo is completely unreachable. They don't respond to emails or chat and are impossible to reach by phone.
Unfortunately, DPD's Dutch customer service is unable/unwilling to help me because (a) the...See more",0,1
"Order was timely, even when the parts were not available, I chose alternatives by Email, and got a 10% discount on them, the difference was also refunded.

Packaging arrived safely, with all the cor...See more",1,5
"Great selection, great prices and tons of cheap shipping options. Ordered there dozens of times and was never disappointed",1,5
"Great service,easy to use website made it easy and affordable to buy a hard to find part for my classic. Part arrived quickly and well packaged.",1,5
Really good services and the check comparability option is a good piece of mind that you ve the right part,1,5
"All my questions were answered. Your people responded quickly. The part arrived intact and as ordered. The parts fitted perfectly. The price was competitive.
Couldn't ask for more.
Thanks Trodo Team...See more",1,5
"The locker delivery service is terrible, avoid Mondial Relay !",1,2
Absolutely rubbish part a total rip off it failed immediately,1,1
"I’m an automotive spare parts importer in Chile, and a few months ago I started including TRODO in my regular purchases. The results have been excellent: fast service, very good shipping prices, and h...See more",1,5
"Thath cable not fit 
And delivery 2.5 week's",1,1
"Product very good, ordered multiple parts, takes a bit longer than local motor factors but prices are better if you have the time to wait",1,5
"Nice prices and website but customer service is slow and average, autodoc is superior. Ordered brake pads. One came damaged, probably due to transport. My request for a refund was funneled through cus...See more",1,3
"Easy to find the part in the on line store , shipping not very expensive and delivered reasonably quick .",1,5
Great company to deal with as they have always been able to assist in making sure I have the right parts for my cars. Super fast delivery until it gets to Botany Aus. Yes UPS needs to lift their game...See more,1,5
10/10. They delivered the items at the correct location overseas in great packaging within a week.,1,5
It is my favorite spare parts website to order. There are variety of options with high quality products. I have ordered for many different cars.,1,5
"Exelent! Ideal for european vehicles! Great range i.e budget-premium. Found 90% of what I needed. Quick dispatch, Good prices. Freight to Australia a bit expensive, but thats not down to Trodo, just t...See more",1,5
"Firstly, I purchased the headlights, both the right and left sides, a complete right and left front light.I paid approximately 215 euros  

I was surprised that the lights didn't come with bulbs, wh...See more",1,1
Didnt receive the order,1,1
"Was lost because couldn't get a new axle shaft in my country until I found trodo,i trusted trodo and ordered it and was amazed how quick I received my new axle shaft",1,5
In everything super good. Especially the shipping went super fast! Worth doing business with Trodo.,1,5
"They checked if part will be suitable for my car, and it is. Shippement arrived in 5 working day as expected. I already installed it and it works. Thanks.",1,5
This is my second time ordering automatic transmission fluid for my Toyota. I also like that they have professional ceramic brake fluid. The price and delivery are great. Thank you all very much for y...See more,1,5
"Best service, prices are cheaper to compare with autodoc. But GLS is very slow delivery.",1,5
"Great communication, and helpful, good price and a piece of mind when ordering parts that they guide you for to correct part order .",1,5
This is the third time I've ordered spare parts and the third time they don't fit.,1,2
"I placed my order on a Friday evening - and received the parts by the following Friday - ONE WEEK from Poland to Australia, I'm amazed at the speed of delivery, the price wasn't too bad considering...See more",1,5
"I am very happy that i've had choose Trodo.
Silvester from checking parts was very politely and he helped me to choose the right product .The one i have choose on my own (drive shaft ) was totally wr...See more",1,5
Ordered 4 items which came from Eatern Europe to New Zealand via DHL in 5 days. Very good products and service. Great Work Trodo,1,5
"Great service, order came in a couple of days, everything is well packed, 11/10 would order again.",1,5
I orderd tow parts and one part was not the part I orderd,1,2
I ordered 2 engine mounts and was informed for some reason there could not be supplied yet I was only refunded the price of one engine mount? This I need to pursue further.,1,3
"I would like to express my dissatisfaction with the poor customer service. I have not received any response since yesterday via email, and there is no other way to contact you.

I am facing...See more",0,1
Everything that arrived was correct and as ordered. Shipping times were very reasonable and all prices were very good too. I will definitely be using them again. It's just a shame that they don't do t...See more,1,5
"Good product, well packaged. Boxes weren't damaged at all coming to the US all the way from Poland!",1,5
"Excellent and fast service. More importantly, the postage rates to Australia are way below the competitors, making for unbeatable total prices.",1,5
It said online that it would take 2 to 3 days to be delivered with DHL but it took more than 2 weeks to be delivered. My order was delivered and fitted perfectly.,1,3
"Easy online purchase process.
Right parts first time, no issues.
Fast & reliable delivery.
Pricing excellent in comparison to buying local.",1,5
Quick response good quality brake shoes at a reasonable price.,1,5
Outstanding service as always. Quality outfit,1,5
Easy to order. Fast delivery.,1,5
The web site is very handy the service is amazing and there's something special.there is some body to check every part to make sure it's the right part,1,5
"Always good or reasonable prices and, important, fast shipment!",1,5
"Website easy to navigate. A wide range of brands to choose from and the benefit of parts checker to make sure you are choosing the right part based on your vin number.This is the third time ordering, competitive pricing, delivered on time, well packaged and perfect fitment.Will definitely buy from again!",1,5
"You are scammers!You are not running a reputable business, seems more like a scam!Price you advertise is not correct as a result i have ended up paying £100 more than i would have got the same item from eBay!!!You rip off sc*mbags!",1,1
Top Service,1,5
"All good, fast shipping.",1,5
Items are well and clearly described. Shipping takes 2-4 working days as usual. Reliable supplier,1,5
fast delivery and great experience,1,5
The worst company i have ever come across!!!I am going to try and be calm but this company has cost me loads of hustle and ££££ out of pocket!Ordered a part for my car never mentioned the import charges then item gets here i am slapped with import charge which takes the total £100 more than i would have got it from eBay locally!!!!This company is bloody disgraceful!!!! Even one star is being too generous bloody useless clowns!!!!!!!!!!!!!!!!!!!,0,1
Highly recommend. Fast service. Received the goods before expected time,1,5
The shipping was very fast and the replacement part was exactly the same as the one I ordered.,1,5
Always broken on some parts specially clutch disc not properly packed laxk of safety on parts,1,2
"Great price, super fast shipping, even showed up a few days earlyThanks!!!!!",1,5
"Fast delivery experience from Poland to USA, would definitely use in the future for my Mercedes parts.",1,5
Fast service and excellent quality productGreat communication and pricing,1,5
"easy to use site ,speedy dispatch.",1,5
"Normally a very good experience. Yet last order for a front indicator lens for a bmw e46, I ordered e left side and the right side arrived. It only cost €15. How can I ask for the correct one to be sent as it is not worth the shipping on their behalf as well as mine? I see it unfair to claim something for such little value.",1,2
Took too long for the pump to shipAbout a week before dispatch. Then another week and a half for UPS to ship and go through customs. Then UPS Charged me customs not only on the product but the shipping as well. The water pump was 80 euros. Plus shipping about 20 euros so instead of customs charging me only on the 80 euros on the product they charged me customs for shipping and product. Absolutely ridiculous.,1,2
"Excellent customer service, fast dispatching, great products",1,5
"Buying auto parts from them fir years, best experience",1,5
"The alternator itself was fine and in one piece, and a decent price.  I really like the option to have the part checked against the VIN.  But I had trouble with the delivery, it took longer than expected and I had to ring up to get it sorted - the courier claimed there was an issue with the address label (though they had our eircode so this seems suspicious).  The packaging was also not great and arrived damaged, I was very lucky the part itself wasn't damaged.",1,3
"It takes a bit of time for delivery but other than that I got the parts for my car right, and when I contacted them about my order they're very prompt to answer",1,5
Thath cable not fitAnd delivery 2.5 week's,1,1
Pricing in Australia for OE and aftermarket automotive components is out of control.Providing high quality brand name aftermarket components at a third of the prices in Australia is fantastic service.I was able to purchase and ship components at half the price I would pay in Australia.This is an effective option for small light weight components.Well done.,1,5
"Great service, delivered always on time. Thank you",1,5
Delivery servicePrice,1,5
had a partial item missing for my order upon delivery.The team handling after sales was prompt in the service recovery.Will support again.Thank you!,1,5
Great company to deal with as they have always been able to assist in making sure I have the right parts for my cars. Super fast delivery until it gets to Botany Aus. Yes UPS needs to lift their game locally. Again Trodo is a great company to deal with. Keep up the great work.,1,5
The item isn’t on the right diameters it’s a bit shorter than supposed to be second thing. There’s two additional holes on that pipe which you can see there was simply like made it by a knife or something like that. It’s definitely not the genuine part,1,1
It was easy to buy and receive,1,5
Ordered on Sat. and had it Wed. AM that is very impressive,1,5
Good range of top brand products at an affordable price,1,4
Fast delivery and a good quality and price,1,5
High Quality parts at great prices compared to what we pay here in ireland for the same thing. Great company 👌,1,5
All my questions were answered. Your people responded quickly. The part arrived intact and as ordered. The parts fitted perfectly. The price was competitive.Couldn't ask for more.Thanks Trodo Team.,1,5
Excellent Service and prompt Delivery. Also compatibility check is an outstanding service. Definately will be using in the future:-),1,5
Very Nice and fast service. Thank You.,1,5
"Keeping me adequate up to date on the proces, delivery as promised",1,4
"I am very happy that i've had choose Trodo.Silvester from checking parts was very politely and he helped me to choose the right product .The one i have choose on my own (drive shaft ) was totally wrong .Thank you very much Silvester ,my van drives  perfect now.",1,5
Prompt delivery and great value with amazing choice,1,5
"Very Friendly and professional , and very fast shipping",1,5
Best as always.,1,5
"Customer service is terrible, I used their ai bot and sent a request and got no response.",0,1
"Great services, Great Communication with staff, all responses were very fast.Shipping express",1,5
"The process of ordering to delivery was very fast. And the part was the correct one, so I am happy. However, I have to say that the immediate post-ordering support was not up to par. They could not confirm the part was the original one, and they got my address very wrong, including the zip code, which could have been trouble when the part reached my country. fortunately, the local person from DHL got in touch and I was able to correct the address.",1,3
"ordered parts that didnt have everyting.offfered subsitute but i declined, parts available sent out and refund on balance. All done very quickly and more importantly painlessly",1,5
"Fast delivery, great service. Ordered and received my parts quicker than expected — no fuss, no delays. Everything was exactly as described. Will definitely order again from Trodo. Highly recommended!",1,5
"Good product, well packaged. Boxes weren't damaged at all coming to the US all the way from Poland!",1,5
"Fast delivery and the goods were well secured, as expected.",1,5
"Good price, availability,  quick delivery.",1,5
"Great price on a part in which everyone else was out of stock.  I made 3 previous orders at other local (US) retailers, and they each cancelled and said it wasn’t actually in stock as advertised.These guys came though!  Order was dispatched as estimated and arrived on time.",1,5
Easy quick and realiable,1,5
I had excellent service.,1,5
"I picked up my parcel just three days later, which was delivered from Germany to Cyprus. it was fantastic.",1,5
"Great experience, professional, fast and competitive pricing.",1,5
The experience with trodo was great until I had to pay £109 tax before I could receive my parts as I’m in the uk.It’s a shame because the prices of the parts from trodo are great. Also a shout out to Ems garage (channel on YouTube) I’d of never of known trodo existed anyways top job guys 🍻,1,5
"Fast handling time, fast shipping time, packed well.I already ordered a few times and every time it goes smooth.Very recommended",1,5
Easy to order. Prompt delivery.,1,5
"Firstly, I purchased the headlights, both the right and left sides, a complete right and left front light.I paid approximately 215 eurosI was surprised that the lights didn't come with bulbs, which is a shame when you buy a complete light and they send it without bulbs. I don't think the bulbs were expensive; they probably wouldn't have cost more than 4 euros. It was supposed to send the bulbs to the light source. How am I supposed to install a light without bulbs? Does that even make sense?",1,1
All parts fit perfectly,1,5
Due of the situation in Saudi Arabia the delivery not arrived since 2 weeks no channel to contact,1,1
"Trodo experience was surprisingly amazing, very straight forward, good arrived in Cyprus in a week, match the car perfectly, clean OE OEM numbers and on check out you have the option from their technicians to match the part to your VIN number, will for sure buy almost only from Trodo from now on.",1,5
Extremely fast delivery i didnt expect it to be this fast lol,1,5
"Exelent! Ideal for european vehicles! Great range i.e budget-premium. Found 90% of what I needed. Quick dispatch, Good prices. Freight to Australia a bit expensive, but thats not down to Trodo, just the greedy freight companys. All in all, Happy :)",1,5
"Products and services honestly advertised, very well packaged, overall an extremely valuable service!!!",1,4
Quick Service. Got Exactly what i ordered,1,5
Both sales and after sales was exceptional,1,5
"Trodo helps me to fix my car by delivering good quality branded car parts that I required to make 20years old car roadworthy once again without paying crazy money in garages around here. Fast shipping, good prices, good quality parts.",1,5
"Easy to find the part in the on line store , shipping not very expensive and delivered reasonably quick .",1,5
This is the third time I've ordered spare parts and the third time they don't fit.,1,2
Very professional. Fast delivery,1,5
Everything that arrived was correct and as ordered. Shipping times were very reasonable and all prices were very good too. I will definitely be using them again. It's just a shame that they don't do truck part too,1,5
"They checked if part will be suitable for my car, and it is. Shippement arrived in 5 working day as expected. I already installed it and it works. Thanks.",1,5
"Fast response, fast shipping, lot's of choice and a great VIN verification system!",1,5
"I received the part without any problems; it's the one for the vehicle, and I got it at a good price from you. The carrier only charged the tax in my country; there were no hidden fees.",1,5
great service and fast delivery,1,5
It said online that it would take 2 to 3 days to be delivered with DHL but it took more than 2 weeks to be delivered. My order was delivered and fitted perfectly.,1,3
Really good services and the check comparability option is a good piece of mind that you ve the right part,1,5
Good feed back to my questions as I am in Ireland and returning incorrect parts would make it viable.  Delighted with purchase and great delivery time.,1,5
10/10. They delivered the items at the correct location overseas in great packaging within a week.,1,5
Absolutely rubbish part a total rip off it failed immediately,1,1
"Excellent seller, the part is very good. Thank You.",1,5
"I'm in Ireland and I ordered two headlights for my Hymer Motorhome. I was very happy with my experience, the product was perfect, the delivery was quick and the ordering was easy. I would purchase from Trodo again. R from Ireland",1,5
"Great service, fast delivery with insurance",1,5
"First experience of Trodo . I contact the technical help team as the parts I was enquiring were about costly and I wanted to be sure before purchase and shipping to Ireland, placed order on Saturday evening, shipped on Wednesday and delivered on Monday morning, would recommend Trodo and would use Trodo again",0,5
"My experience with the company was great, I was happy. My parcel reached on time",1,5
"Fast service from Trodo, but shipping company Ups delays to deliver.",1,4
"I placed my order on a Friday evening - and received the parts by the following Friday - ONE WEEK from Poland to Australia, I'm amazed at the speed of delivery, the price wasn't too bad considering the weight & odd shape.I really appreciate being able to source O.E.M. equivalent parts for my 20 Y.O. Renault Laguna V6 - most of my previous purchases have been from Europe or Britain, too expensive to buy here, even IF they are available!This is my second purchase from Trodo, I trust the parts will be correct as they have been previously, (not yet fitted).",1,5
Good shop with a very large selection od car parts.Great prices and fast shipping.,1,5
good service and prices.,1,5
Easy to order and arrived promptly,1,5
"Clear and organized website. You can check the compatibility, in my case the ordered relays for my car. Fast delivery. Thanks",1,5
"The parts came fast, with a good quality and packaging",1,5
Worthwhile. More expensive than other suppliers however they did not try to use Evri to deliver - which is a deal breaker. (I have stopped using Autodoc because they use Evri and also tack on a crafty £4 'return insurance' on every order... soon builds up...) In addition I could pay an extra £2 to have their tech check that I was buying the correct part. Given the masses of variants of my car / engine this was worth doing. About a weeks wait for UK delivery which is fair from EU these days. Keep purchases under the flag 'duty' limit and you won't get charged extra. You will pay shipping - however if you prefer service and reliability over price then Trodo beats the other budget EU offerings.,1,5
"Item in stock,  shipped out on time, arrived without issues, so yes good experience, I got the item I need, and was cheaper then the other online place",1,5
Professional and fast delivery,1,5
Able to get the right part,1,5
Highly recommended company to work with!Even if one part did not fit to my car Trodo help me immediately and refund me!For sure y will buy again from them!!!,1,5
Good transparency and comprehensive an easy to navigate,1,5
"Great product, fast delivery!",1,5
it’s not the first time I bought from them car parts and always they’ve done best job I sent them VIN number of the car and they find parts for me. I make my order then they just check if it’s comparability with my car and it’s always excellent..,1,5
Very good experience,1,5
"Great communication, and helpful, good price and a piece of mind when ordering parts that they guide you for to correct part order .",1,5
"I am very satisfied with the cooperation with your company, especially with the very fast service, the quick delivery, and most importantly the fact that you verify the vehicle’s VIN (chassis number) to ensure that the correct part matches the car.",1,5
Item as described and arrived on time. Shipping cost ok,1,5
"Fast shipping and even faster dispatch, recived items i ordered.. perfect",1,5
"A quick sale and delivery service,  with a detailed  tracking  service",1,5
"Excellente cooperation, Excellente communication!",1,5
Very helpfull easy to fallow quick dilivery,1,4
"I am very pleased with my purchase.Very friendly staff, very accurate with delivery date and most of all very helpful!Thank you Trodo.",1,5
Online chat could do with some improvements,1,4
Very good fast delivery,1,5
Quality of product and fast shipping,1,4
"Excellent communication, ease of website use and checkout, quick shipping and overall efficient.",1,5
"Trodo is the Best place to buy VAG parts ive found. They offer VIN check accuracy, and freight fro EU to AU is faster than postage within AU most times. Cant fault them, Perfect every time ive used them.",1,5
Got what I need without any hassle. Quick and easy.,1,5
Ordered 4 items which came from Eatern Europe to New Zealand via DHL in 5 days. Very good products and service. Great Work Trodo,1,5
"On time delivery, goid packaging, thank you",1,5
Went smoothProduct was good quality and fit perfectly.,1,5
"Good price, good quality and very fast shipping to Australia",1,5
"Great service,easy to use website made it easy and affordable to buy a hard to find part for my classic. Part arrived quickly and well packaged.",1,5
Great quality at competitive prices and really fast delivery to Ireland 🇮🇪,1,5
Professional job to prevent wrong delivery,1,5
"Clean, precise and fast",1,5
It is my favorite spare parts website to order. There are variety of options with high quality products. I have ordered for many different cars.,1,5
"Easy parts finder, super rapidly shipping, fair prices and multiple options to choose.",1,5
Great pricing and shipping costs and the item came really quickly.,1,5
The company and the fast delivery service,1,5
"Good item at a good price, delivered promptly to the UK. Thank you.",1,5
"Great service, order came in a couple of days, everything is well packed, 11/10 would order again.",1,5
Amazing price and quality,1,5
"Nice prices and website but customer service is slow and average, autodoc is superior. Ordered brake pads. One came damaged, probably due to transport. My request for a refund was funneled through customer service agents who took more than one day to respond and initially offered a 25% refund which is unacceptable, then full refund and return was agreed.",1,3
"Was lost because couldn't get a new axle shaft in my country until I found trodo,i trusted trodo and ordered it and was amazed how quick I received my new axle shaft",1,5
It took a while to send it. But the part is fine and work.,1,4
Very good part fast shipping,1,5
Such a fast shipping and great website,1,5
"Good value and first class product's  very helpful staff who checked the parts were correct for my car,shipping was a little slow this was due to the carrier",1,5
Quick response good quality brake shoes at a reasonable price.,1,5
comunication of your sale agent was very helpful,1,5
"Trodo is completely unreachable. They don't respond to emails or chat and are impossible to reach by phone.Unfortunately, DPD's Dutch customer service is unable/unwilling to help me because (a) the sender is responsible for this and (b) the package isn't in the Netherlands. My package has been in a depot in Mittenwald, Germany, since February 20th. Why hasn't it been delivered yet? Where is my package? Please respond!",0,1
"The parts were easy to find, for a compedative price. Safe payment. And quikcly shipped to a pickup point close to my home.",1,5
Great store and painless transactionSuper fast delivery.,1,5
"The locker delivery service is terrible, avoid Mondial Relay !",1,2
Good service though i wish a little bit faster response and delivery. The best I know is the possibility to ask for checking if the parts fits my car. Great service.,1,4
These guys have the right parts available for quick dispatch. Keeps my Mercedes on the road. Highly recommended!,1,5
"Great catalogue, great prices, great service.",1,5
Excellent service,1,5
Once information was given quick reaction and delivery,1,5
"Brzo i profesionalno poslovanje,cijene vrlo prihvatljive. Vrlo sam zadovoljan",1,5
"I like to their prices, but they sent the wrong item other than what I purchased.",1,3
Thank you for the fast delivery. Everything is intact and there was no damage.,1,5
"Great service!!!The order arrived in less than a week, original product (OEM LūK clutch kit for a DSG7 gearbox) fair price and they also have discount coupons that significantly reduce the price.",1,5
"Product very good, ordered multiple parts, takes a bit longer than local motor factors but prices are better if you have the time to wait",1,5
As good as expected. Perfect match for order part number. Fast shiping:),1,5
"one part poor quality, and one part says not compatible with my vehicle and I paid extra to trodo to confirm this before dispatch.  ordered on 9th and delivered on 22nd .Trodo replied to my review immediately and processed as a priority the return of the problem part which turned out to be wrong part for car. Very happy with tech support and return process & customer service.",1,5
Helpful staff and order arrived in time. Highly recommended.,1,4
"Super reliable company. Items arrived well packaged and within specified delivery timeframe. Part correspondence as per item listing is very helpful in making sure the correct part is purchased. Plus the convenience of part verification service is an added bonus. The only downside is that you can only opt for expensive shipping companies. It would be helpful to have a normal courier service (for eg. The equivalent of parcel force / royal mail) where it may take a bit longer for delivery, but the shipping cost would then not be as expensive or more expensive than the parts ordered.Nevertheless, happy to use trodo.com for the professional service. Keep up the good work!",1,5
I’ve ordered from Trodo several times and haven’t had any negative experiences so far. Their vehicle compatibility verification is probably the most useful service they offer. I highly recommend using it if you’re unsure whether the parts you’re looking at will fit your car.,1,5
Was easy to find what I need. Bought it. Got it in 4-5 days to Israel. The quality was fine. Thank you.,1,5
Good quality products and friendly staff.This will be my source from now on to buy car parts.5 stars... well deserved.,1,5
"Excellent price, fast delivery. Great experience",1,5
Excellent quality parts for good price.,1,5
Good? all parts received in time,1,5
"Professional service, fastest delivery.",1,5
I like the compatibility check which is very useful service by Trodo,1,5
"Order was timely, even when the parts were not available, I chose alternatives by Email, and got a 10% discount on them, the difference was also refunded.Packaging arrived safely, with all the correct parts.",1,5
Very fast and efficient delivery,1,5
Great and professional service .Parts ordered and delivery promptly by DHL..Highly recommended .Thank you,1,5
"Excellent value , professional staff, very good overall experience",1,5
Fast delivery.The order arrived on time.Good product quality.Everything matches the description.Reasonable prices.Careful packaging.Great customer service.I recommend this seller.,1,5
"Good quality goods, received in decent time and good communication.",1,5
"Great service, fast delivery and genuine parts, defintley will buy again",1,5
Great!!!!!!!!,1,5
All parts arrived perfect and fitted the filter kit included /air/ fuel/ cabin/ oil filter/ and sump plug and washer,1,5
"Ordered rimms and winter tyres for my new car and paid on 21st of February. They promised to deliver in 9-12 working days. Supposedly they shipped my order on 6th of March, but it turned out to be a clear lie.On 11th of March they admitted they don't know if the tyres were mounted on the rimms, nor if or when that would be done. The worst experience in my life.Complete disaster.",0,1
That was a good product by a fast shop.he customer service is super!!!Well recommended shop for quality products,0,5
"I ordered 4 summer tires 3 days ago, today they were delivered, with a DOT that is only 2 months old, so all in all from my experience everything went perfect.",0,5
"This is a disaster. I don't recommend this company to anyone. I ordered a rim, they sent me a different size, I sent them back at my own expense, they re-sent them to a different address, they returned them, and they re-sent them, and the rims arrived two months later. I opened the package and, to my surprise, the rim was scratched! It also had two paint chips. Of course, the seller doesn't care. What ignorance and treating customers like garbage. Never again. The matter has been referred to the Consumer Federation.This is a response to lies, lies, and more lies.. You're just trying to exonerate yourself, but the truth is, as I wrote, you don't care about customers or the regulations that protect them. The company's policy is focused on salespeople, not customers. So it's no wonder customers are dissatisfied with your company's service. You run a business based on commissions from other companies and thrive on ripping off customers, which you profit from, but you don't care about customer rights. and you are still lying that you sent the parcel to Poland when no one gave you such an address. This company should be closed. The financial and tax authorities should deal with you. You are selfish. How can someone send damaged goods and tell them you're not interested and the matter is closed? This is just rudeness, not a serious company.",1,1
"Fast delivery, great choice of tires. Reliable seller. I chose it by recommendation, can recommend further!(Ordered and paid on Invoice w/o any problem)",0,5
"Not only did they have the size (295/35/19, 305/35/19), and type (winter), of tire I needed; from order to doorstep was less than a week. I couldn't believe the service. Very responsive team. Definitely would order from them again.",0,5
great experience. quick delivery,0,5
"quik response, good price value, reliable Inforamtion, excellent punctual delivery, as it should be, next time for sure",0,5
"I ordered 4 rims from RSU. I found RSU through Idealo.de. Everything went smoothly to a few weeks after the delivery. Then i suddenly got an invoice of 123 euros for the delivery. When I ordered the delivery costs were 0 euro. When you check the ""Bezahlung & Versand"" it says Alle Felgen Versandkostenfrei. They have now sent me more invoices and threaten with a debt collection firm. They say it´s because I am living in Finland and they don´t send to Finland and still they did.  There was no announcement about not delivering to Finland, when I ordered. They have informed me that there is some note about this where the customer questions are. Why should the customer read all the questions, when it says that the Shipment is ""free shipping"". You can check this by going to RSU.de and choose a rim and put it in the shopping cart and choose an address in Finland. The delivery cost is 0 euro. Their way of making business on the internet is not legal. You are not allowed to send invoices afterwards. The customer has to see all costs, when he/she is making the order. I hope they will write off the illegal invoice for delivery. My Customer number is 1320705.",0,1
"Ease of ordering, clarity, excellent prices",0,5
"They canceled my order and then increased the price by 60 EUR for the same tires. They offered me a 5 EUR voucher. Really ""nice""!Edit after their response:I just wanted to add that the price wasn't utopian and unrealistic at all because just two weeks ago the ""market"" price for these tires was even lower. You (and others) just artificially increased it due to the current demand. It is just greedy and that's why my rating won't change.The next day (after you canceled my order) I ordered from a different seller for an even lower price than your ""utopian"" crazy low mistake price.",0,1
"Wheels although advertised with a tuv certificate for my car will not fit. They refuse to do anything as they say you mounted them, which is not true, as that was not possible at all. Never again! STAY AWAY!",1,1
Great company with fast and secure shipping!Highly recommended!,0,5
"Recommended seller. Good prices, fast shipping and regular communications from them about the status of the transaction and the package.",0,5
"Awensome shopSearch function could be better because sometimes article types are difficoult to find, but other than that awensome shop.",1,5
"I ordered a replacement gasket for my vehicle, it arrived very quickly and it fit perfectly!",1,5
"Highly recommended, without a doubt, from every point of view.I bought replacement brake pads for my Volvo and found ceramic ones (not easy to find) at the most affordable price anywhere.They are very kind, respond quickly, and ship very fast. I had a long delay with the courier, but they had nothing to do with it, absolutely nothing.I can only reiterate my recommendation and my 5-star rating for their website, their selection, their helpfulness, and their affordable prices.Marco Lungo",1,5
"Ho ordinato dell’olio Shell Helix Ultra Professional 5w-30  scaduto ad agosto 2025, ho fatto la segnalazione ma ad oggi non ho avuto nessun riscontro.",1,1
"Great job, thank you for service.",1,5
"As far as I can verify it, after accepting my order and charging me accordingly the seller did print the UPS shipping label, but actually never handed over the parcel to the courier, though firmly insisting they actually did ship.After 7 days, when UPS still did not track the parcel as received, the seller still refused to cancel my order and refund me.Fortunately, I was eventually able to get my money back through PayPal 15 days after placing my yet unfulfilled order.I can't affirm with certainty this is the normal behavior of this seller... May be I was just unlucky...Yet, if asked, I would certainly advise to be careful.",1,1
Great price and very quick delivery 5*****,1,5
All is ok! Wonderful!,1,5
"Fantastic service, fast, cheap and professional . Couldn't ask for more , thank you .",1,5
Excellent... Maybe shipping time can be faster... To Italy.. Thanks,1,5
Original product and Best price! Quick delivery. Thanks!,1,5
"I ordered from Motointegrator for the first time and I’m very satisfied. The prices were great, the parts were exactly what I needed, and everything arrived safely thanks to the careful packaging. I w...See more",1,5
"They store a lot;
Against a very reasonable pricing;
Delivery is done by Concorde or Tupolev: fast. 

Like the 'M' restaurant: i'm lovin' it.",1,5
"Ordered some Mahle parts, very fast shipping, one part have some minor damage but I'm going to install it anyways.",1,5
"I really love their service and prices. the delivery is not fast as a local store. but the prices they have on their website, that compensates for it a lot. Delivery is 10 eur no matter how much u ord...See more",1,5
"Good price, quick shipping. Everything is going very well each time I order here. Would absolutely recommend! :)",1,5
Article perfect and a good price.  Service ia good but UPS Service did not dilever  to my adres. Even i was waiting dilevery time home.,1,5
"The product was well packed, it is exactly as it was described, it came on time and was delivered at the right address.",1,5
super fast and reasonable prices only downside is delivery takes a while compared to winparts but they ship from Poland so a little longer is expected. Huge selection of parts available. Good prices !...See more,1,4
"The prices are low and there are a lot of options to choose between qualities vs prices. However, the website structure is not optimal and it is not so easy to go to specific categories and especially...See more",1,4
"Service is good and satisfied, but delivery (by ups) is crap. When i pay 10 euro for delivery i expect to have my package delivered to home, and not drive 10 km to pick-up point. Service and product a...See more",1,4
"Part was cheapest of all providers found. Delivery was quick.
Function was as expected.",1,5
"Price is good, prducts also. Delivery was in time, no problems!",1,5
"The goods where shipped quick, price compared to Dutch supliers is more realistic.
The only negative point is the packing, the inner and outer box was not able to handle the abuse of the transporter....See more",1,4
I did order two steering knuckles. The packaging of one was unacceptable. Probably a returned item. Then I noticed that the paint on top and on the sides of the knuckles was chipped. Very di...See more,1,4
It was good experience. Items were delivered on times and in good condition.,1,5
Baught Transmission mouth's came in less than a week. im very satisfied. Thanks!,1,5
"I highly recommend this resource. I ordered car parts, and the salespeople were always available to explain everything. I had to return a headlight, but I was very pleased that return shipping was fre...See more",1,5
"Unfortunately, I received a defective spare part. Even the box itself showed that it had been opened more than once. This particular spare part was supposed to fit my car, but it turned out tha...See more",1,3
All products arrived at the correct and reasonable price. Thanks,1,5
"The parts for my BMW I ordered fit without any problems, the price was very competitive in favor of the buyer, the only downside is delivery via UPS and the inability to deliver to a collection point....See more",1,5
The order was quickly collected and shipped. Everything is super!! 😊👍,1,5
"Quick shipping, all parts are good and at very reasonable price.",1,5
"The products correspond to the description on the website, fast delivery in good conditions and the prices are reasonable.",1,5
"They have a nice and easy website, good products for a good price. Shipping was nice and fast and with UPS so no slow transfers. A+++ seller.",1,5
"Bravo team...very good prices
Bought Bosch O2 sensor from you with 61 euros and autodock and winparts have the same with 90 euros 😡

Thanks 🙏",1,5
"Although there was a large amount of oil in the box, the packaging wasn't very secure. There were wrong information in the product descriptions and OE codes. When I contacted them to return it and hav...See more",1,2
"Parts received were the correct ones and delivered within the time window indicated at the time of the order. 
Delivery was done via UPS.",1,4
"Company claimed next day delivery on website, but took over a week to get here, contacted them 20 mins after making the order before it was shipped to verify, they said it would take a week, but did...See more",1,1
My order arrived super fast and everything was fine.,1,5
I bought 4 iridium spark plugs on 10/06/2025 and i still haven´t received them today 25/06/2025. A rocket will travel from earth to the moon in 3 days. Regards,1,1
"Good prices, quick and easy ordering and delivery.",1,5
"Good quality, Fast delivery 
I’m happy,Thx",1,5
"perfect fit for Lexus, good quality and fast delivery",1,5
"Great provider, great prices, and descent packaging",1,5
Good product and Quick delivery with competive prices. Search options could be better.,1,4
The right parts. Well packaged. Fast delivery. Scharp price. Well done!,1,5
"Fast delivery, good prices. good packing",1,5
Delivered products more quickly then promised,1,5
"Good price, good article, fast delivery.",1,5
Very good price & quick delivery,1,5
"Hello,

Package was not delivered. I havemt received any infromation about it.. Please refund money to my bank account ASAP",1,1
Really fast delivery and very good product,1,5
Delivered fast and good quality,1,5
"The box was not strong ,so it was broke open at a end side,luckely the parts where inside,",1,2
"Terrible packaging 

The box was damaged and the parts was also moved around in the box when opened there were noticeable scratches on the parts",1,1
"fast delivery, fast email response, fast return service.",1,5
"Good price, fast delivery.",1,5
"Hello all, I just need to leave my feedback for an ordered placed by Monday 21/07/2025. I order it and Thursday it comes the courier to leave the package as UPS informed but there was nobody at home a...See more",1,1
"Ordered item not received in full, missing critical element. - Front grill with chrome rim, rim missing, 75€ worth item is useless… “customer service” (one person “operation”) very unprofessional, inc...See more",1,1
A defective product was sent. I sent pictures of the product. The product is unusable. I didn't have time to return the product to the courier. I haven't received a refund.,1,1
"Good prices, quick delivery.",1,5
All things is originally and in time.,1,5
Delivery was fast. Parts were cheap,1,5
"I ordered a door handle, than I got a fog light cover. I dont have time to send it back. Terrible. Dutch website using low quality german warehouse",1,1
"Fast delivery, good price",1,5
"I highly recommend this resource. I ordered car parts, and the salespeople were always available to explain everything. I had to return a headlight, but I was very pleased that return shipping was free and they refunded the full amount. All the other parts were in excellent condition, as shown in the photos.",1,5
"Price is good, prducts also. Delivery was in time, no problems!",1,5
"I did order two steering knuckles. The packaging of one was unacceptable. Probably a returned item. Then I noticed that the paint on top and on the sides of the knuckles was chipped. Very disappointing. But if it is the manufacturers fault I don't know. The second delivery came without an announcement so before I could pick it up it was send back.Due to it all not being my fault, Motointegrator covered the shipping costs, so that I only had to pay them once.It was my first-time ordering at Motointegrator so I gladly gave them the benefit of the doubt and they morally did good. Fast enough communication via e-mail and they gave me a soothing solution.The last received Lemförder steering knuckles have a little bit of chipped paint on top. But I will touch them up with a little hammorite direct over rust paint. Besides that these knuckles are very stiff. Which is good because the previous ones were a bit more loose.I never had this experience with other steering knuckle brands. So I'm looking forward to see how they work.Motointegrator did all they could do. As soon as possible I will install them and see how they do...",1,4
good !!!!!!!!,1,5
"The box was not strong ,so it was broke open at a end side,luckely the parts where inside,",1,2
Fast delivery. Good price.,1,5
"Ordered some Mahle parts, very fast shipping, one part have some minor damage but I'm going to install it anyways.",1,5
"The products correspond to the description on the website, fast delivery in good conditions and the prices are reasonable.",1,5
Good product and Quick delivery with competive prices. Search options could be better.,1,4
super fast and reasonable prices only downside is delivery takes a while compared to winparts but they ship from Poland so a little longer is expected. Huge selection of parts available. Good prices !!,1,4
"Good quality, Fast deliveryI’m happy,Thx",1,5
"Great prices, Fast shipping.",1,5
Bravo team...very good pricesBought Bosch O2 sensor from you with 61 euros and autodock and winparts have the same with 90 euros 😡Thanks 🙏,1,5
"Good prices, quick and easy ordering and delivery.",1,5
"Fast delivery, good prices. good packing",1,5
A defective product was sent. I sent pictures of the product. The product is unusable. I didn't have time to return the product to the courier. I haven't received a refund.,1,1
The order arrived on time and the product is good,1,4
"It was my first experience with Motointegrator, i am satisfied with.",1,5
"Ordered item not received in full, missing critical element. - Front grill with chrome rim, rim missing, 75€ worth item is useless… “customer service” (one person “operation”) very unprofessional, including other complains about not receiving refunds in the reply with other peoples details (email), showing already they have a lot of problems and are not refunding properly. After “investigating internally” the otherwise very clear complaint, she suggested me to return the item and they would refund me after “appropriate” time… and I should re-place my order again… it is a scam operation, not recommending at all!!!",1,1
Perfect quality,1,5
"On license plate ordered brake caliper and pads: caliper was the right type, but pads didn't fit caliper.",1,3
"I ordered a door handle, than I got a fog light cover. I dont have time to send it back. Terrible. Dutch website using low quality german warehouse",1,1
Terrible packagingThe box was damaged and the parts was also moved around in the box when opened there were noticeable scratches on the parts,1,1
"Good price, fast service",1,5
Everything was ok!,1,5
"Good price, fast delivery.",1,5
Very good quality. Fast delivery. Thank You from Finland ( Finnish website hadn't oils),1,5
Perfect. Thanks,1,5
Better price,1,5
"perfect fit for Lexus, good quality and fast delivery",1,5
"Service is good and satisfied, but delivery (by ups) is crap. When i pay 10 euro for delivery i expect to have my package delivered to home, and not drive 10 km to pick-up point. Service and product are nice, but i would consider different delivery courier",1,4
Delivery was fast. Parts were cheap,1,5
Article perfect and a good price.  Service ia good but UPS Service did not dilever  to my adres. Even i was waiting dilevery time home.,1,5
Good service and price,1,5
"Good price, good article, fast delivery.",1,5
"fast delivery, fast email response, fast return service.",1,5
Delivered fast and good quality,1,5
All products arrived at the correct and reasonable price. Thanks,1,5
"I really love their service and prices. the delivery is not fast as a local store. but the prices they have on their website, that compensates for it a lot. Delivery is 10 eur no matter how much u order.",1,5
ordered motor oil. all good and delivered in time,1,5
"Although there was a large amount of oil in the box, the packaging wasn't very secure. There were wrong information in the product descriptions and OE codes. When I contacted them to return it and have it corrected, the staff wasn't very knowledgeable about it, and we couldn't reach an agreement.",1,2
Parts received were the correct ones and delivered within the time window indicated at the time of the order.Delivery was done via UPS.,1,4
Happy with the overall service! Will deal again!,1,5
"Good prices, quick delivery.",1,5
Always 5 star specially concerning the prices.,1,5
"I ordered from Motointegrator for the first time and I’m very satisfied. The prices were great, the parts were exactly what I needed, and everything arrived safely thanks to the careful packaging. I will definitely order again!",1,5
"Hello all, I just need to leave my feedback for an ordered placed by Monday 21/07/2025. I order it and Thursday it comes the courier to leave the package as UPS informed but there was nobody at home and also the courier didn’t left any note or advice that he passed by. After figuring out via track and trace they mentioned on the tracker the package will be delivered next day by Friday. Waiting for the package next they Friday, UPS uploaded the status of my package as damaged. Straight away I have called to customer service from NL and a lady names Kasia she attended me saying that she received an email from UPS with information the package is damaged. I told her to send me another package with all same items if those ones are damaged. She told me that the rules are different ones and that I have to wait until the package will arrive back to the warehouse for evaluation and then I will receive my money back, in the meantime I can order again paying of course for the second time. I explained her in the phone that is not fear that I should solve this situation spending money from my pocket for some items I didn’t even receive and she told me that these are the rules and she cannot do nothing about it. Now my question is, why the customer service didn’t want to cancel my order knowing there is a problem with a damage package, also explained her on the phone that the car is dismantled on the garage and every day I have to spend money for keeping the car there because it’s about water pump and the dual mass from the gear box. The only response I have received it was that Che cannot talk to me anymore because I do not want to understand the rules she explained me on the phone and above mentioned on this complaint. I hope somebody from Motointegrator that supervise the orders can give an answer to this because when I asked lady Kasia for a supervisor or somebody who’s has power to decide she said that there is nobody who can help me. In my opinion this lady shouldn’t work anymore on customer service.",1,1
It was easy to find what I was looking for...The time to arrive was really short,1,5
Delivered products more quickly then promised,1,5
"Unfortunately, I received a defective spare part. Even the box itself showed that it had been opened more than once. This particular spare part was supposed to fit my car, but it turned out that it had wrong values.The store solved the problem very quickly by giving me a free refund. But I'm still not satisfied, because of the loss of shipping costs and timeI hope my next order will change my impressions.Thanks!",1,3
All's was good.,1,5
"The contact person Kasja was very good in communication and helpful in finding the car part, sending and tracking the item.",1,5
"The prices are low and there are a lot of options to choose between qualities vs prices. However, the website structure is not optimal and it is not so easy to go to specific categories and especially to filter your search. Also happened to buy parts that weren't fitting 100% although ita was stated that they would fit, but that's probably a responsibilty of the part manufacturer.",1,4
"Nice proces, good delivery.",1,5
"Good price. Correct product delivered, and in good time.",1,5
I bought 4 iridium spark plugs on 10/06/2025 and i still haven´t received them today 25/06/2025. A rocket will travel from earth to the moon in 3 days. Regards,1,1
The right parts. Well packaged. Fast delivery. Scharp price. Well done!,1,5
Really fast delivery and very good product,1,5
"Quick shipping, all parts are good and at very reasonable price.",1,5
"Company claimed next day delivery on website, but took over a week to get here, contacted them 20 mins after making the order before it was shipped to verify, they said it would take a week, but did not want to cancel the order although it was not even shipped yet.  Company poses as being in NL but stuff ships from Poland or something.EDIT after reply : it said ""next day"" before clicking to buy.  Another point of irritation is the lack of help when trying to cancel an item that wasn't shipped yet, less than an hour after ordering online.  All kinds of nonsense about needing to refuse the part when it arrives (by the way 9 days after ordering) instead of just cancelling the order. Also, the VAT has not been refunded either as was promised.  All in all : just a webshop trying to pouch customers by pretending they have stock in NL, and not willing to help customers.",1,1
👌👌👍👍Good  trust,1,4
"All good, came on time ☺️",1,5
"Up to the time you're asking for a review, the product is yet to arrive.",1,1
Fast delivery thank you !,1,5
"Hello,Package was not delivered. I havemt received any infromation about it.. Please refund money to my bank account ASAP",1,1
"Competitive prices, fast delivery and professional in communication +++",1,5
It was good experience. Items were delivered on times and in good condition.,1,5
"Good experience, fast delivery!",1,5
"Great provider, great prices, and descent packaging",1,5
"Good prices, glad how it works.",1,5
"The product was good, in came in time abd without troubles. Just what i wanted",1,5
"The goods where shipped quick, price compared to Dutch supliers is more realistic.The only negative point is the packing, the inner and outer box was not able to handle the abuse of the transporter. No visible damage to the goods",1,4
All things is originally and in time.,1,5
"Good service, fast delivery!",1,5
Top services 👌,1,5
Part was cheapest of all providers found. Delivery was quick.Function was as expected.,1,5
"The parts for my BMW I ordered fit without any problems, the price was very competitive in favor of the buyer, the only downside is delivery via UPS and the inability to deliver to a collection point.",1,5
"A trustworthy company, everything i order was sent neatly packed, and on time.",1,5
Quality parts!,1,5
"As usual excellent prices, original materials and fast shipping.",1,5
"Good price, good communication!",1,5
"Fast delivery, good price",1,5
"They have a nice and easy website, good products for a good price. Shipping was nice and fast and with UPS so no slow transfers. A+++ seller.",1,5
"Good easy website, quick delivery",1,5
"Take II, I've now used these ""Kovvar ""rubber"" mats for a few days and they have proved as awful as in my first review. They scratch easy, look horrible after shoes on them and they leave a ""powdery"" inprint on the original fabric carpet in the car. So I have to swallow the loss of sek: 850:- (!) and throw them in the bin where they belong, what a rip off !",0,1
Very easy to order,0,5
Good service and helpful customer service,0,5
It was quick and easy. Thanks,0,5
"Very easy, thanks",0,5
Easy to choose the desired initials and numbers. A lot of additional combinations are available as well. Delivery was super fast. Great quality of printed license plate!,0,5
Great and fast!!Thank you so much,0,5
"Fast shipping and good prices. 
The eligibility criteria for discounts and the fact that only one coupon per order could be used were not explained anywhere on the site. A misunderstanding with...See more",0,5
"I am using Autodoc for many years! They always have a great selection of top carparts brands. Prices are much better than local motor factors. High-quality parts, transparent tracking, and solid val...See more",0,5
"Ordered Nissens 89397 AC compressor for Alfa Romeo 159 JTDM, got wrong BMW 890397. Cost me mechanic time + emergency part.and I had to send it on my own cost!!
Resolution: Full refund + free return+...See more",0,5
"The company seems very chaotic. I tried to do a warranty case. I had emails from 7 different email addresses, and it took 80 (not 18) email exchanges to get the case resolved. Even then it wouldn't...See more",0,3
"Fast shipping and good prices.The eligibility criteria for discounts and the fact that only one coupon per order could be used were not explained anywhere on the site. A misunderstanding with their helpdesk led me to send an order thinking that the agent would have added a discount. Only upon sending the order, the agent explained to me that I was not entitled to the discount that I expected (basically, also rims were excluded although they only wrote that tires were excluded).The manager in charge for dealing with my claim granted me a free shipping which saved me the same amount of the discount that I was not offered.All’s well that ends well, I suppose.Hopefully they’ll state exclusions and rules for coupon usage better in the future.",0,5
"I am using Autodoc for many years! They always have a great selection of top carparts brands. Prices are much better than local motor factors. High-quality parts, transparent tracking, and solid value for money.Five-star experience! Highly recommended!",0,5
"I ordered a Varta car battery shown as compatible and clearly marked “in stock”, with delivery info stating “dispatch in 1–2 days when the item is in stock.”Order No. 160576547, dated 20/02/2026 (battery €63.49).After they took my payment, I received an email saying that this “order confirmation” is not an acceptance of the order and that they will “accept” the order later. That is unacceptable: they charge you, but still claim the order isn’t accepted.When I contacted customer service, the story kept changing and contradicting itself:•	“The order hasn’t left the warehouse because the battery is still pending in our depot.”•	Then: “Shipping depends on warehouse availability.”•	Then: “It’s available from our supplier but hasn’t arrived to us yet.”•	And the worst part: they said they need to ask a manager to “negotiate” to get it quickly—while the product was advertised as in stock.Bottom line: misleading stock status and delivery times, inconsistent explanations, and no clear dispatch date. I do not recommend this website.",0,1
"answer with any answer, thanks!just testing something",0,5
"TEST TICKETТЕСТОВИЙ ТІКЕТanswer with any answer, thanks!відповідайте будь якою відповіддю, дякую!",0,5
"Ordered Nissens 89397 AC compressor for Alfa Romeo 159 JTDM, got wrong BMW 890397. Cost me mechanic time + emergency part.and I had to send it on my own cost!!Resolution: Full refund + free return+ coupon for my next purchaseFitment system failed but support fixed it well.",0,5
They have helped me for refundI thank autodoc for everythingDanke dir und schonen tag noch;,0,5
"The worst platform to buy car parts, not only cause you cannot receive the order on time but it’s also impossible to do a return and it takes forever. AVOID WITH ALL COST!!!!",0,1
"Had an issue with the garage I use for my vehicle, he told me to order a certain battery from Autodoc and it wasn't a stop start so wasn't compatible. The garage had my vehicle for over 5 weeks which in turn made the battery out of warranty. Autodoc did everything they could to accommodate me and at the end I was very happy.",0,5
"Terrible delivery times, ordered Mon 17/11 now Friday 21/11 evening and courier still not got parcel.Not a clue when I will get part, next time car parts for less",0,1
"I have edited this review to be fair to Autodoc! After a very rough start with a supplied faulty item and a member of their custome support staff having a bad day, I have had contact from a lovely member of staff who has organised for a replacement unit to be shipped to me immediately!In life and in business mistakes happen, it is how we fix these issues that counts. Autodoc have now gone above and beyond to ensure this doesnt happen again and get me the item which I require ASAP.THANK YOU! This is a great example of turning around a bad experience.",0,5
"ordered motor oil 9th October.Evri failed to deliver, after having to chase the courier ( Which seemingly Autodoc expected me to do) they confirmed they had lost the parcel. Autodoc refused to refund, claiming while the order was in transit they could not issue a refund. So stupidly, I agreed to have the order resent. That was 27th October. Lo and behold, Evri have lost the parcel again. Here I am , over a month after paying for goods, still not received, still chasing Autodoc and Evri for answers. Autodoc expect me to wait until the 23rd November to be  refunded. Terrible service all round. Chat service is all but useless. Chatbot is no different than speaking to an actual human, they all parrot the same canned lines. Will not use either company again. Not worth the hassle.",0,1
"I’ve ordered several times from Autodoc. Most of the time, the parts were correct, but they were often poorly packed and exposed to potential scratches or damage.My last order (No. 150947754), however, was a very disappointing experience due to customer support and company policies. The order included, among others, two similar items — one of which arrived in an open package and missing components.I filed a complaint, and the first solution offered was a compensation for the incomplete part in exchange of me accepting the part, which I refused because I needed the full product. Autodoc then informed me that I would have to return the part through a postal office and wait up to six weeks for a replacement.This is unacceptable — I had already paid in advance, received an incomplete product, and now would need to wait another 3–6 weeks for a replacement. Awful customer service and unreasonable return/replacement policies.I have submitted an official complaint and will escalate the case to the European Consumer Centre and Consumer Protection authorities as it looks to me as an abusive approach from Autodoc related to replacement of uncompliant products. Their mistake, but they take no responsibility and no risk to solve the situation. It is simply not acceptable to wait a total of 4–7 weeks from the initial order to receive the correct items.It is the customer that takes all the risk and headaches in a commercial relationship with Autodoc. They charge you in advance,  there is a high level of luck implied to receive all parts complete and undamaged, if there is a problem and you need something replaced you need to take the item to la postal office, wait until received and inspected by Autodoc, then wait a new delivery, hopefully with the right and compliant product… they take absolutely no accountability in this process it is only customer’s money and nerves…I advise avoiding Autodoc and choosing alternative suppliers with more customer-oriented policies and responsive support.",0,1
"Generally good webshop, with decent prices. Support was the thing that disappointed me. Even if webshop, shows that part was compatible with my car, even though TüV certificate proves that part is compatible with my car, even though part manufacturer confirmed that something is wrong with part and recommended me to start claim process over reseller (Autodoc in this case) they tried to make me idiot. Product you're selling on your webshop has it's own specification that whether you stated it in the description or not. So if spring is produced from manufacter with some lowering spec for car with specific homologation number  it should lower car according to manufacturer spec and on top of that TüV certification and approval. So you can buy something from them but in terms of claims you can forget it. Also one time I orderd 2x5l 5w40 oil i got package with 2x4l 5w40, 1l 5w40 and 1l 5w30. I didn't submit any claim just sent them a message to be more careful next time (I was lucky since I needed only 8,5l). For everithing written in this review I have pictures  and proofs (copy of chat with support also).",0,2
The support was quick and helpfull. Thanks.,0,5
"Autodoc delighted me with its approach to dissatisfied customers, although it was not their fault. Namely, I ordered several car parts from their site and they came well packaged and on time, but during assembly it turned out that two car parts were defective. They reacted quickly even after communicating by e-mail and returned my money in the value of the defective parts. They turned out to be a gentlemanly and responsible company in their relationship with their clients.",0,5
"The company seems very chaotic. I tried to do a warranty case. I had emails from 7 different email addresses, and it took 80 (not 18) email exchanges to get the case resolved. Even then it wouldn't have been resolved had I not escalated it to their two CEOs. It took me tremendous time and stress. Finally someone from quality department resolved the case. She's wonderful - I've dealt with her before.There are so many shortcomings at Autodoc, which tells me it's a management issue from the very top - CEO level - which doesn't give importance to many things, like professional communications.",0,3
Sometimes I suffer from parts being damaged after a short period of time due to their poor quality. I advise the company management to purchase parts from reliable companies. Customer service is very good and the employees are friendly as well.,0,3
"Fast reply, good compensation offer",0,5
I had an issue with an order and it was sorted out promptly. DPD lost the label for my package and it was returned to AUTODOC. Autodoc had the parcel sent back out to me within 48hours. The costumer service person i was dealing with also gave me a voucher for my next order,0,5
"i had a issue with my purchase and wrote so in a review and then was contacted by Joanna Witon who could not have been more helpful and professional ,the purchase price was refunded in full so can only say i am very grateful and will continue to use autodoc",0,5
"Parts not sent, low prices does not justify poor service.",0,1
"Nice customer service, very polite.Although the delivery system does not gives much help to either the customer or the support everything possible were done.",0,5
Takes 3 working days for the product to be given to the delivery courier. (For a part that is in stock.)I'm astonished this big of a company doesn't send their products within 1 working day of ordering since pretty much any other company i have ordered from does.The parts seem to be of good quality atleast.*Joana from Autodoc contacted me and resolved the issue very shortly so i've updated my review*,0,5
"I had a problem when I revived spilled car oil. At first we had some problems, but at the end we reached an agreement, they give me a full refund for it. With the service I am very satisfied.",0,5
I have been returning at part.AUTODOC has supportet the return.I very much appreciate the way Kate has handled the case.Thank you.,0,5
Sincere and Logical. I will recommend 👌,0,5
"Terrible company, terrible delivery, terrible policies, terrible customer service.This company makes it as hard as possible for you to cancel an order.This has to be done in writing using a specific format before the parts are marked as shipped.This is a problem because this company marks the parts as shipped quickly, but does not ship them, they do this to stop you cancelling your order.Their terms state you must wait until you get your parts and arrange a return, this could be weeks, plus you will need to pay postage to return them unless they are faulty or wrong parts.My parts were marked as shipped over 3 days ago, the courier Evri says they still haven't received them. Dodgy practice if you ask me.They state 6-8 days delivery, this must as a minimum be working days, as its been that long since I ordered and they haven't even sent my order yet.If you need your parts anytime in the near future, order somewhere local, you'll be waiting a long time if they arrive at all.The minimum postage to the UK is £8.45, so if your ordering a couple if cheap parts is the hassle and risk worth saving a tenner?They say even though they have received your order and then they have taken your money, this doesn't mean they have accepted your order and then they might return your money in 30 days, if they don't accept it.I won't ever use this sham of a company again.",0,1
Ripped off again by this company-Ripped off again by this company-UNBELIEVABLEparts never arrived....eventually they accepted thisAnd i proved it.They sent a refund just before Christmas so I removed reviews.they have taken the money back out my account today £172.09I rang them... lady answered she said she was in Moldova her microphone was playing up she gave 3 different names Emily Emma and Amanda that was weird I could here a male making sexual noises in the background it was a very weird call and mobile kept ringing in her background whilst I was on the call. She hung up.I have sent them proof/screenshots via email that they have taken the money from my bank.Please avoid this company they have no refunds policy and Germany they do NOT have to refund sadlyOrder 99071863,0,1
"Auto Doc has a wide selection of parts. Best to search by part number (if you can find a website for your car brand that offers a part number lookup).Prices are competitive with Winparts and others. I had a bad experience with Winparts, which is why I tried Auto-doc.ieDelivery time was OK. Ordered on Sept 5th. Shipped on Sept 11th. Received on Sept 15th (to Ireland). Ideally, their dispatch time would be quicker, given the items were all in stock. If so, I'd give them 5 stars.",0,4
"THIS COMPANY  TOOK 3 MONTHS TO SUPPLY A PART FOR MY CAR. AFTER 3 MONTHS OF  DIFFERENT EXCUSES, Contradictions,  chaos, false information , delays and outright lies they finally delivered the cheapest part they had. This caused me considerable problems and expense . Strange thing. all Over Europe  I checked peoples complaints and in every country In their own language the result was the same  VERY BAD REIEWS, except on Trustpilot ??? Trustpilot in every country had  about the same good reviews. But all other reviews on other sites were terrible. I wonder how that could happen ?",0,1
Thankful for such a company. Customer support assistance on choosing the correct parts was great!,0,5
"many thanks to the company, the staff are professionals can help solve the problem very quickly",0,5
"Ordered parts from this company, This is the second time having to return parts as the listing is incorrect, second time parts do not come, Unfortunately they use the courier Evri / hermes They never deliver to my location so I will stop using this comany as there are plenty others online",0,1
"Delivery to Ireland in 6 days at a cost 50% less than the competition , what's not to like !",0,5
"Good website even for people who don't know about cars. As long as you got the correct part number and car details, it is super easy and variety is plenty",0,5
Great service.Had a technical problem.I was replied to immediately and autodoc  went above and beyond to sort the problem.Very impressed.,0,5
"Ordered a clutch kit and oil for a 1999 Grand Voyager. Arrived within 10 days. No problem with parts or delivery, perfect fit. Happy days!",0,5
I do not recomend them because:Eaven if I only ordered parts in stock they still without asking shipped cheaper parts I did not order or wanted. They also ignored my complaints.My advice do not buy.,1,1
"Awful service. Delivery notified but none appeared, an ""incident""- I suspect the driver was running late so he reported a non-existent  problem. Delivery at end of day 2, wrong items, parts for an Alfa Romeo and i'm waiting for oil! Next day another delivery, oil which I had by then sourced locally so 2 packages to return. I had wasted two full days, 4 if you include the weekend. They are refusing refund until I cancel PayPal dispute so it's going to be a long road as I am asking for a payment for my packaging and delivery. Both Autodoc and their courier service is about the worst I have encountered.",0,1
"I wish to compliment the excellent customer service given by one of your employees, a Mrs Alexandra Farber : Controllo qualità servizio clienti .  Before she contacted me late yeserday afternoon afternoon i never wanted to hear the name autodoc again due to the proceeding three weeks  of runaround.  Mrs Farber called me telefonically and i was expecting to argue again, but she was curteous, listened, heard  and understood what i said, was extremely professional and most of all was prepared to find a solution to the problem. In short she solved the problem and in doing so kept me as an autodoc client into the future. She is an asset to your company and is an example to all of your employees as to what is possible  if they try.Thank you mrs Farber, i really appreciate the sterling assistance received from yourself and the solution you provided.",0,5
"After days of arguing with incapable people, a real empathic professional arrives who solves the problem in 5 min. thank you",0,5
"Very good quality products, fast delivery 🚚 easy to use App, would recommend to buy from AUTODOC. 👍",0,5
"Very professional, good and ready with the right answer, Thanks Thanks",0,5
proffesional and excellent communication I will continue to shop with them.,0,5
A little problem during the payment process but greatly resolved by customer care.,0,5
There was a problem in receiving the goods I ordered but thaks to the customer support (Ms. Farber Alexandra) we found an agreement and I received everything the week later.,0,4
Many thanks for all your support!!You really get in touch and help customers when it is needed!RegardsMax D.,0,5
Parts arrived in perfect condition arrived a bit late but i now understand that covid and Brexit are causing suppliers problems with delivery. I will definitely purchase here again because their prices are unbeatable.Michael cheevers,0,5
I had trouble with a spare part. I have informed Autodoc. the part has been declared defective and all defined by a reimbursement of expenses.Staff with whom I interacted courteous and helpful.,0,5
"Ordered a package and the oil container was broken, probably during the transport, but autodoc uk customer service personal sorted that out in 2 minutes.Very customer focused and very pleasent to talk to.",0,5
"They’re based in Germany and you should be aware of that prior to the ordering - delivery time might take about a week, so if not in hurry, I highly recommend them, will definitely order again",0,5
"Easy site to navigate, everything very helpful, and loads of parts available,Thanks",0,5
"Very poor and useless customer service, no clue what they are doing or selling.Shame",1,1
"DO NOT ORDER FROM THEM, EXTREMELY UNPROFESSIONAL!I've ordered tail lights for my car and I've waited 10 business days for my order. At first they told me that they have 3 out of 4 parts available and they are waiting for the 4th part to arrive in 2 to 4 days. I was calm, but on the 10th business days (14 calendar days), they told me that the part is unavailable??? While they keep it Available on their site? This is nonsense!Their support staff is illiterate and slow and provide no information at all.My advice is - Avoid at all costs and don't waste your time and money with them!",1,1
"Posting comments makes no sense if you delete them and request order numbers... If they dont have that brand ,they send you stark brand.Some parts are not compatibile with your car like is on their site.Return reclamation is always problem.And most important DELIVERY,they need 5days to pack package and send it to your adress.And more 4-5days is transport to your country.10 days car stay on lift.Thats too much!One more order before that.9 days to pack package and more 5-8days to recive it.After 9days I contact autodoc and cancel that order.But they send me package after our conversation.I was waiting 1month to get my money back.Order number was 3236759931213822Damir LulicThey send me also part brand stark and I didnt order that brand.Answer was just we dont have that brand you can send it back.Stark part didnt fit on my car.I pay mechanic 2 times and I get back money from autodoc only for that part which I didnt took back.I ended up with autodoc",0,1
"It takes more than 10 days for the order to leave the warehouse >>>>???!?!?I work in a Fkng warehouse, I know how long it takes for things to get processed.Horrible company. Cant recommend.",0,1
"Terrible, frustrating and disgusting customer service. WARNING do not purchase unless you use credit card or paypal type services for protection.They operate a return, refund and new purchase system which is slow, clumsy and open to abuse as in my case they proved their word is not to be trusted.I was delivered a 20mm thick core radiator instead of 40mm. I was treated as guilty from the first response and had to argue my innocence over the next two days. They implied I must have ordered the wrong part for my vehicle and asked to verify VIN etc which was all correct.They could not see the basic logic that it does not matter what car its for etc I ordered 40mm and got 20mm ....so wrong part.Eventually they wanted me to post back at my cost, more arguing they paid but I had to drop at a drop centre an hour away.I was promised refund 24hrs after they received it ( later other promises of 3-5 days and also if I close the dispute), 21 days of sheer frustration I finally got e refund via paypal dispute then escalated to a claim.Even then they left it till the last two days before Paypal automatic settlement, also a number of days of empty promises of settlement implying the delay is waiting for paypal.They never admit fault, in my case they blamed the supplier. The managers are spineless and lazy as they never call when asked.I had a 140km round trip to drop the wrong part off as I thought it would resolve things quickly..Wrong. (I live in rural location)I only had one apology from the one person who actually called me but he was only calling to review and clarify my position but I have received no company apology or compensation for the aggravation or the journey.If it was not for paypal I would have been really screwed!BUYER BEWARE if wrong or faulty parts deliveredThe latest reply, again blaming the supplier shows they take no responsibility...It does not matter if the wrong part was shipped directly by the supplier.Or if the chassis number etc is correct or no.The issue is the wrong size was shipped, photo evidence was provided that the dimensions where wrong.Instead of acknowledging a supply error and correcting it quickly at thier expense, they accused me of the error and made me fight for a refund... Now two years on they are still trying to get rid of my review... why?Even trust pilot reviewed my case after autodoc complained and tried to get it taken down...Paypal was about to refund me as their review was in my favour.My review is a true account of the facts. And despite their cheaper prices I have never used them again and warned others...",0,1
"Very bad company...very bad company....when i buy a part. they take deposit money from me and tell me: when you return old parts. we return money again to you.but they dont tell me I must pay for shipping cost !!!! shipping cost more than part price!!!! and when I ask why don't write it or tell me about the shipping cost must pay by customer? the answer is we are sorry!!!!!Updated:As usual they ask you for the number and information of the order.. To make the reader feel they want to solve the problem and help him ... But they actually provoke you more .... They sent a new email contains the address of shipping on my personal cost .... What is the provocation ?? !!!!-------------------------------------Update---------------------------------On 30-7-2019 I returned the piece to my own account and cost me a lot ... and they asked me to wait from 6 to 8 weeks .... and until now I did not get anything !!!!! I do not recommend dealing with them. There are better, faster and more reliable options in Sweden.",0,1
Last summer I ordered brand new tyres (dot 0618). End of summer one of those had a bubble outside of the tyre. Tyres were installed on professional retailer shop. Over a month a go I made reclaim and sent the broken tyre back and still I haven't got a new one. You have documents i've sent it and you've told me it's somewhere in your warehouse. How bad can your customer service be only for about 50 EUR?!,0,1
"Second order that I get from Autodoc/avtochastionline24.com, same place seems.Bought coil springs for 535d 2008lci , the ad specifies front and rear spring kit, when arrived only fronts, however the ad itself shows clearly rear ,max load etc, it specifies front and rear.I even spoke to an advisor and they confirmed they are four, however they are not to blame it's just how the ad is presented. Again, when I wanted to return the product, it needed to be paid by me, which will actually make it more expensive than it already is. Special thank you for the uselessness of your team Yana and Alisia, once more, truly yours, the customer.",0,1
"You can simply end up with a different part (different brand) than the one you have ordered (without been informed). And if you are unlucky enough to have to deal with warranty, they will simply try to find something to void your warranty!!!Their support is a call center, somewhere in the world (low cost), that speak bad your language, nothing bad with that but they are pretending to be in your country, plus no one responsible to give you direct answers there.",0,1
"Order took a week to dispatch, called me 3 times to ""confirm the order"" AFTER taking my money which no other merchant does.Received the item after waiting 2 weeks, not as described, claimed an exchange including proof with screenshots, took a week to respond and denied the refund.Finally after several phone calls they agreed to the refund, 3 weeks after receiving the item back still no refund. Had to get the credit card company involved then all of a sudden communication was excellent and got a quick refund. Please don't waste your time and go elsewhere.",0,1
"Avoid this company,i place an order on 28.03.2018 received parts on 14.04.2018,received diferrent parts with poor quality,need to buy another ones,not happy at all when you get car apart and find that parts wont fit.They cange your order and they put lower guality parts,take a screen picture when you place order. Please avoid them.",0,1
Very good products. Good service ...,1,5
Fast delivery and good product!,1,5
Bra bra bra bra,1,4
I stumbled upon autodoc by accident and was a bit suspect by there prices. I have ordered parts from them and i must say i am very happy with the items and shipping. Every part i ordered fitted perfectly,0,5
Great price and very fast shipping time on tires.,1,5
Super fast delivery,1,5
"Great quality at a cheap price, and fast delivery.",1,5
Alles top !    xxxxxx,1,4
"Good, without problem.",1,4
It was nice doing business with you people the shipping was fast delivery and product perfect thanks,1,5
I have not got the items. 1 month ?,1,1
Gold job ! Conforme et rapide merci,1,5
Nickel un site au top,1,4
Super quick and very good service!All the parts were exactly what we expected!Would recommend and use again!,1,5
best internet service ever.thank you,1,5
"Zero stars actuallyMy comment refers to Autodoc's clone automobilovedily24 and other Czech domain clones.Never buy anything from them!!! This is all fraud from the beginning of the deal to the end. First, they will tease you with the price and delivery time - they claim they have all posssible parts for 24-yjur delivery. This is not true. they do not. I had to wait two or three days after a card payment before I found out that they wanted a photo o my bank card and an ID card to preven fraud from my side. OK, I sent them. Ititook a couple more days to assemble my order.And what I received??? Without any notice let alone agreement from my side they changed the branded products with their own cheap unknown STARK brand (this brand is registered at their Berlin address) which I reasonably did not want!!! Funny as it is, they claimed that their parts are more expensive than the normal ones (it is, on thei web, because nobody else in the Universe sells STARK)))I wanted to return the parts and yes, they sent me a free postage bill, so I sent all the STARK crap back to them. It's been four weeks and I have no money back, they communicate of course asking me to wait. I am going to the German Police (because the deal was with the German enterprise) and to the Czech internet and/or trade inspection authorities so they block the fraudulent web to the  good of all of usDO NOT BUY FROM THEM!!!",0,1
"Experiencia muy desagradable. El sistema de elección de la pieza de coche según matrícula no funciona correctamente y vino una pieza inadecuada. Solicitada la devolución te obligan a que pagues el transporte de nuevo a pesar de ser fallo de la plataforma. Alargan intencionadamente las comunicaciones mantenidas para hacer la devolución y luego te indican que el plazo de devoluciones ha expirado. La indefensión de los clientes es absoluta dado que  bien pagas el envío de nuevo o no puedes hacer la devolución. Recomiendo que busquéis otras alternativas a páginas que cumplan las políticas de devolución.A very unpleasant experience. The system for selecting car parts based on license plate numbers doesn't work correctly, and the wrong part arrived. When I requested a return, they forced me to pay for shipping again, even though it was the platform's fault. They intentionally prolonged the communication regarding the return and then told me the return period had expired. Customers are completely helpless, as they are left with no choice but to pay for shipping again or not be able to return the part. I recommend looking for alternative websites that actually comply with return policies.",1,1
"The store violates all EU Buyer rights, Spanish buyer rights, and any marketplace terms and conditions if you make an order not directly.After receiving payment, they are absolutely sure that all obligations to the client no more existen.Before ordering anything, double-check how to make chargebacks with your bank, because if something goes wrong, motointegrator just washes their hands, and never resolve anything.",1,1
Ordered complete set of back break parts. Delivered in a week. Very happy customer.,1,5
Todo bien all good,1,5
Good service good price,1,5
"I never received the item even though it said delivered and signed,no refund made either..very poor service.",1,1
"The delivery was really fast and packed with care and with extra discount inside, so I think the service is really good, and the prices are low even considering dispatching from Germany to Spain",1,5
"Good quality, fast delivery and best price !!!",1,5
"Once the purchase is concluded, they didn't want to go through the tax refound procedure.For that I'll give 1 star.",1,1
"Very good, fast delivery.",1,4
Worce shipping service no update when I will receive product,1,1
"Perfect, all",1,5
In time. Excellent quality/price relationship,1,4
"HYPER FAST SHIPPING, TOP PRICE.First buy, not the last: for sure.",1,5
"I placed an order on Feb. 2, 2026 and received the order after 11 days with 3 cans of Liqui Moly oil worth €150 missing....",0,5
"They helped me many times when my car would break down in the middle, and you know what, the speed of their arrival is insane. They would take all the necessary stuff with them and just fly to the des...See more",0,4
"I encountered an issue with the product I ordered. Specifically, I received my order with broken light bulbs. However, the support team assisted me in resolving this issue, and I have finally received...See more",0,5
"Fast Delivery 
Very good quality spare parts
Very good prices
Higly detailed specificstions of product before to buy",1,5
"I placed an order on Feb. 2, 2026 and received the order after 11 days with 3 cans of Liqui Moly oil worth €150 missing....",0,5
Fast DeliveryVery good quality spare partsVery good pricesHigly detailed specificstions of product before to buy,1,5
"They helped me many times when my car would break down in the middle, and you know what, the speed of their arrival is insane. They would take all the necessary stuff with them and just fly to the destination, that’s what i deeply respect and appreciate. The price is not the cheapest obviously, since the quality of their work is high, but it’s okay.",0,4
"Most purchases match the description, original spare parts, return policy, average pricing on the market (I would have liked a slightly lower price)",1,4
"Super service, website provides the easiest search of parts and clear choice of desirable brands, good prices, fast delivery, perfect secure packaging!",1,5
"Ordered on 23th AprilWe are in 6th of may and still my order not dispatched from AUTODOCI contacted suport they said the order was dispatched and stuck in costume in germany, I was provided with a phone number of dpd germany they said they not have it  at the end I contacted the website phone number of dpd they said the parcel is only registered never dispatched from AUTODOC , I contacted again AUTODOC they said can’t cancel the order as is already sent with dpd , now I was given all time for all updates and all still not having any idea who have the order dpd or AUTODOC never dispatched the order to them, I was opened a dispute il give 3 days more if no good resolution on this il get the solicitor and all false information given will be investigated by solicitor , is impossible just stay away from AUTODOC save your time and save your money as payment will get frozen and you gonna waste money on window for nothing , terrible costumer service giving false information given and make u call all over dpd Germany and poland telling u to wait till that 14th days going away as per AUTODOC policy just avoid AUTODOC they not Irish or uk they polish based and really dificult process of getting sorted out if somting wrong as my experience with them",0,1
Ales schnell i professionell,1,5
"I encountered an issue with the product I ordered. Specifically, I received my order with broken light bulbs. However, the support team assisted me in resolving this issue, and I have finally received my order in perfect condition.",0,5
"Good website, best prices for my car!",0,5
"My prefered auto car part shop,I found everything what I need for my car,Thank a lot to Autodoc members team.All the best",0,5
Customer expirience- bad.  Case:•	Order  27.06.2024 – time  about 7:40 pm•	Order canselation – 28:06.2024 – time 8:23 am . Discusion via chat with Ewa. Canselation confirmed.•	28:06.2024 7:16 PM – I received information  „parcel is packed and ready for shipment”Result - I expected  e-meail with  confirmation of order canselation  but 12 hours llater I received information that the „parcel is packed and ready for shipment”.,0,1
Super  ! Super ! Super !,1,5
"Cool stuff ,great service",1,5
Nice Job! Worked quickly,1,5
"I have ordered parts with whip to the NetherlandsIm waiting for ma package too long, I see ona  atracking they sending it from poland...  next time Im gonna use a local website...",0,3
Super........................,1,5
Super!!!!!!!!,1,5
cheap. good. long shipping. otherwise ok,0,5
👍👍👍👍👍👍👍👍👍👍,1,5
Michel Yebowski was my first love 💘 and a aware on the holy bible I'd prefer to spend time with him than Damien because he didn't kill anyone.,0,5
Ok👍...............,1,5
Decent range of services and good prices!,0,4
"Long time for realise shipment ....sorry but  it's  to long for me. I waiting now 3 days and status is all time ""preparing order"".... Its first and last time buys here.",0,2
This is an amaizing store. Super extra service. They are real proffesionalists. They helped me to choose right parts for my car in reasonable prices. Delivery was very fast and after just a couple of days my car was already fixed and it works like before brakeing down. Great work guys. I hope other customers will be very happy with your service as well. I can honestly recommend them to everyone who needs good quality parts in reasonable prices and quickly to your door.,0,5
100% professional and without any delays!,0,5
-The transaction was successful.-Good communication.-Fast shipping.-Low price-High quality product-10/10,0,5
dziękuje i pozdrawiam :-)Wszystko dotarło w porządku,1,5
My experience with AutoDoc.pl was really awesome! It was my 2nd purchase . This time I just ordered a side mirror for my car and the product was delivered real quick! Thanks for speedy delivery and good quality material exactly what I wanted.The after sales support is also very good.Thanks!,0,5
"These are scammers, and they are not to be trusted. DON'T BUY ANYTHING FROM THEM, EVER!!",0,1
dont buy anything from them they not will deliver the goods to u ass holls,0,1
Always worked ok. Now there was three items missing in order. Not impressed.....,0,1
"15 days has gone, and I haven't heard anything.Tried contacting them multiple times without luck.Waste of money sadly.",0,1
"Never again. Two weeks for a oil filter, you must be crazy.! The fact you can no longer pay with Paypal says it all, even they give up with all the complaints.",0,1
"First of all, I seem to be 1 of the lucky guys on here... Ordered something, with addition of an email, and got no answer to that for 3 days.. Became a bit worried and checked reviews.. I was schocked and thought €350 had gone up into smoke , and I got ripped off.. But then, after 6 working days, my package arrived, the correct products, and not damaged/faulty goods ! So i would not recommend, reading all of this, but still I cannot complain about anything else than the communication.",0,4
"The worst experience I have ever had! I was waiting for about 2 months for my goods and now I am still waiting for refund of goods, which were not delivered!Do not order anything form them, bring them to court and stop their business!",0,1
"Good price on filters , fast delivery by DHL express",0,5
I live in Germany I ordered a part on 20.02.2021 it is now the 27.02.2021 and I have still not received my goods this is totaly unacceptable I could of jumped on a plane to China and returned by now and fitted my part.Unbelievable service will never use this service again,0,1
"YOU ARE INCOMPETENT PEOPLE AND YOU MUST KNOW THAT THIS WAS THE LAST ORDER I DID TO YOUR COMPANY THAT IS THE WORST FROM GERMANY. YOU SENT ME AFTER THREE WEEKS A HORRIBLE MESS WITH DAMAGED GOODS AND OLD PRODUCTS.YOU DO NOT GIVE ANY INFORMATION AT ALL TO YOUR CUSTOMERSYOU DO NOT GIVE THE TRACKING NUMBER OF YOUR SENDINGCUSTOMERS HAVE TO WAIT THREE WEEKS TO GET THEIR GOODS THAT ARE HORRIBLY PACKED AND THAT ARRIVE DAMAGED, THIS IS NOT COVID-19 FAULT !YOU DO NOT KNOW HOW TO RUN A BUSINESSYOU DO NOT DESERVE THE TRUST OF YOUR CUSTOMERS AND THE BAD REVIEWS THAT YOU HAVE SHOW THIS VERY WELLYOU HAVE A VERY BAD WAY TO DO YOUR WORK AND YOU SHOULD BE ASHAMED OF DOING IT SO BADLYYOU CANNOT PAY THIS WEBSITE BY PAYPAL ANYMORE. PROBABLY BECAUSE PAYPAL HAS SO MUCH CLAIMS WITH THIS WEBSITE THAT THEY DO NOT WANT ANYMORE TO WORK WITH IT.FROM NOW ON GOOD LUCK WITHOUT ME, THERE ARE A LOT OF OTHER GERMAN WEBSITES THAT TAKE A LOT MORE CARE OF THEIR CUSTOMERS AND WHO HAVE RESPECT FOR THEM",0,1
Stay away if you can based on personal experience.,0,1
"Very slow delivery, poor customer serviceBut all about delivery and about customer service is very bad. Parts was order 02.01.19 and paid same day. After 7 days i have write e-mail to customer service, and got answer about the package is still not sent. long dispatch time. No any no explanation for that from customer service.Very bad service for Teresa Reischl",0,1
My business you have worked very well,1,5
aless sea gut,1,5
"Prices are good and parts are correct. But all about delivery and kontakt customer service is very bad. Parts was orderet 16.05 and paid same day with pay pal. After 5 days  i have write e-mail to customer service, and 1 more in 2 days,.. and got answer after 1 week..? parts was send 26.05,.. that was 10 days after i have ordered them. Very-very long despatch time. No any no explanation for that from customer service.",0,3
"The service is very good:- best price- good quality- shipment to The Netherlands is on the right timeWhen I need more car parts, I order them again by Profiteile",1,5
"Great service: quick appointment (in just two days!), friendly and competent consultation, very quick work and finally great result! Doesn't really leave space to wish for more, thank you so much!",1,5
Carglass Garmisch Partenkirchen is a very good shop! I am from the Netherlands and had a stone hit on my way to Oberammergau. I went to the shop and could make an appointment which fitted in my agenda...See more,1,5
"Very good service! I get appointment very fast, like in two days which is not common. In the past i needed to wait like a week or so. These people there nice and know what they doing. Must admit i was...See more",0,5
Excellent service all around.  I am super happy with the company and their support when someone broke my window.,1,5
Bestes Carglass Service Center in Laatzen. Schnelle und akkurate Serviceleistung. Auto innen gereinigt nach Scheibeneinbau.,1,5
The service provided was great. The appointments were scheduled without issues. The technician was helpful and informative,1,5
The repair looks good. The offer of a free rental car for the day was great. They handle everything with the insurance.,1,5
amazing professionals. this is my second time with them and I am very happy with everything,1,5
Every aspect of the work was done in a professional manner.,1,5
"Everyone was very helpful, service was excellent and was on time",1,5
"Everyone was friendly and professinoal,
they clean my car and mirror as well for free :)",1,5
Prompt appointment and very good  service,1,5
Top 1 a Service,1,5
Great and friendly service,1,5
Very friendly and quick service,1,5
Excelent and easy professional with satisfying result,1,5
Excellent service 🤩,1,5
Stone repair was attempted twice on the same sites within 18 months. One site was unchanged but the second improved. The unchanged site was quoted that cannot be any better.  The second try was miracu...See more,1,1
I went to fix the front glass  from my car ..they fixed  but dust and glue trapped between  the glass  at least  that they said to me and when I said that is their own fault  ..they responded  that th...See more,1,1
Easy to get in touch with and to get an appointment. Carglass handled all the details with the insurance. The staff was very friendly. From what I can see the windshield replacement was well done.,1,4
"I liked how fast they scheduled and fixed my windshield. Team was polite and clean. However, they said they'd vacuum my car and didn’t. Small thing, but it stuck with me",0,3
"Carglass offers quality repairs and replacements, and the technicians are knowledgeable. However, scheduling was frustrating—a two-week delay and rescheduling twice. Customer support answered but didn...See more",0,2
Quick and Professional Sevice!,1,4
Fast and reliable service,1,5
Great customer service with friendly and qualified team,1,5
"Very nice, quickly understood the issue, quick resolution and fix.",1,5
Prompt appointment and very good  service,1,5
Very professional personnel with great on-time and high quality delivery,1,5
Carglass Garmisch Partenkirchen is a very good shop! I am from the Netherlands and had a stone hit on my way to Oberammergau. I went to the shop and could make an appointment which fitted in my agenda. The guy was friendly and correct and fixed the windshield. Thanks for the excellent service!,1,5
Excellent service all around.  I am super happy with the company and their support when someone broke my window.,1,5
Very friendly and high professionalism,1,5
"Very good service! I get appointment very fast, like in two days which is not common. In the past i needed to wait like a week or so. These people there nice and know what they doing. Must admit i was a bit surprised by how professional they are. They work super quick and the result is really good! I am very happy, no complaints at all. thank you very much for everything! I recommend this place to everyone",0,5
"Everyone was friendly and professinoal,they clean my car and mirror as well for free :)",1,5
I went to fix the front glass  from my car ..they fixed  but dust and glue trapped between  the glass  at least  that they said to me and when I said that is their own fault  ..they responded  that they cant do anything about that and they were trying to avoid me to give me a solution  .,1,1
The service provided was great. The appointments were scheduled without issues. The technician was helpful and informative,1,5
Top!!!!!!!!!!,1,5
"bad, please not go.Only go if you would like to be angryI sent you the email already. Please check it.",1,1
Excelent and easy professional with satisfying result,1,5
...........,1,5
Xyz.......,1,5
"Stone repair was attempted twice on the same sites within 18 months. One site was unchanged but the second improved. The unchanged site was quoted that cannot be any better.  The second try was miraculously perfect! But the other site was botched badly and doubled in size. It reflects an annoying amount of Light. It was another ""we can't do any better"" bad repair. I have to cover it with black electrical tape to cut out the glare. Also, this repair of already attempted repairs was again fully charged to my insurance which I feel is scamming of the insurance company!",1,1
Alles war gut.,1,5
All Perfect,1,5
"Very Good service, would recommend to anyone needing glass repair.",1,5
thx nobs canon,1,5
"I liked how fast they scheduled and fixed my windshield. Team was polite and clean. However, they said they'd vacuum my car and didn’t. Small thing, but it stuck with me",0,3
Bestes Carglass Service Center in Laatzen. Schnelle und akkurate Serviceleistung. Auto innen gereinigt nach Scheibeneinbau.,1,5
"Carglass offers quality repairs and replacements, and the technicians are knowledgeable. However, scheduling was frustrating—a two-week delay and rescheduling twice. Customer support answered but didn’t proactively resolve timing issues. Overall reliable work, but service coordination needs improvement.",0,2
Every aspect of the work was done in a professional manner.,1,5
Easy to get in touch with and to get an appointment. Carglass handled all the details with the insurance. The staff was very friendly. From what I can see the windshield replacement was well done.,1,4
Alles gut! View dank,1,5
The repair looks good. The offer of a free rental car for the day was great. They handle everything with the insurance.,1,5
It was a good experience to deal with professional team ( Carglass),1,5
Super Service,1,5
Expertise war i. O. !,1,4
"Everyone was very helpful, service was excellent and was on time",1,5
"Great service: quick appointment (in just two days!), friendly and competent consultation, very quick work and finally great result! Doesn't really leave space to wish for more, thank you so much!",1,5
amazing professionals. this is my second time with them and I am very happy with everything,1,5
Keep up the good. Everything was easy and they were able to work with my insurance company to get the work done at no cost to me. They accepted USAA without hassle.,1,5
"helpful, friendly staff that does good work",1,5
Good and excellent work,1,5
top service,1,5
Top Service,1,5
Best customer service,1,5
Top Service,1,5
"Transparent service, front of desk personnel was clear on my options and expectations. Offered an earlier service since I dropped in earlier, very happy with the service and outcome, after a not so positive experience with my own insurance company re: windscreen crack on passenger side.",1,5
Very good. Professional.,1,4
"Very good work at a friendly and professional workshop. But hopeless telephone service, CarGlass Denmark and CarGlass Germany gave opposite informations!",1,4
1) easy appointment near me 2) they sent info SMS to help me remember 3) very friendly and helpful at the appointment 4) they dealt with my insurance company 5) price was very good,1,5
"Ease of booking, professional service and friendly staff.",1,5
"5-star customer service! Timely appointment and solid installation. Great warranty, too!1-star reduction for parking my vehicle under a tree after new glass install that prompted a stop at the car wash on the way home.",1,4
One Problem. Super,1,5
"It was a perfect time with Carglass, employees speak good English and very kind. It took me 3 hours to repair my front windshield, instead of five hours.",1,5
"I had a good experience here. The people in front desk were friendly (not usual in Germany) and the repair was good and fast.About the price I can't say much, as it was covered by insurance.My only unsatisfactory experience was trying to call. It takes a while and you have to go through a bunch of filters before you can talk to someone. And that someone is not even sitting in the local office.",1,5
"Dear Carla’s members.I had to take my car (Audi A7 - Black) on Friday, the 16th. August 2024, due to rockfall damage to replace the windshield (in Carglass Munich Unterhaching 82008, Bavaria).On the same day, a new windshield was installed, but the plastic cover attached to the windshield from the inside has a crack.This plastic cover is attached to the windshield from the inside and covers the small equipment for the camera at the top of the windshield for assistance systems. In addition, this plastic cover (part) is loose and moves up and down when touched - this means that the plastic cover does not sit properly anymore.I handed over my car to replace the windshield since I read good review about car glass but not to damage the inner plastic cover of my premium car. I have attached the picture in the other email I sent to (socialmedia at carglass dot de) with the number plate and my contact details.Since the crack occurred when changing the windshield, it is requested to replace the plastic cover immediately and also to fasten it correctly so that it no longer moves up and down on touching. I am disappointed.Please respond to me asap how you are going to tackle this issue so I can follow up on it and respond to you legally.Update from 21Aug 2024: Herr Wahl from Carglass Unterhaching installed a new part free of cost. Also the part was ordered right away on my next visit for inspection and was changed with the appointment in a very convenient manner. Therefore, I am changing my review to Good back again.Thanks Herr Wahl for your help and updates.",0,5
Super Service,1,5
Super Service.,1,5
Top!!!!!!!,1,5
Super Service,1,5
Top Service,1,5
Super Service,1,5
War super toll,1,5
Top Service,1,4
🥰 😍 👍 👍 👍 🥰 😍👍👍👍👍👍👍,1,5
Super Service,1,5
Top Service,1,5
Top Service,1,5
Excellent Service... I have an American Spec BMW X3.. The representative found my exact Windshield and contacted me immediately to have it replaced... They did an excellent job from start to finish,1,5
Super Service,1,5
Top Service,1,5
"Did they replace the front windshield?-YesI'm 3 days in and the windshield is still in place, i guess they did that part as they were supposed to, but.....My only issue was that they claimed they had also cleaned the vehicle, but it was actually way dirtier than it was.Air vents, front doors (Interior), steering wheel and the dashboard were full of small plastic particles. I know exactly how dirty the driver side floor mat was, they did remove some dirt, but you could tell they didn't really bother.",1,3
Top Service absolut zufreiedenIch war in der Filiale in WiesbadenNordenstatt,1,5
War Alles in Ordnung,1,5
Top Service!,1,5
Superfreundlicher Service,1,5
Alles er top,1,5
War alles in Ordnung,1,5
Alles hat super funktioniert,1,5
AlleAlles war gut,1,5
Super Service,1,5
Top Service,1,5
War alles in bester Ordnung.,1,5
Top Service,1,5
Top Service!,1,5
Alles super,1,5
Top Service hat alles super funktioniert.,1,5
Super Service.,1,5
Kommunikation war gut,1,4
Hat alles gut funktioniert,1,5
Super Service und ein Top Team in Siegen,1,5
Kompetenter Service,1,5
Top Service,1,5
👍🏼 war in Ordnung,1,4
Super Service,1,5
Gute Organisation,1,5
Top Team in Darmstadt - Weiterstadt,1,5
kompetenter Service,1,5
Super service,1,5
Alles optimal!,1,5
Perfekter Service!,1,5
Test test te,1,5
***** Sterne,1,5
War gut.......,1,5
Alles top! Läuft easy...,1,5
"I went straight to carglass to make my appointment.Very friendly, helpful professional staff.The appointment was made around my work schedule.The work was carried out within the time frame given and I was very satisfied with the quality of the repair.I highly recommend carglass.",1,5
Mega Service ! 👍🏼,1,5
Alles hat gut funktioniert,1,3
Hat alles super funktioniert .,1,5
"Guter Service, kompetenter Berater bei Car Glass in Enzberg.",1,5
Super Service,1,5
"Tadellos, alles hat wunderbar geklappt.",1,5
Super Team in Erding,1,5
Top Service,1,5
Super Service,1,5
Supportive staffs. Very friendly behavior.,1,5
Super Service,1,5
"From booking to pick up, it went smooth and good English support.",1,5
"Alles gut gelaufen, Top.",1,5
Super Service,1,5
Der Service war gut,1,4
War alles gut,1,5
super Service,1,5
War alles super.,1,5
Super zufrieden 😃,1,5
der Service,1,5
The part that really impressed me was the friendly staff. They informed you of the complete process. Will refer CarGlass FFB to others.,1,5
Alles war in Ordnung,1,5
Top Service,1,5
Top! Super Service.,1,5
Service war gut,1,4
Profis am Werk. Absolut top 👍,1,5
"I have ordered 2 pcs of tires from their Hungarian subsidiary, without any further notice they cut the quantity to 1 pc and proceeded with the shipping. 
Haven't asked me if it is okay, haven't a...See more",0,4
"Everything run well (order, payment, Tracking of delivery) except the delivery itself with DPD. The DPD guy threw me the tires on the feet…",1,4
"Fi di g the right tyre and alloy wheel for my car eas made so easy as you can see your selections on your car before buying.
Delivery was great no fuss.
Wheels where we'll packed protected from dam...See more",1,5
"Delivery of ordered tyres was quicker than promised. They offer partner service stations, which we appreciate! The partner station mounted our preordered tyres in ""no time"" and at a quite decent price...See more",1,5
"The contract with this company is excellent, quick response und very good wheels. I`m driving this Nokian all years in summer and winter. The wheels have a good grip in muddy ground and during winter...See more",1,5
Everything worked well. The tires are in very good condition and were installed by the authorized dealer. No problems whatsoever.,1,5
"The tires I had ordered came quickly and in best quality. I am very content. Die Reifen, die ich bestellt hatte kamen schnell und in bester Qualität. Ich bin sehr zufrieden.",1,5
"excellent website, quick response and delivery
quality of winter tires can only be tated when driven in winter",1,5
"I cancelled my order by Reifendirekt after the tires did not fit my rims. Reifendirekt arranged the pickup, which took place on November 14, 2025. After that, nothing happened. No refund.

It was...See more",0,1
"The tires weren't delivered at all at first. Then, after three hours on hold, the order was resubmitted. Unfortunately, only three arrived. I deliberately called at 7:00 AM, waiting in line 6. The lin...See more",0,1
"Very comfortable to drive on my SUV. Good value for money. Unfortunately, you need a lot of weights for balancing.",1,5
"Verry fast service. 
Easy and helpful service to give wrong tyres back,
within 1 month.
Negativ very busy helpline.",1,5
"I had ordered a tire, but my customer decided to cancel. I immediately contacted the seller to cancel the order before my card was even charged. However, they never responded. Despite this, they still...See more",0,1
"It is the second time that I buy from Reifendirekt, and I am totally satisfied with the experience, goods arrive quickly and in perfect conditions, website is clear and easy",1,5
"Incredibly bad shopping experience. I ordered complete alloy wheels, but some arrived without balancing weights. Instead, the weights were stuck to the packaging. I filed a complaint and have bee...See more",1,1
"Everything fine, easy to configure and Chrome the correct rims.
Delivery also ging and fast.",1,5
"i ordered tires on the 24th of September and one week after cancelled 2 out of 4. I was given a new tracking for the two tires. Money refund was supposed to happen on the 28th of the month, no refund...See more",0,1
"I ordered one tire. What I they delivered was two tires. Totally different tires. Different size, different Brand. Completely not compatible with my Car. Stuff like this can happen, BUT. 
NO answe...See more",1,1
"everything worked out completely easy. Quick process, realiabel delivery.",1,5
Easy to navigate website. Huzzle-free and speedy ordering process. Quick delivery. Products as advertised and without damages on delivery. Really great experience.,1,5
"*Ordered tires to a different country (Paid in advance)
*Got a response that they will not be delivered.
*Yet still arrived, at the same day, they transfered my money back.
* They asked me i...See more",0,1
"Order 55974479 - November 22, 2024 to present

TIMELINE:
- Tire arrived with sidewall cut (documented by mounting service R1 SIA)
- Manufacturer sticker still attached (proving...See more",0,1
"The delivery process itself works fine. However, Reifendirekt and the associated tire companies frequently advertise additional benefits and discounts—such as a €40 Amazon voucher—which has been disap...See more",1,3
"GLS is not delivering to the Buyer,it is the Parcel-Shop were you have to Pick it up. And it is not the first time,even somebody is at Home !",1,3
"Haven‘t got my tire, actually im am waiting for 3 months!!!",1,1
"4 tyres have been ordered and delivered in May 2025:
1 tyre was produced on CW 31 of 2024
2 tyres were produced in CW 28 of 2024
1 tyre was produced in CW 15 of 2024
..which means more than 1 year...See more",1,3
"I have bought the wrong Tores. I‘ve send a Message to them, that I want to give them back. But they havent replied to my Message. Bad Service!!!",1,1
Only one of two tires received. After 4 weeks no reply. Hard to get in contact.,1,1
I have used this service a number of times and never had any problems.,1,5
"Easy to order at the homepage, quick delivery and good product for a fair price",1,5
"Swift delivery, good price, great service by the partner",1,5
"Good selection via Interface to the homepage, fast delivery.
Thanks!!",1,5
"all fine, except delivery took little longer than expected",1,4
fast delivery and to find the correct wheels was easy,1,5
"No Problems, fast delivery and fair price",1,5
The needed tires were found easily and the delivery was very fast. Thank you.,1,5
Delivered tyres were 1 year old. That's too old for new tyres.,1,2
"The quality of the car tyres are very good.
Fast delivery and the price was ok.
Thank you",1,5
It was fast delivery. Customer service is very helpful,1,4
Goods not delivered,1,1
still not arrived !!,1,1
"all clear no problems, fast shipping",1,5
"Order Date 4.4.25
Delivery no!!",1,1
"All good, fast and the correct products was delivered.",1,5
Top Service quick and without any problems,1,5
Everything fine. Long delivery time,1,4
"Great deal, fast delivery and best price",1,5
"I received the tires extremly fast:
after only 2 days !! Thank you so much !!",1,5
"Production data as promised.
Great!",1,5
Quick delivery to fair cost,1,5
"Very poor service. Payment was taken immediately, but communication after that was almost non-existent. Emails are ignored and support is unresponsive.Being told it takes nearly one month to deliver a tyre from Germany to Cyprus is unacceptable.Extremely disappointed. I will not order again.",0,1
"I cancelled my order by Reifendirekt after the tires did not fit my rims. Reifendirekt arranged the pickup, which took place on November 14, 2025. After that, nothing happened. No refund.It was impossible to contact this company. The phone line only leads to an AI voice that is completely useless, and my emails were simply ignored. There is no real customer support.I only received my money back around eight weeks later, after involving my legal insurance. This is unacceptable and unprofessional. I strongly advise against ordering from Reifendirekt.",0,1
"Order 55974479 - November 22, 2024 to presentTIMELINE:- Tire arrived with sidewall cut (documented by mounting service R1 SIA)- Manufacturer sticker still attached (proving unused)- 6+ weeks of email loops- Same information requested 4+ times- Name template failures (""[__name__]"")- Terrible auto-translator despite requests for English- Phone number in signature doesn't work- Zero human engagementTHEIR SYSTEM:✗ Automated email responses✗ Non-functional phone support✗ Repeated information requests✗ Ignores professional witness evidence✗ Designed to exhaust customers into giving upThis isn't incompetence - it's systematic customer abandonment. They've calculated that a percentage of customers will give up, making poor service more profitable than good service.Currently driving on 3 new + 1 old tire due to their defective product.Would give 0 stars if possible.",0,1
pray pleas pray you do never need to contact them...what an unprofessional and un-serious company.they should not even be allowed to be in business,0,1
"The tires weren't delivered at all at first. Then, after three hours on hold, the order was resubmitted. Unfortunately, only three arrived. I deliberately called at 7:00 AM, waiting in line 6. The line was then disconnected. I called again, waiting in line 6. Someone answered briefly, but the call was disconnected again. I called once more at 9:00 AM, waiting in line 14. I find this truly appalling. This kind of service should be illegal. I wasted an entire workday on this terrible company.",0,1
"Customer Service? Never Heard of It.Honestly, this company deserves zero stars(especially for customer support)but the delivery was okay ,therefore I added 2 stars. I contacted them on October 23rd to return a set of winter tires — and guess what? It’s now the end of October, and still no reply, no email, no message, nothing. Total silence.But somehow, they have no problem spamming my inbox every single day with “reminders” about items left in my shopping cart. Incredible — they can chase me for sales, but can’t bother to answer a single message about a return.I also wrote to them on WhatsApp and by email, and I might as well have been talking to a brick wall. Their “customer support” seems to exist only in their marketing slogans.If you’re thinking about buying from them, don’t — unless you enjoy being ignored once they’ve got your money. Clearly, their business model is: Sell fast, disappear faster.",0,2
"i ordered tires on the 24th of September and one week after cancelled 2 out of 4. I was given a new tracking for the two tires. Money refund was supposed to happen on the 28th of the month, no refund made yet. additionally the two tires when tracked are showing delivered but nothing came.",0,1
"*Ordered tires to a different country (Paid in advance)*Got a response that they will not be delivered.*Yet still arrived, at the same day, they transfered my money back.* They asked me if i want to keep the tires, if I do then I have to let them know.* I said yes, asked for a new invoice number multiple times to make the bank transfer - this all took over three weeks.* Finally when receiveing the banking information and a new invoice number - did the transfer the same day.* Two days later they took the same amount BY THEMSELVES, WITHOUT MY CONSENT* Now I have to juggle between them, my bank, close the old account for safety reasons and order a new bank card.What a hassle (three months in with this case now), more stress than it is worth it. A company like this in the Baltics would be bankrupt. Incompetence is the essence of this company. PS! Still havent received my money back.",0,1
"I have ordered 2 pcs of tires from their Hungarian subsidiary, without any further notice they cut the quantity to 1 pc and proceeded with the shipping.Haven't asked me if it is okay, haven't asked if I still wanted to have the tires, just randomly sent an email and proceeded with the shipping.Their customer support number is unavailable, you can call them forever no reply, however their website states that the lines are open till 19:00 PMUpdate: In the meantime it turned out that they have splitted the order into 2 separate shipments, which was unclear and I was unable to contact their customer support to get this information, in the end the tires have arrived, so because of the above average price and lack of customer support I corrected my rewiev to 4*-s",0,4
exzellent quality and quick delivery. perfect!,1,5
"all clear no problems, fast shipping",1,5
The quality of the car tyres are very good.Fast delivery and the price was ok.Thank you,1,5
Very fast delivery. All good with the tyres.,1,5
Super Service,1,5
"Verry fast service.Easy and helpful service to give wrong tyres back,within 1 month.Negativ very busy helpline.",1,5
I have used this service a number of times and never had any problems.,1,5
good service,1,5
Quick and perfect,1,5
Top Service quick and without any problems,1,5
It is so easy and much cheaper. Always good experience.,1,5
"The tires I had ordered came quickly and in best quality. I am very content. Die Reifen, die ich bestellt hatte kamen schnell und in bester Qualität. Ich bin sehr zufrieden.",1,5
"Great selection of tires, good prices, good communication until prior of delivery. Haven’t heard anything whether tires were shipped and/or delivered to the garage!Apart from that - great!",1,4
"Very fast and good tires, thanks!",1,5
"everything worked out completely easy. Quick process, realiabel delivery.",1,5
"fast delivery, good quality",1,5
"I ordered one tire. What I they delivered was two tires. Totally different tires. Different size, different Brand. Completely not compatible with my Car. Stuff like this can happen, BUT.NO answer in the Chat.NO answer when I called them.Still, I was not able to generate any type of feedback for my complaint. Still I got two tyres in my garage and I don't know where to send them back. Nobody responses to my my complaint.Very unprofessional.",1,1
4 tyres have been ordered and delivered in May 2025:1 tyre was produced on CW 31 of 20242 tyres were produced in CW 28 of 20241 tyre was produced in CW 15 of 2024..which means more than 1 year old!,1,3
Excellence in Services and price,1,5
the uncomplicated tire selection by vehicle and the fast delivery.,1,5
"Easy to order at the homepage, quick delivery and good product for a fair price",1,5
Tyre DOT from year 22. Not so amused.,1,3
Reliably top,1,4
Quick delivery to fair cost,1,5
It's very easy order...,1,5
"Quick delivery, reasonable price",1,5
"excellent website, quick response and deliveryquality of winter tires can only be tated when driven in winter",1,5
"Incredibly bad shopping experience. I ordered complete alloy wheels, but some arrived without balancing weights. Instead, the weights were stuck to the packaging. I filed a complaint and have been waiting six weeks for a resolution (still no answer). This is the worst customer service I’ve ever seen. I will never order from here again.## Update 2025-05-26In their reply (May 12) they promised to take that seriously and contact me as soon as possible... No one has contacted me so far :-) That tells everything about their service...In the mean time I went to a local car repair station. They measured all tires. Even the weights of the tires that contained weighs where wrong.Conclusion: Never by a complete tire or at least trust that they are correct. You need to check that in a local car repair station.",1,1
Everything works Fine.,1,5
Everything fine. Long delivery time,1,4
Good Condition,1,5
The needed tires were found easily and the delivery was very fast. Thank you.,1,5
"Everything run well (order, payment, Tracking of delivery) except the delivery itself with DPD. The DPD guy threw me the tires on the feet…",1,4
"Fast Delivery, good Quality",1,5
Without any problems,1,5
"Easy ordering process, rapid delivery, everything 🙂",1,5
I received the tires extremly fast:after only 2 days !! Thank you so much !!,1,5
"Good selection via Interface to the homepage, fast delivery.Thanks!!",1,5
Everything worked well. The tires are in very good condition and were installed by the authorized dealer. No problems whatsoever.,1,5
"Fast delivery, good service",1,5
"Swift delivery, good price, great service by the partner",1,5
Only one of two tires received. After 4 weeks no reply. Hard to get in contact.,1,1
"Delivery in time, perfect quality, good Communication",1,5
Order Date 4.4.25Delivery no!!,1,1
"Haven‘t got my tire, actually im am waiting for 3 months!!!",1,1
Cheap and fast delivery.,1,5
It was fast delivery. Customer service is very helpful,1,4
"Reasonable prices, easy to find what I was looking for, fast delivery. What more could you ask?",1,5
"Ordering process ok, communication and delivery process catastrophically.",1,1
"The contract with this company is excellent, quick response und very good wheels. I`m driving this Nokian all years in summer and winter. The wheels have a good grip in muddy ground and during winter on snowy mountain roads.",1,5
"Fast delivery, thanks",1,5
"The delivery process itself works fine. However, Reifendirekt and the associated tire companies frequently advertise additional benefits and discounts—such as a €40 Amazon voucher—which has been disappointing in my recent experiences. The actual value turned out to be much lower than promised, and the service related to these promotions was poor.",1,3
Fast deliveryGood product,1,5
"I had ordered a tire, but my customer decided to cancel. I immediately contacted the seller to cancel the order before my card was even charged. However, they never responded. Despite this, they still sent the tire without charging me at the time. Later, they demanded payment and even involved a debt collector to force me to pay. Overall, it was a dreadful experience., will never order again, and warn my customers",0,1
"Very good quality, fast delivery",1,5
"I have bought the wrong Tores. I‘ve send a Message to them, that I want to give them back. But they havent replied to my Message. Bad Service!!!",1,1
All right best Deal,1,5
"Perfect Products to fit my requirements, valuable price and good process communication.",1,5
"It is the second time that I buy from Reifendirekt, and I am totally satisfied with the experience, goods arrive quickly and in perfect conditions, website is clear and easy",1,5
Goods not delivered,1,1
"No Problems, fast delivery and fair price",1,5
"Fast delivery, reliable order Prozesse!As always highly recommended !!!",1,5
"best price, quick delivery",1,5
"all fine, except delivery took little longer than expected",1,4
"GLS is not delivering to the Buyer,it is the Parcel-Shop were you have to Pick it up. And it is not the first time,even somebody is at Home !",1,3
"Good prices, fast delivery.",1,5
"Great deal, fast delivery and best price",1,5
"All good, fast and the correct products was delivered.",1,5
Easy to navigate website. Huzzle-free and speedy ordering process. Quick delivery. Products as advertised and without damages on delivery. Really great experience.,1,5
Production data as promised.Great!,1,5
Very good internet site. Prices are OK. Easy payment. Conversation/information OK. Fast shipment.I can recomend,1,5
Easy to handle without any circumstances! Great that’s the way I need!,1,5
"Delivery of ordered tyres was quicker than promised. They offer partner service stations, which we appreciate! The partner station mounted our preordered tyres in ""no time"" and at a quite decent price.",1,5
fast delivery,1,5
"Perfect - offer, payment, delivery! Recommendation!",1,5
"Very comfortable to drive on my SUV. Good value for money. Unfortunately, you need a lot of weights for balancing.",1,5
Good and fast,1,5
"Everything fine, easy to configure and Chrome the correct rims.Delivery also ging and fast.",1,5
Delivered tyres were 1 year old. That's too old for new tyres.,1,2
Easy ordering. Quick delivery. Good quality.,1,5
fast delivery and to find the correct wheels was easy,1,5
Fi di g the right tyre and alloy wheel for my car eas made so easy as you can see your selections on your car before buying.Delivery was great no fuss.Wheels where we'll packed protected from damage.Great prices,1,5
"I ordered, they delivered",1,5
"Easy order, good price and quick delivery.",1,5
I have been using ‘Reidendirekt’ for many years. For car and motorbike tyres. I have never been disappointed. Good price / fast delivery / best service. Clear recommendation.,1,5
PreisQuickDelivery,1,5
The shop is realy easy to use. The delivery was each time transparent. All information are delivered just in time. I am absolutly satisfied.,1,5
"Order process, contact with the garage and mounting of the tyres worked absolutely well.",1,5
The prices of mounting went up above the listed prices after the tires were delivered to the mounting garage.,1,3
"Quick and easy process, unbeatable prices and 2 day delivery. Will use again for sure. Well recommended.",1,5
"Good price, fast delivery, the recommended motor vehicle Workshop did a good job",1,5
Good & quick Service Everything went well,1,5
"The ""new""motorcycle tire was already 2 years old!!",1,3
"Quick delivery and easy order process. You just have to be careful with the age of the tire, mine was 1 year old and the other 2 were 2 years old, but sold ""new"" :/",1,4
"Everything was good, fast deliverySuper happyThanks",1,5
"Good price, good service.",1,5
"Fast, good quality",1,5
Easy as always. I can only recommend.,1,5
"Lieferzeit war mit 2-3 Werktagen angegeben, die Reifen kamen nach 7 (2 Stk) bzw 8 Werktagen (die anderen 2 Stk)delivery time was promised: 2-3 working daysactualy delievery time was 7-8 working days (2 wheels arrived after 7, the other 2 after 8 days)",1,1
Product was delivered on time and exactly what I ordered!,1,5
Prompt and quick service with an excellent product and affordable prices.,1,5
"quick service, reliable",1,5
"From the initial order of four tires only two were delivered. The two delivered tires are more than five years old which is not acceptable as new tires. I can prove everything. Horrible customer service, if any. Currently paypal works on the case.",1,1
"The Service of Reifen Direkt was great and fast with transparent information at each stage. But the shipment service by DPD was a hightmare.The delivery was split in 2 shipments, both failed in the first delivery by DPD driver incompetency, taking me some calls with the DPD service center. One Week later then forecasted everything was received.",1,4
"My tires Are 3 Jears old.i think When you want New tires,they send you New tires.",1,2
"Fast Delivery, good price.",1,5
perfekt. Everything as expected. And a good price.,1,5
quick and easy plus delivery against open invoice.,1,5
"As always, i am ordering tires at REIFEN DIREKT.Over the years, nothing went wrong, always excellent service, short time for delivery,best prices.Next time : REIFEN DIREKT",1,5
"Fast delivery, good sevice",1,5
Top PriceFast Delivery,1,5
"Fast and Quick, without any problems!",1,5
"Very good Sellers. The only minus were, they don't deliver to whole EU (east), but to Netherland, Belgium... Why? EU Is ""one state"" And if the people pay, why not to deliver? In my case they delivered to Czech republic. After doing my order And after payment I asked the Sellers for shopping price. They never answered, but delivered for FREE. Great! Thanks Věry much! Recomend this seller.",1,5
"No credit , if tires are return only paypal document!never ever!",1,1
"I haven't experienced anything worse so farafter four weeks the tires are now there, but I already have some no feedback from Reifen Direkt not by phone nor by mail I have now called in a lawyer because even because of the collection of the tires there is no response from Reifen Direkt in the past they were good now no longer recommended",1,1
"No Agent as announced has contacted me.I received 3 wheels of Four  without preinfo by GLS..3days later the 4th ,wheel was delivered.pricing and packaging  is perfect.",1,3
"Wrong shipping address on order form and no possibility to contact reifendirect. I used telephone and waited 2h, when i was on position 1 the sound stops and after 5min they asked me for feedback and then the connection was broken. On the webchat and also WhatsApp nobody responded after a few tries. And on top the lead time was completely wrong and we had to find other solutions to drive into vacation. So really bad and i will never order here again and i will share my experience.",1,1
Perfect..!!,1,5
"Tyres look good, delivery went well and fast but unfortunately the Partner Workshop was apparently no partner any longer and wanted more than double the amount as quoted! He stated, he had taken over the business two years ago and had told reifendirekt.de that he does not want to be listed as a partner workshop (to put the tyres on my car). Very disappointing!",1,2
"Fast delivery, tires not older than 3 months. Clear tracking",1,4
"It was very easy to choose and buy. I like the filters to choose from according to noise, speed etc.Delivery was weired: I ordered 4 wheels and got 2 one one day then the other 2 the following day. The delivery update service was very confusing, not showing true results in realy time.",1,3
Everything was great. But the sheduled delivery time has not been met. The delivery takes twice of the duration as stated.,1,4
Delivery was as written and quality is as it should be for good tires. Assembly at the Workshop is very experienced. This will be my new workshop for my E-car.,1,5
Fast and reliable delivery! There is still a need for action in the reversal of incorrect deliveries. The return process takes too long and the customer needs a lot of patience - but everything worked out in the end.,1,4
"No Communication. No chance on Telephone, by eMail or Whatsapp. We get fals equipment and have no chace to change!Now we bay the equipment otherwise.",1,2
Easy to select the right tires. Good prices and direct delivery. Like it👍,1,5
"Top selection, great communication clear website, unfortunately the shipping took a little longer but still highly recommended",1,4
"I am extremely disappointed with the lack of response to my complaint regarding my order (Order ID: RD 54090435). I have sent multiple emails, waited over three days for a reply via chat support on your website and WhatsApp, yet no one has responded. I even spent over an hour on hold on your phone line, but I could not reach anyone.This level of customer service is unacceptable. I kindly request that someone contact me immediately regarding my issue. Thank you!!",1,1
"I ordered four tyres, one was delivered defective and I have now been trying to complain about the tyre for 6 weeks. Zero communication, just a standard e-mail every fortnight!",1,1
"Easy to handle, fast, good pricing!",1,5
"The delivery had been announced for January, 3rd, but from the tracking number I could see that the tires did not move at all until January, 9th. Since I had already arranged a date for mounting them I was getting nervous. Reifendirekt.de could not be reached at all: A (quite hidden) phone number led to place 142 on the hotline and did not move at all. E-Mails were not replied to. The contact-form on the website only delivered system failures. Apparently this company does not want to communicate with it's customers.",1,1
"I ordered four tyres of the same make and model right before Christmas. After a long delivery time, only three tyres were delivered, where one of them was completely wrong (different brand, different size). So out of my order of four, only two tyres arrived. I tried to contact customer service through different routes, over email, chat, fax and phone and got no response at all. Will now formally take steps to get this solved.Update: 27.01.2025: Now the issues have been resolved, but it took really a while to sort everything out. Updated from 1 to 3 stars",1,3
Delivery and Service are Super!,1,5
"There was nothing to complain about, the order, delivery to the workshop and payment went smoothly.",1,5
"I am shopping from this shop for my cars and motorbikes. Best prices, but most important excellent service.",1,5
Very fast Management of my order. Well done.,1,5
Very quick delivery and a good service. Product as expected,1,5
"Selection of products, friendly page, super fast shipping, option to book an appointment with the workshop directly, all great!!!!",1,5
"All good, quick delivery of premium tires. Good source",1,5
"Fast delivery, exzellent.",1,5
Excellent and speedy service at great price!,1,5
"Good price, fast Delivery,",1,5
"The website said that the tires would be delivered within 1-2 workdays after payment. We paid with credit card which wasn’t considered as direct payment. So it took the company 2 days to register the payment and then it took another 2 workdays that the tires where shipped. DPD already had the order. Then the order took another 2 days until it should be delivered at the chosen garage. But the app told me that it couldn’t be delivered, because there was no one at the garage in the middle of the day. I can’t believe that. Then the tires wen’t back to a storage location of DPD and they didn’t try to deliver them again. After 2 weeks I still don’t have the tires. I can’t choose a delivery date at DPD and I can’t reach someone at Reifendirekt. When I use WhatsApp to communicate, I only get a chatbot and when I ask for an employee, then it says I will get connected, but there is no one who is answering my WhatsApp’s.",1,1
"fast, easy, good",1,5
"Best product, very fast and safe delivery",1,5
"The refund has endured 3 month and took several calls with waiting list no. 35 and many emails with sometimes no answer. They had problems with GLS, but that shouldn't be the problem of the customer and furthermore not for so long.",1,1
Easy to order!Quick delivery!,1,5
I had an issue with my order which frustrated me. After getting in touch with them and explaining them the situation they never ignored my emails and always insured me that I will be supported unt...See more,0,5
"Easy ordering process, pricing is among the cheapest out there and the price of a single licence (e.g. for the bicycle carrier) is cheap.

The shipping was done quickly, within 1 day. However, if yo...See more",1,5
Only problem was that DHL sent me false arrival date and because of that i bought extra plates. Don't really know how to solve that. The product was good 👍🏼,0,4
"Very impressive, i ordered on a Friday and recieved it Saturday. Fast, cheap on very easy website to use. 

Big recommendations from here.",0,5
Only problem was that DHL sent me false arrival date and because of that i bought extra plates. Don't really know how to solve that. The product was good 👍🏼,0,4
I had an issue with my order which frustrated me. After getting in touch with them and explaining them the situation they never ignored my emails and always insured me that I will be supported until the end. At the end it didn’t went as we expected and they made sure that at least I end up satisfied.I am grateful to them and I Highly recommend them!I will be more than happy to visit there online store Again!,0,5
"Very impressive, i ordered on a Friday and recieved it Saturday. Fast, cheap on very easy website to use.Big recommendations from here.",0,5
Great service. Very fast and for a very good price.,1,5
Very happy with the service and the quality. Ordering was very easy and delivery was fast as promised. 100% recommended!,1,5
Fast service and good customer experience,1,5
"Fast delivery, good quality",1,5
"Fast delivery, good price",1,5
The service was so fast and arrived on time.,1,5
"I expected to come the next day, but it came after 3 days, overall it is a very good service. Thank you",1,4
Super Service,1,5
"Perfekt, war am 2. Tag da",1,5
Hat super funktioniert,1,5
Hat super geklappt. Top,1,4
Super Service,1,5
Top Service.,1,5
Top hat super geklappt,1,5
"Easy ordering process, pricing is among the cheapest out there and the price of a single licence (e.g. for the bicycle carrier) is cheap.The shipping was done quickly, within 1 day. However, if you're tightly scheduled, do note that their processing time is also one business day, so your order will reach you most likely in 2 business days.",1,5
"Super schnell, alles Top",1,5
Super…… 👍👍👍,1,5
Super Service,1,5
they kept their promise to refund if delivery was delayed.,1,4
Super schnell,1,5
Alles Top. Danke,1,5
Less than 10 minutes from start to finish. Plates arrived within 2 working days. Happy with the results.,1,5
Super Service,1,4
Good. It got delivered in next day,1,5
sehr gut and schnell,1,5
Top 👍🏻 alles super gut,1,5
Hat gut funktioniert.,1,5
Took 5 days to arrive! Promise was to ship same day and arrive within 1-2 business days,1,1
KennzeichenExpress = 5*Post = 🫤,1,4
It was super easy to order. I did it from my phone while my partner was driving. The payment went thru just as easy because i paid via Apple Pay. It came in the mail very quickly and i was able to install in a matter of minutes.,1,5
It was fast and simple,1,5
Super Superman,1,5
Super service! Very fast in delivering high quality product.,1,5
Hat alles super geklappt,1,5
Super schnellAlles top,1,5
Hat alles super funktioniert.,1,5
Top TOp TOP 👍,1,5
"Super schnell, super gut.",1,5
Plates came fast. No manufacturing defects or errors.,1,5
Very good service,1,5
Super Top! Klasse Service,1,5
Hat super funktioniert!,1,5
"Alles top, danke",1,5
War alles super!Danke!,1,5
Great price and quick delivery. Highly recommended.,1,5
"Super schnell, alles top",1,5
Super! Turbo-Versand,1,5
"Super schnell, top Ware",1,5
Top Quality.Super schnell.,1,5
Alles Top. Super schnell,1,5
Alles tip top,1,5
Super........,1,5
"Alles Top, super schnell",1,5
.............,1,5
"Very fast shipping, cheaper and good quality plates.",1,5
Ein excellenter Service bei kleinen Problemen.,1,5
Good quality and price.,1,5
War alles super,1,5
Alles hat toll gelauft. Tip top :-),1,5
Hat alles gepsst. Top 👍,1,5
Top. Alles gut.,1,5
Alles top. Danke,1,5
Time saving and fast delivery. Very convenient.,1,5
"1A, TOP *****",1,5
Super schnell! Top,1,5
"Super schnell, Top",1,5
Alles top. Super fix.,1,5
"Super,  Top alles gep.",1,5
"The experience was good. It was easy, quick and the product was delivered within 2 days of ordering.",1,5
Alles top! Danke,1,5
"Super fix, alles problemlos funktioniert",1,5
The product of quality and service are very good. The delivery time is very accurate on date.,1,5
Super ok 👍👍👍👍👍👍👍👍,1,5
Super schnell. Alles top,1,5
Quick delivery. Good Produkte. Good price,1,5
Good product and thery Fast delivery,1,5
Super schneller Service… Ware in top Zustand,1,5
Hat alles super geklappt. Top.,1,5
A L L E S  B E S T E N S,1,5
Service was tip top. Nohing to complain about.,1,5
Blitzversand... TOP!!!,1,5
Fast and reliable. I recommend.,1,5
"Hat alles super funktioniert, danke .",1,5
"Super schnell, alles Top .",1,5
"Sorry, falscher Adressat.",1,5
Super fast service and delivery.Website is very easy to use.I would recommend this firm to everyone,1,5
Top alles schick,1,5
superecht express1A,1,5
exelent super,1,5
"Super schnell, alles Top :-)",1,5
Alles super. Das war ja Expressliefering,1,5
Good quality service. Next day shipping,1,5
very fast delivery,1,5
"It's cheaper than buying it on spot, but It's not as fast as they claim. Ordered on Tuesday morning, received it on Friday.",1,3
Alles top!Danke !,1,5
cheap and fast delivery. good quality.,0,5
As mentioned they shipped on time :).Dhl delayed to deliver for two days.. so finally I could not make the registration on time,1,3
OK good gemaht,1,5
Alles super. Bin absolut zufrieden.,1,5
Best value of money plus super fastEverything was good for me,1,5
Just great! will always order here! with the number printed on a machine is better than by hand!,1,5
Super Service,1,5
"Sorry I wasn't happy at all. Due to late delivery I had to print car plate else where, which cost me double money.Unfortunately, These car number plates are useless for me now.BR,Rahul",1,1
"The plate came in 3 days. Need to buy another one to have my car registeredUpdate: after the negative review, enquire was done on company side and realized the plate was handover late to the shipping company and proceed to refund me as a gesture of good will. Increased to 4 star as a gesture of good will!",1,4
Tip top alles super,1,5
just in time - wie versprochen,1,5
"Alles top, danke",1,5
Super schnell! Top,1,5
"in 24 Std. alles erledigt, super",1,5
super.........,1,5
Extremly fast delivery (1/5 days only!!)Easy to fill out nice and clear.Highly impressed. Will use this site in future to order my licenceplate.5star service,1,5
Top Service!!!,1,5
Very efficient and fast service! Good quality and excellent prices! Very happy!,1,5
Es hat alles super funktioniert :),1,5
"Top Service, danke",1,5
"Super schnell, Top",1,5
V fast and responsive.Thanks for your business.,1,5
Hat alles gut funktioniert. Danke.,1,5
super schnell! Alles top,1,5
"Super schnell, super gut!",1,5
"Super schnell, Super gut!",1,5
"Schnell unkompliziert sicher korrekt. ExcellentNull Komplikationen!PerfektFast, uncomplicated, safely, correct.  Excellent",1,5
"To be honest after reviewing all reviews I was a little bit scared, but after delivery of my Winter Tyres Pirelli Scorpion 4x 23,zoll, I was really amazed. TOP quality and delivery time. Price was als...See more",1,5
"made me realise how many delays there are in this business, turns out others cant evel deliver their tires on time. This, has quality, and more importantly the on-loccation delivery, and they take the...See more",0,5
"5/5 Stars: Great Price, New Tires, Fast Delivery!

The prices are very reasonable, and the quality is excellent—they were brand new with a fresh generation date. Plus, the delivery was fast. Highly...See more",0,5
"Good price en fast delivery. 
Tire size 235/60/18. 103T. I was looking for some softer comfortable tires. I went from 19” rims to 18”. From Rotalla allwetter to these Michellins. I didn’t helped me...See more",1,5
Right size tires and not old ones. Shipping was pretty quick too. The price was very reasonable with the free shipping. Will be ordering tires again.,1,5
Super. Second time I buy tyres and second time I am not disappointed. Quick delivery. Super tyres.,1,5
"The best price I could find, easy and fast delivery with no issues whatsoever. Would definitely recommend purchasing!",1,5
The tires were everything expected and delivered within a week of purchase.,1,5
Fast delivery and quality product at a fair price. The 4 tires were produced in 2025. This seller is 100%.,1,5
"As usual, fresh tires at good prices with quick delivery!",1,5
Really good tires for the price and fast delivery. Top service!,1,5
"Fast delivery, good prices, excellent diversity of products",1,5
all good..what i order that i got and delivery was fast,1,5
Fast delivery and good product,1,5
Fast delivered und super quality.,1,5
I was completely satisfied with the purchase and delivery,1,5
I was completely satisfied with the purchase and delivery,0,5
Fast delivery and nice workshop,1,5
They delivered on time and communicated,1,5
"100% business partner. 
And super fast delivery.",1,5
All super i will buy again,1,5
Fast order and delivery,1,5
"Overall, good price, top quality and what I have ordered it was delivered. Pirelli Scorpion Winter Tyres 4x 23 zoll. Thanks again. I was slightly skeptic but sfter delivery all concerns were gone.",0,5
Quality of tires and delivery updates are positives. Shipped to the installation shop super fast. Returns however are a different story. I ordered wrong size tires (205/50/17 instead of 205/45/17) and...See more,1,3
"I ordered tires worth 488 €. According to the company’s own DPD delivery document, the package was delivered to a third company, not to me, without my authorization and without my signature.
Fact...See more",0,1
"I got goods within one week w/o any problem for a great price. 

Negative : status of sending was available from currier only, not a lot infos from the shop. May be it is also good, some shops send...See more",1,4
"Completely unserious, unprofessional and extremely rude treatment of a customer. I feel like I’ve been scammed. In short, what happened: I had previously ordered tires from this company and everyt...See more",0,1
"I did not get the tyers.  
The shop they were supposed to be delivered to is very unhelpful.  They are asking for proof that tyers where delivered.  
I am very disappointed.",1,1
Spamming asking for reviews. Tires delivered on time. Nothing to complain. But the spamming campaign that follows...that should stop.,1,1
Preis very good but this time the delivery was really late ! 9.12 instead of the promised and expected 5.12,1,4
Right size tires and not old ones. Shipping was pretty quick too. The price was very reasonable with the free shipping. Will be ordering tires again.,1,5
"Overall, good price, top quality and what I have ordered it was delivered. Pirelli Scorpion Winter Tyres 4x 23 zoll. Thanks again. I was slightly skeptic but sfter delivery all concerns were gone.",0,5
"To be honest after reviewing all reviews I was a little bit scared, but after delivery of my Winter Tyres Pirelli Scorpion 4x 23,zoll, I was really amazed. TOP quality and delivery time. Price was also very good, I‘v saved pro Tyre 35-36€. So to be honest I‘m really satisfied, and don’t let to be discouraged with some bad reviews because some customers had maybe bad experience or something else. Tyres were made in January 2026. Faruk.",1,5
5 star you all!,1,5
Quality of tires and delivery updates are positives. Shipped to the installation shop super fast. Returns however are a different story. I ordered wrong size tires (205/50/17 instead of 205/45/17) and return is still being processed (two weeks after initiation).,1,3
"Ordered 4 tyres, 2 were wrong size. They are delaying the refund for 3 months, avoiding to pick up the wrong tyres, refusing me to return the tyres myself or any other solution.",0,1
I was completely satisfied with the purchase and delivery,0,5
"I ordered tires worth 488 €. According to the company’s own DPD delivery document, the package was delivered to a third company, not to me, without my authorization and without my signature.Fact is: I never received the goods.Instead of solving the problem or refunding me, the company is trying to avoid responsibility and even asked me, as a private customer, for a “company stamp”, which is completely absurd.After months, I still have no goods and no money.Conclusion: Very unreliable company and extremely poor customer service. I strongly recommend everyone to stay away.",0,1
Fast delivery and good product,1,5
Preis very good but this time the delivery was really late ! 9.12 instead of the promised and expected 5.12,1,4
"I got goods within one week w/o any problem for a great price.Negative : status of sending was available from currier only, not a lot infos from the shop. May be it is also good, some shops send way to much middle - status messages .",1,4
Top!.........,1,5
"NIE WIEDER, NEVER AGAINDer KI-Support gibt keine hilfreichen Antworten. Möchte man ein Produkt zurückgeben, erhält man nur irrelevante Auskünfte, bis die 14-tägige Rückgabefrist abgelaufen ist. Dann heißt es plötzlich, die Frist sei verstrichen und eine Rückerstattung nicht mehr möglich. Die KI wiederholt lediglich die gleichen Standardantworten.Die Dokumente sind verfügbar.Absolut nicht empfehlenswert.Artificial intelligence support, no one gives you the right answer, if you want to return the product, they give irrelevant answers until your 14-day period is up and then they say the return period has expired and your money cannot be refunded, artificial intelligence only gives you repetitive answersDocuments are available.Absolutely not recommended.",0,1
Super. Second time I buy tyres and second time I am not disappointed. Quick delivery. Super tyres.,1,5
"Completely unserious, unprofessional and extremely rude treatment of a customer. I feel like I’ve been scammed. In short, what happened: I had previously ordered tires from this company and everything went smoothly. Now, suddenly, the delivery address was supposedly “incorrect,” and they demanded an additional charge of 14 euros per package (two packages). After I complained, they reduced the surcharge to 7.50 euros per package and stated that the first delivery had only been successful because I was “lucky.”In the end, after my complaint, they decided to return the packages to their warehouse and refund my money — but 30 euros less than I had paid. So not 7.50 euros per package, but twice as much. So, I won’t say anything more — you decide for yourselves whether I am to blame for an allegedly “incorrect” address to which all other packages are delivered without any problem, and whether a customer should be financially penalized for their mistake. I would also like to emphasize that they first ASKED for an additional payment, and when I refused, they charged me anyway.Let all potential future customers be aware of how buyers of this company's products are treated. I am certain that I will not spend another cent here. PATHETIC!",0,1
all good..what i order that i got and delivery was fast,1,5
The tires were everything expected and delivered within a week of purchase.,1,5
"Your products quality and price are excellent, I do expect that you will deliver the orders timely.Thanks",1,4
Top!!!!!!!!,1,5
"The best price I could find, easy and fast delivery with no issues whatsoever. Would definitely recommend purchasing!",1,5
Good quilty,1,5
100% business partner.And super fast delivery.,1,5
Spamming asking for reviews. Tires delivered on time. Nothing to complain. But the spamming campaign that follows...that should stop.,1,1
"5/5 Stars: Great Price, New Tires, Fast Delivery!The prices are very reasonable, and the quality is excellent—they were brand new with a fresh generation date. Plus, the delivery was fast. Highly recommend!",0,5
Fast delivery and quality product at a fair price. The 4 tires were produced in 2025. This seller is 100%.,1,5
Really good tires for the price and fast delivery. Top service!,1,5
The quality is always the same and reliable,1,5
FIRST OF ALL; IT IS REALLY SHAME THAT IM SO DISSAPPOINTED FROM YOUR SERVICEI ORDERED RIMS AND WHEELS AND RIMS WAS NOT SUITABLE FOR THE CAR AND 4 DAYS BEFORE DELIVERY OF THE RIMS I REQUESTED TO CANCEL RIMS ORDER BECAUSE IT WAS WRONG:CUSTOMER SERVICE SAID OK WE WILL TAKE CARE YOUR TICKET AND WAITED WAITED AND WAITED DURING ALL 4 DAYS I REQUESTED REQUESTED AND REQUESTED AGAIN AND FINALLY THEY SAID THAT WE SENT THE RIMS ; WHAT WHAT AM I BEGGING LAST 4 DAYS ; PLEASE CANCEL AND DO NOT SEND BUT THEN THEY ARE SAYING IT WILL BE SEND SORRY:THAT IS THE REASON AND ACCORDING TO GERMAN LAWS I WILL NOT ACCEPT THE RIMS AND ALSO I WOULD LIKE TO SEND THE TYRES BACK TO YOUR COMPANY ; WE WILL NEVER MEET AGAIN:IM REALLY SO MUCH UPSET TO CHOOSE THIS COMPANY,0,1
SuperGreat,1,5
Fast delivery,1,5
"made me realise how many delays there are in this business, turns out others cant evel deliver their tires on time. This, has quality, and more importantly the on-loccation delivery, and they take the old ones away too for me. The quality of the service is 5/5, and thats wh ythey have the reputation they do. The biggest problem is, its relatively small. I want them to expand to other countries so I can travel EU on my car and not be worried at all.",0,5
Top Service,1,4
Perfect. Thanks,1,5
In one word: Perfect!,1,5
"Fast delivery, good prices, excellent diversity of products",1,5
I did not get the tyers.The shop they were supposed to be delivered to is very unhelpful.  They are asking for proof that tyers where delivered.I am very disappointed.,1,1
"Ich habe heute abend diesen mail bekommen…Bitte punkt 3 lesen…3. Otherwise, we will arrange for one of our supporting Cubs to pick the tire. And believe me, they have no problem meeting you at home, even without making an appointment.Konrad MARKUS",0,1
"As usual, fresh tires at good prices with quick delivery!",1,5
Good price en fast delivery.Tire size 235/60/18. 103T. I was looking for some softer comfortable tires. I went from 19” rims to 18”. From Rotalla allwetter to these Michellins. I didn’t helped me as much as i wanted. They are softer and more comfortable but only about 10%. Besides that i cannot say anything about other driving conditions.Seems good tires.,1,5
Very trustworthy company for anyone looking to buy tyres online! Very good prices and availability of new models,1,5
Fast delivery,1,5
They delivered on time and communicated,1,5
Fast delivery all of the times that I ordered tyres. I would like to know the DOT of the tyres before I order them though.,1,4
"Zero stars. I ordered rims, they took my money, and after 5 days of sending emails, they answered by email that they didn't have it in stock. Those rims are still on the website so they can be ordered, but they don't actually have them in stock.",1,1
Super fast . I’m very happy.,1,5
Timing was good,1,5
Top top top.,1,5
"Ordered 2 tires, only one arrived! Second has not left Italy based on the tracking. Yet for almost a month I cannot get my money back. Thank God I paid with PayPal they will handle this.This is dishonest! And by what I am reading here I am not the only one. Never ever will I order here again.",0,1
All perfect thanks,1,5
"fast delivery , new tires only produced a few months ago , good pick up point , no waiting times",1,5
"Fast delivery, good rates, high quality.",1,5
"I recommend this website , Timely Delivery and Quality product",1,5
"Not current DOT, tires older than a year.",0,1
Top! Danke !,1,5
"After ordering there have been 2 delivery attempts via DPD but even though there was a admission to drop the tire in front of the door it was impossible for them to deliver - I am afraid I cant do it any easier for you!Now I chase my money and am asked to pay the shipment fee's, for a shipment I never received! Ticket was opened accordingly but no response yet.A poor and non-result driven support via chatbot is the cherry on the bitter tasting cake for me!I can clearly not recommend reifenleader!",0,1
Prices are very good. Delivery was wast.,1,5
"Frische Reifen, nur paar Wochen alt! Super schnell Lieferzeit. Beste Preise, Top Service.",1,5
Top!!!!!!!,1,5
Top Service,1,5
Super service fast deliveryMy 4th time of using them,0,5
Super service as always...its my 4th time of using them..,1,5
Alles top! Danke,1,5
Top!!!!!!!!,1,5
Aless super,1,5
Alles war gut,1,5
Super Angebot,1,5
Quality product and quick delivery. The two Tyres ordered at the same time (same order) came as two separate deliveries on two separate days meaning someone had to be available on two separate occasions. This is the only reason for 4* rather than 5*,1,4
"Thrust this seller,very good prices,thank you!",1,5
"2 x Hankook Ventus S1 EVO2 K117B 225/50 R18 95W (*), HRS, Run Flat",1,5
"Super fast delivery, Good price.",1,5
"Presice description, easy to order, supernatural delivery.Thanks, guys!!!",1,5
My first purchase didn't work out. I think it was because my wife paid the invoice too late. Unfortunately there was no way of finding out if that was actually the problem.I did then order again. Paid promptly and the tyres arrived as per usual.I have bought 4 sets of tyres here and will continue to do so in the future.,1,4
"Top,super geklapt",1,4
"Super Ware, gute Kommunikation, top was will man mehr,",1,5
Top Service,1,5
"Super Ware, Reifen DOT 2323 TOP 1+",1,5
"Alles war gut, Alles war in Ordnung.",1,5
Es war alles in Ordnung,1,4
Alles war gut hat alles gepasst bin sehr zufriedenDanke.,1,5
The tyre was impeccable.. and delivered properly packaged.. by the delivery partner...keep up the good work..,1,5
... super Service!,1,5
Danke alles bestens,1,5
"Top, Super zufrieden",1,5
Es war alles gut,1,5
I am Very satisfied with the product and i will buy  it again,1,5
Super super,1,5
I am very happy with product that l received.,1,5
++++  TOP  ++++,1,5
"Beware of Scammers. This company is scammer!!!I have ordered 4 Tyres on 04.12.2023 (reifenleader.de) and still didn't receive my order as of 12.12.2023, I tried to contact through their website and whatsapp contact line but no response. I didn't even received any kind of shipment tracking number.",0,1
"It has been over 8 days and I do not have a confirmation of my order, tracking information nor an update. You have my money but I have no info regarding this order. This is very unprofessional and I am highly disappointed.",1,2
Alles top.Danke,1,5
"Superb ,quick delivery ,100 euros cheaper each tyre for my Landrover ,thank you very much!",1,5
No response has been provided to me in regards with tires pick up. Support says they answer all inquiries in 24 hours - I've been waiting for 5 days by now.,1,1
Delivery was fast and on time. Products were delivered in perfect condition.,1,4
Good offerButIt take 1 week or mre not 3 days,1,5
"super fast, as usual",1,5
Super Super gut,1,5
Super Ablauf.,1,5
I have not yet received information on how to return the tires which i ordered the incorrect size.,1,1
Sehr gut 👍 Continental Winter contact,1,5
alles top - danke !,1,5
Top!!! Danke!,1,5
>>>>>>👍<<<<<<,1,5
I was a tourist in Germany while I needed and bought the tires.The tires arrived the address I gave on time and the process was smooth and I was even offered help in English.Very good experience.,1,5
ok gut gut gut gut,1,5
Super schnell! Top,1,5
Alles O.K. Everythink was o.k.,1,5
ALLES TIP TOP ***** Super Kundenservice ***** DANKEMfG N.Jünger,1,5
Fast deliverySimple ordering processGreat tyres,1,5
Super 👍👍👍👍👍👍👍,1,5
"Would not recommend it at all. Tyres were delivered to a shop that’s out of business. Now two tyres are lost, support is a nightmare they simply don’t answer. Go somewhere else!",0,1
War alles super,1,5
Schnell billig alles super,1,5
Schneller Transport!,1,5
"Fantastic service, quick and easy to deal with…",1,5
war echt super,1,5
👍👍👍👍👍👍👍👍👍👍👍👍,1,5
Gut der Service,1,4
"Tip top , alles gut",1,5
Tires have not came at all. They are stuck in DPD France for over a month. I don't know how to get the show on the road with getting the tires delivered. This is really stressful.,1,1
"Good price, fast delivery, all as on website. Recommendation",1,5
Pico Bello MfG Joh. Frimmer,1,5
"This is the second time I order something from this website. The company is quick, the products were on their way in a day or two. The big problem is they keep working with DPD, which is a not so reliable shipping company. Why DPD? They are not good professionals. I ordered 4 rims and 4 tires, I had the rims in 2 days with UPS and the tires are still 900 km away, ""on their way"", one week later. Reifenleader, if you still want to be leader, change your bad partners.",1,4
"Everything is ok, till you need to return tires.Support don't answer two days what should i need to do to return it. Silence.I can't contact directly - there is no phone. Only contact form trough placed order intarface.",0,2
Excellent service. Had no problems. Thanks,1,5
"Fast delivery, good quality for the price.",1,5
"Delivery time for items ordered forgotten from seller for one item, real tracking numbers not provided for both items. After contacting the seller he provided second tracking number but item was not delivered to delivery company so this has for consequence late items arrival.",1,1
Really fast!,1,5
The shop is easy to use with fair prices. Overall fits my needs.,1,5
gut gut. gut.,1,5
Top service....,1,5
Ok super 1239,1,5
"Tires delivered 2 days after ordering.  This is my 2nd time ordering tires from this company. Easy online ordering,  great prices and fast delivery. 10/10 would buy from them again!",1,5
Super Leistung,1,5
Fantastic prices and super fast shipping. Would definitely buy from them again!,1,5
Good service and fast delivery.Fully satisfied)),1,5
Very prompt service thanks..Beat the local shop price by €80 for a pair of tyres!!,1,5
"One Tyre is older than a year. Notification for delivery only for the first of the set of tyres ordered. Would not use the service again.In Update to the Response:I am able to find the DOT number that's why I am surprised to see a tyre produced in early 21.Secondly, I am not expecting the delivery to call me, yet I did not get any tracking number of the second delivery --",1,3
"More than two weeks to get tires.
Very poor customer support managed by IA
Human support not even efficient, still waiting feddback from them
Finally I manage directly with carrier to understand th...See more",0,1
Very good service. I ordered these tyres twice with another supplier but each time they came back saying the tyres were not available. With this supplier there was no problem and the tyres were delive...See more,0,5
I ordered tyres from 123pneus to be delivered to their partner for installation. Check the installer carefully and was stated they could mount tyres ip to 24 inch. NOT TRUE. They would not...See more,0,3
"Fast and reliable delivery 
Service could be rated 5 stars if I had been informed that the garage had recieved my tires and If the garage had been informed that those tires have been ordered by me...See more",1,4
"More than two weeks to get tires.Very poor customer support managed by IAHuman support not even efficient, still waiting feddback from themFinally I manage directly with carrier to understand that the proposed address by 123 for delivery is closed definitively",0,1
Bought a single specialist tyre.  Bank card not accepted. So got my bank to transfer money.  Received an email from 123pneu to confirm money arrived.  8 hours later got another email to say I had not paid.  I responded to say I had.  1 week later got another email to say money not received.  I went to bank who re-confirmed the money has definitely been sent to the correct account.  Tried to telephone.  Only AI that cannot help!   Impossible to talk to a person.,0,1
Good experience,1,5
"Impeccable, merci",1,5
"no problem, tyres delivered as planned, good price",1,5
Good product. Fast delivery. Good choice of partner garage.,1,5
"I found a less expensive solution for my car remplacement tyres, thanks.",1,4
Fast and good Price,1,4
"Great quality, best price on the marketTimely delivery",1,5
"Sorry i live in France and i want to speak french, don't you ?",1,4
The tyres weren't delivered to the mounting station and sent back to Germany!!! Adress problem said DPD!!!Waiting for the solution proposed by 123 pneus?!,1,1
Serious and quick. Perfect,1,5
Lake all time perfect.,1,5
Very good seller.,1,5
"Easy, quick and price.",1,5
"Very well, thanks",1,5
"No problem. Competitive prices, command conformity and perfect delivery.",1,5
"Good service from 123 pneu, but complet useless from the garage who had to fixe the tyres. It didn't contact me for more than a week and tell me It need 3 more week to Mount tires on rims.A garage to take off the offer.",1,2
"Easy to order, efficient and quick delivery",1,5
X X L .! in french please,1,5
I don't speak english. Ordre franchement and  german delivery !!!! and ???,1,4
Received within two days following the order.Good service for installing.Great performance ovarall!,1,5
as per usual very quick delivery and product exactly as described,1,5
"Good Service, fast delivery. Everything ok",1,5
"Good Price, good delivery time and good quality",1,5
"spot on service ,great product.easy to use",1,5
Again the tyres didn’t arrive.They were supposedly delivered but the signature is clearly a forgery. When trying to ring to resolve the problem we were on hold for 2 hours before being cut off….. twice.An absolute joke of a business. Do not use them,0,1
Good job ! Thanks,1,5
"fast delivery,fitter nearby and reasonable price",1,5
EVERYTHING S GOOD,1,5
Shipping very fast.What I needed exactly.Livraison rapide.,1,5
"The time for have one tyre is very too long🙄, 8 days, I think. I don't will buy to 123 pneus the next time",1,2
I bought 4 aluwheels with tyres last year and was pleased with every aspect of the purchase. For this reason I bought at 123pneus the tyres and wheels for our second car. Everything went well again.,1,5
"Hello, no problem with this dealer",1,5
A total failure by 123 pneus to deliver my tyres or to find a solution. 6 weeks later still no result. Impossible to contact via the online call centre and ignore any messages sent to them.Disgusted,0,1
"I received 2,5 years old, damaged tyres, and support is not answering emails (two sent), calls (called 3 times during the week, answering machine), call me back buttons....It's been more than one week now, extremely disappointed, will never buy from 123pneus.fr again, but I will waste a bit of time telling this  story on different platforms...",1,1
Interminable attente,1,1
"easy to order, good communication. fast delivery",1,5
Return service and care entirely absent.,1,2
Fast and reliable deliveryService could be rated 5 stars if I had been informed that the garage had recieved my tires and If the garage had been informed that those tires have been ordered by me !When they receive 8 tires the same day they are likely to be confused !Thank you 🤩,1,4
"Hello, I wanted to point out that this order went very badly for delivery, this is the first time, no tracking, impossible to know where my tires were. Really unhappy and this is the first time. No news from 123 tires and I'm not telling you DPD. VERY BAD EXPERIENCE",1,1
Impossible to reach a customer service representative by phone. I waited 55 minutes without being able to speak to anyone. The delay of delivery  was not respected.,1,1
"I have been waiting for my order since December 2nd, no more emails or calls have been sent to contact you, no response.very disappointed",1,1
"Always perfect, fast, to recommand absolutly !",1,5
still waiting 1 month later for the last two tyreshow hard is it to send what has been ordered ????its a joke and the couriers are poor as they never get to us and harder ver ring very poor service againthe last time we use youmoney back please and deliver my tyres,1,1
Never received my order!!!!!I order 4 tyres and received only 2!!!,1,1
"I an very désappointed because il was not delivred,my ordre is point.il is impossible to contact 123pneu,more than 1hour 45 minute to wait",1,1
"Website extremely user-friendly, large choice of models, good prices and in due time delivery",1,5
"AFTER ORDERING AND PAYING FOR MY TYRES I RECEIVE A MAIL SAYING THEY HAVE NOT RECEIVED PAYMENT, SO I PHONE.3 1/2 HRS LATER AS I GET TO NUMBER TWO IN THE WAITING LIST, THEY PULL THE PLUG.A SOLICITORS LETTER WILL BE FORTHCOMING.THIS IS NOT A SERIOUS COMPANY WITH NO AFTER SALES SERVICE.BEWARE !!",0,1
Lot of choice. Easy to do purchace,1,5
"Efficient, fast to deliver and cheapest offers",1,5
"Perfect, don't change anything",1,5
The order is easy to do and Quick to arrive to destination. Bravo!,1,5
quick and efficient,1,5
"Two weeks after ordering the tires, I still have not received the order or a response to my email.",1,1
"Very good experience, the tyres are perfect.The communication is very good and the service is fast.I recommend.",1,5
Fast effective booking process and excellent delivery. Thank you.,1,5
"hello, I bought two tires that I have not yet received!I've been buying my tires on 123pneus.fr for over 10 years without problems but today, you take the money and don't deliver the goods!I contacted you through your site, but still no response!All I have to do is use the criminal route!cdtbonjour, j'ai acheté deux pneus que je n'ai pas encore reçu !Cela fait plus de 10 ans que j'achète mes pneus sur 123pneus.fr sans problèmes mais aujourd'hui, vous prenez l'argent et ne livrez pas la marchandise !je vous ai joint par votre site, mais toujours aucun retour !il ne me reste plus qu'à utiliser la voie pénale !cdt",1,1
"Good service, swift, easy to handle.Prices however higher than competitor-sites",1,4
Good price quick deliveryBetter would be a free take back of old tyres,1,4
Good experience,1,4
The weels were conform and delivered very very fast. We will se this winter if they are good by snowy weather.,1,5
"¨Product conform to the description, delivery in time",1,5
"Great product, good price and quick delivery!",0,5
"Easy to order and arrived within days.Excellent service, thank you 😊",0,5
"Simple, efficace",0,5
Great. Delivered on time and informed of progress,0,5
Very good service. I ordered these tyres twice with another supplier but each time they came back saying the tyres were not available. With this supplier there was no problem and the tyres were delivered as planned. They are studded tyres required for the Monte-Carlo Historic Rally and look good. Had to be run in as the studs are set  quite deep. Now we’ll see how they work if there’s ice or snow on the rally!,0,5
"Good experience. However, 1 of 3 the deliveries arrived 10 days later than promised. Only reason not to give 5 stars.",0,4
"Paid for tyres 3 weeks ago and still not delivered. Tried contacting pneus123 but with no success, very difficult to contact and tracking with post is no use",0,1
"I placed an order over three weeks ago and have not received any updates from the company. When I inquired for more information, they informed me that they are just now sending the request to the warehouse. After two days, there is still no information available. Frustrated with the lack of progress, I decided to cancel the order. It took me four hours on the chat to successfully cancel the order, making for a very disappointing and inconvenient experience.  I will not be ordering from this company again.",0,1
As usual a good price.  Well packaged.  Prompt delivery.,0,5
My tyre hasnot been delivered after 3 weeks!,0,1
"I ordered tyres from 123pneus to be delivered to their partner for installation. Check the installer carefully and was stated they could mount tyres ip to 24 inch. NOT TRUE. They would not want to install over 20 inch.Phone call to 123pneus, who promised to advise of another suitable place. NO ACTION forthcoming. And other installers refuse. SO BE VERY CAREFUL that their partners really can install.Worst is that now there is no response from the 123 phone line and no resolution.Done via PayPal so all will be reversedUSELESS and a waste of time!UPDATE!Despite promises about contacting garage, I have still not heard a thing! No action whatsoever, No feed back despite having my email and phone number. Customer service is not a priority it seems2nd UPDATE.This has now been settled with a satisfactory outcome.Garage was not capable of mounting tyres on my rims with their equipment. Alternative solution found. Increased the rating from 1 star to 3 stars",0,3
Service parfait,0,4
Impeccable reçu en temps et en heur,0,5
"I only buy car tires from you, it's been more than 12 years now. Everything was and is impeccable, buying from Denmark, România and France.",0,5
impecable rapide,0,5
Impeccable. Merci,0,5
"Fast, safe everything is good it's my 3rd time and always top top",0,5
parfait parfait parfait,0,5
Good service by the company and kept informed of estimated delivery date. The downside lies in the fact that actual delivery was about a week later than estimated.,0,4
Super service bravo...,0,5
Impeccable !,0,5
"Good offering, good delivery!",0,5
"Easy to use Web page, they even recommend tyres for you. They have got a super wide range and you get a good description of the item. Very easy to order and pay. Arrived exactly when they said it would. Would recommend to anyone. Thank you 😊",0,5
"Simple, efficace ! Pas de mauvaise surprise.",0,5
"Rapide , simple et efficace",0,5
Parfait !!!!!,0,5
"I ordered two tires. The order was confirmed. Three days later I received an email stating that payment had not been made. I re-ordered the tires.  The wheels and tires were taken to a garage and mounted.  It was after they were mounted that I saw that “for emergency use only” was written on the tires.  The tires they sent me are not rated to be used at a speed of 130 km as is indicated on their site.  I have paid 20 euros to have the tires mounted.  They have not been used, but the company refuses to allow me to return the tires. Delti Corporation in Germany owns this company and many others around the world.  They and their subsidiaries are to be avoided!(Their response to my post shown below led to nothing.  They still refuse to accept the return of their “emergency use only” tires.)I sent them a photo of the tires which are inscribed with not to exceed 80 km/hour and the photo of their site which rates them to 130, and they still refused to help me.  Unbelievable!",0,1
"123pneu, service is amazing, they arrived 2 days after I ordered them and the delivery driver tucked them beside my dustbins and closed my gates behind him/her. amazing service",0,5
"Efficacité, respect de l'engagement. Ok",0,5
Top sellerI’m a client since a very long time and I never had a bad surprise. Delivery is super fast and products a really cost effective.Merci bcp à 123pneus. J’achète des pneus chez eux depuis plusieurs années et le service est toujours le même : au top !,0,5
"Excellent site, rapide et efficace",0,5
Rapide. Efficacité. Satisfaction,0,4
"expedition rapide, pneus corrects",0,4
"Useless. Price the only good thing.Placed order, order confirmed then received email saying card couldn’t be processed. Despite saying on site you could change your payment details, no option on order. Several emails later advised to cancel and start again which I did. Different card, same result, despite order confirmed, couldn’t process card ( both cards used online same day and 1000s in both accounts).Both times I was asked to make a transfer - I suspect policy to try and reduce cc fees?Anyway I refused and told them to process card as I suspected the above. Surprise surprise it worked.After 3 days get an email saying only 1 tyre available so a 2nd delivery would be necessary. 13 days later I still have no tyres and only response to complaint is ‘ sorry this doesn’t happen often’.Tracking shows at least one tyre is 20km away and has been for a week and no attempts at delivery.Hopeless - never using again",0,1
Temps d'attente trop long par rapport à des pneus étends en stock sur le site,0,3
Excellent.Propositions claires. Engagements tenus.Rapide et sans surprise,0,5
C est devenu Tres long contrairement à avant,0,2
Site tres agreable mais transporteur choisi trop lent,0,3
Parfait ! Conforme à la description.,0,5
Delivered without neccessary delay will recommende to my friends.,0,5
"Good selection of tyres to chose from, fast delivery of order from Germany even in these difficult times.",0,5
Good product and price. All you want in one place!,0,5
Impeccable !,0,5
"Rapide, efficace. Merci",0,5
super efficace excellent sitepneu conforme a mes attentes,0,5
Very easy to search for tyres. Good range and choice for all car types. Quick and easy handling. Thank you.,0,5
"Perfect! Great range of tyres, easy and very quick delivery, I would use again.",0,5
Excellent service - does what it says - fast tyre delivery.,0,5
Ordered some Winter tires which arrived before the actual delivery date. Website is easy to use and payment is dealt with quickly and efficiently. Thank you.,0,5
"Rapide, qualité excellente. Impeccable",0,4
"Low price, fast, plenty of choice, uneventful.",0,5
"When my tyres weren’t delivered on the delivery date I was informed the next day that they were delayed with no expected date given.I decided to cancel my order, expecting an immediate refund. When my refund did not appear I called 123pneus, the lady on the phone was not particularly helpful and informed me that I wouldn’t get my refund until the tyres were back at the German depot. I explained that the contract with the carrier should be between 123pneus and GLS so why could they not cancel the order and refund my money?10 days after my original order, still having not received my refund and having ordered different tyres at a local garage, the tyres from 123pneus arrived at my home, despite cancelling the order one week earlier. I refused the package and they were returned to 123pneus.I eventually received my refund today, one month exactly after making my order. Very unsatisfactory cancellation policy when it’s not the customers fault. Despite having used them in the past I certainly will not be using them again. When things go wrong they don’t want to know. Do yourself a favour, buy local!!",0,1
Excellent travail,0,5
Very good rapid delivery and excellent service,0,5
Tip top ! Super service et efficace . Rapide,0,5
"Facile, rapide, efficace ! 👍",0,5
Achat simple - rapide - efficace !,0,5
"Excellent service, rapide et simple.",0,5
"Simple, rapide et efficace !",0,5
"It is good to see a company that allows you to evaluate what tyres would be most suitable for your vehicle.  The road holding, wet capability, fuel saving and db ratings are excellent indicators.  In the past I have experienced tyre companies fitting totally unsuitable tyres to my vehicle despite being told my requirements.  Here you can evaluate your own.  As a professional driver, that is important!  The price, delivery time and professional attitude of this company are second to none.",0,5
Very happy with the price/ quality/ and quick speed,0,5
Good value for money would order from them again.,0,5
"Attention ne pas se fier au délai affiché, 24/72h = 1 semaine. J'ai raté la sortie moto. On ne m'y prendra plus..",0,1
"I really enjoy going to pitstop.de. The team is always fast, professional, and very helpful. Appointments are handled efficiently, and I never have to wait long.

What I appreciate most is the fai...See more",0,5
"As always, Pitstop provided excellent service! Booking an appointment online is easy, and they’re fast and precise. I wouldn’t take my car anywhere else.",1,5
"The experience with the Pit Stop team was extremely good. Staff very welcoming and kind. I was very well attended and felt very well treated by the team. Regarding to the service and price, I believe...See more",1,5
"The staff is very kind and welcoming, especially the woman who is usually at the front desk and the man who sometimes helps her with English explanations. They always make sure we understand everythin...See more",1,5
"They are make problem with our car and during 1 year can’t fix it . 

The worst service in germany , they cant found the problem in car during almost 1 year 

They can’t give complete answer w...See more",0,1
"I really liked the person who attended to my case. Even though I am non-German speaker, he tried his best to convey things to me. Kindly convey my appreciation to him.",1,5
"Dropped my summer tires to keep them in storage. Everything was done quickly and professionally, the guy even understood my ""broken"" Deutsch :)",1,5
"Timely and detailed inspection.
They check everything in my car including first aid kit and also tire sealant and advised me to change it.",1,5
"Visit went well, took a long time to submit the documents, may be that can be shortened. Staff was very helpful and understanding.",1,5
"It was a very good experience, they changed the tires quickly without any problems. I should also mention that the people I contact were friendly!",1,5
The emplyees were very proffessional. They explained everything  and also did advise on how to care for the car.,1,5
Had wonderfull guidance and support and understanding representative . Had a tough time with Language as i am not a German speaker. But he was very compassionate after i expressed my inability to unde...See more,1,5
"I always change tires here, these guys are always friendly, on time and give great service.",1,5
"Today's service was perfect!
I thank the reception staff for their attention to customer feedback.",0,5
Now its 2 years that i am using their service and have no complains,1,5
"Very professional, friendly, kind and accurate. I totally recommend this place.",1,5
"Top service, as always.",1,5
Friendly behavior. Good and fast service,1,5
excellent service.  great people and very efficient.,1,5
The tire was changed quickly and the service is great.,1,5
"Friendly team, reliable service.",1,5
"Fast, easy service. Everything was great.",1,5
Very good service. Great price,1,5
"Job well done and on time.
Thanks.",1,5
Fast and professional service,1,5
"One of the shop attendant is very mean and was almost shouting at me if you can't hear him the first time. I can't speak German that well, and there really was nothing to talk as I just had to give m...See more",1,2
"There were 2 notifications in my car. 1. Engine oil exchange and 2. Visual inspection. For this I selected engine oil exchange with security check service. The service took 5 hours, unusually long. Al...See more",1,2
Everything was good. very quick service,1,4
"Professional service, provided all information which asked.",1,4
"I really enjoy going to pitstop.de. The team is always fast, professional, and very helpful. Appointments are handled efficiently, and I never have to wait long.What I appreciate most is the fair pricing — they are often cheaper than other garages, but the quality of work is still excellent. They explain everything clearly and don’t try to upsell unnecessary services.Overall, a reliable and honest place that I’m happy to recommend. I’ll definitely keep coming back. Especially because my insurance HUK has shares on the brand.",0,5
"They are make problem with our car and during 1 year can’t fix it .The worst service in germany , they cant found the problem in car during almost 1 yearThey can’t give complete answer what wrong with car DURING 1 YEARThere is no one speak english , the call center is so rude and unpolite",0,1
In time and budget,1,5
"Dropped my summer tires to keep them in storage. Everything was done quickly and professionally, the guy even understood my ""broken"" Deutsch :)",1,5
"Cool guys, they helped me a lot and explain how it works, also service was quite fast and good quality!",1,5
Friendly service.,1,5
"Friendly team, reliable service.",1,5
Super! ...........,1,5
"The experience with the Pit Stop team was extremely good. Staff very welcoming and kind. I was very well attended and felt very well treated by the team. Regarding to the service and price, I believe it's fair and so far I can't complain about it. My experience was very nice.",1,5
"Termin zur Inspektion gehabt, alles super geklappt!",1,5
"Top service, as always.",1,5
Online appointment with showing clear cost and time it would take. Replacement car is also available. Definitely recommended.,1,5
Job well done and on time.Thanks.,1,5
"As always, Pitstop provided excellent service! Booking an appointment online is easy, and they’re fast and precise. I wouldn’t take my car anywhere else.",1,5
"There were 2 notifications in my car. 1. Engine oil exchange and 2. Visual inspection. For this I selected engine oil exchange with security check service. The service took 5 hours, unusually long. Also, the second notification of visual inspection still persists. Upon asking the manager, he explained that he needs more money to remove visual inspection notification.",1,2
excellent service.  great people and very efficient.,1,5
"I really liked the person who attended to my case. Even though I am non-German speaker, he tried his best to convey things to me. Kindly convey my appreciation to him.",1,5
"The staff is very kind and welcoming, especially the woman who is usually at the front desk and the man who sometimes helps her with English explanations. They always make sure we understand everything that is going to happen or has already happened, offer helpful suggestions, and are always attentive and ready to answer any questions we might have. We truly appreciate their care and support!",1,5
Exellent.I could speak with them in English.The person there checked my car imediate and gave me answer for the problem i had.Now looking for a new Termin to fix the problem.,1,5
"Professional service, provided all information which asked.",1,4
The tire was changed quickly and the service is great.,1,5
Had wonderfull guidance and support and understanding representative . Had a tough time with Language as i am not a German speaker. But he was very compassionate after i expressed my inability to understand German,1,5
Timely and detailed inspection.They check everything in my car including first aid kit and also tire sealant and advised me to change it.,1,5
"People were good, but since this time I changed my Winter tyres to summer wheels, wheel aligment is gone wrong. Still need to contact them and get it fixed.",1,2
"One of the shop attendant is very mean and was almost shouting at me if you can't hear him the first time. I can't speak German that well, and there really was nothing to talk as I just had to give my car for tire change and everything was booked online, he just had to take the key and take my sign, still he was mean to me since I didn't know the language and asked me to learn German.This is specific to pitstop at Kreillerstraße 72, 81673 München. In general, I've found the shop quite useful for my needs, but interaction with this one person is ruining my experience from the last 2 times, and I'm inclining towards not using their services in the future.",1,2
Super Service,1,5
Now its 2 years that i am using their service and have no complains,1,5
"Very professional, friendly, kind and accurate. I totally recommend this place.",1,5
Adaptive response and service with quality.,1,5
"Visit went well, took a long time to submit the documents, may be that can be shortened. Staff was very helpful and understanding.",1,5
"Fast, easy service. Everything was great.",1,5
Very good service. Great price,1,5
In time and quality,1,5
"Excellent. On time, with perfection. Will visit them again.",1,5
The emplyees were very proffessional. They explained everything  and also did advise on how to care for the car.,1,5
Everything was good. very quick service,1,4
Friendly behavior. Good and fast service,1,5
"Killier feature for Germany is the possibility to book the needed service via website + pay with the card the pre-calculated fixed amount. No need to call, write emails or come.The service itself is of good quality.",1,5
"It was a very good experience, they changed the tires quickly without any problems. I should also mention that the people I contact were friendly!",1,5
"Professional, quick",1,5
"Amazing service. They give you a quote beforehand and stick to it. They were very fast with the checking of my car, changes some lights at a fair price and even cleaned my car before giving it back.I will keep going there from now on.",1,5
"Visiting the Pit Stop online service was a great experience, and the in-person service at the service center was equally impressive. The staff at the reception were welcoming, and the service was prompt, efficient, and reasonably priced.",1,4
Changed season tyres here. Everything went great,1,5
The staff was very friendly and welcoming. They provided a great experience during my car inspection—efficient and professional. Highly recommend,1,4
My appointment was on time and convenient with my schedule. Very courteous. The employee explained the additional worked that needed to be done and showed me after the job was done what he corrected on my car.,1,5
Friendly staff. Clarified all my questions and concerns. Delivered the car on time.,1,5
"I've been taking my car for inspection and maintenance service here for a while now. I find the service very professional, reasonably priced, and it's quite straightforward to book an appointment and pay online. The car was ready for pickup in a matter of hours and every time I was given a detailed explanation of both tasks performed and findings. They don't do _all_ types of maintenance for all brands though. For very specific matters you may still need to go to a specialized workshop.",1,5
Everything went very well. I opted for Brakes and AirCon service for my Golf 7. Booked online and called once to confirm the conditions of my car and the required services. Telephonic call was very friendly and it was very easy and fast to drop my car at the workshop and got it back the same day. Colleague explained everything very well to me what changes were made in the car. I am more than satisfied with their service. Would love to go everytime to Pitstop.,1,5
Very good experience. Value for money. Good customer Service too.,1,5
"Extremely friendly people. Everything went smooth, from ordering online till I got the tires replaced.",1,5
The service was really good and it went very quick and smooth,1,5
Es war gut. Kein Problem,1,5
"Unfortunately, I am not at all satisfied with your services. I changed my tires for the second time at your specific store, and I was charged approximately €30 extra because they couldn't unscrew the bolts from the wheels, which they had screwed in the last time. Unfortunately, this is the last time I will store my tires with your company. I have paid for storage until April. In April, I will pick them up and go to another company. The store employee was very rude and shouted when I told them that they should have informed me before doing anything after discovering there was a problem. They shouted and were not polite. I hope this message is seen by someone responsible and that they correct such employees who damage the company's image.",1,1
"Very good, very fast, no problem even in English. Thank you",1,5
Personnel friendly. Overall a nice and sufficcient experience.,1,5
Was super 👍 👍👍,1,5
I had booked my appointment at a location farther ans other than where I usually go (Maria Probst Str) and which is also near to my place.I went to Maria Probst Str location and met the in charge there and he updated my appointment immediately without any issues.Many thanks for helping out !,1,5
Very professional and fast.,1,5
Very prompt and timely work.Highly recommended,1,5
"just did a profi job, asked for approval for extra expenses etc. would recommend",1,5
"The prices are a bit higher than the market but at least they brought correct points and make recommedations to not the overprice me, the agents are very friendly and supportive.",1,5
"The staff are very helpful and professional. They are not trying to sell or repair something that's not broken. They do their job very good, very trustworthy. I'm a new driver and I will always go there when I have concerns about my car. That's how much I trust them.",1,5
"The payment was not what we agreed. Over payment, not friendly service! I am almost disappointed",1,2
"Just fixed my clutch master cylinder one phone call bring it in now fixed same day ,well done",0,5
Worst service. Arrogant staffNo parking place. Moving appointments last minute.,1,1
"Service super, Netter Service.",1,5
"Friendly staff, made things easy. Short term appointments attentive service.",1,5
Value for money,1,5
Professional service. All went well.,1,5
"You make an appointment at one time and the car is ready in 4-5 hours. Why bother make an appointment in the first place or why not respect the times… usually a day is lost just because you wait to see if they call you. Otherwise, the work is good but it’s not worth loosing half day or more when there are other places that actually respect the appointment time and the car is ready in 30 min to 1h..",0,3
Super Service,1,5
"Super service, fast, friendly and efficient.",1,5
"I wouldn't advise any Nissan owner to visit Pitstop. Despite their diagnosis, they informed me that they couldn't address the issue, suggesting only Nissan dealerships could resolve it. They even suggested I share their diagnosis results with Nissan. However, upon presenting Pitstop's findings to my Nissan dealership today, they dismissed them, insisting on using their own diagnostic equipment. Consequently, my visit to Pitstop proved to be a waste of money.",1,1
TOP Service.,1,5
"Service gut,",1,5
Super essen. Billig.,0,5
Top Service,1,5
"quick and professional service. at least they are honest and have no hidden fees, price increases. would recomment / come back again",1,5
"SuperLeistung top, Service super.",1,5
"Engineer explained clearly and showed the Problem in the car and he explained me in english, That really helped to understand the problem",1,5
Very friendly and fast! The technicians were very helpful and they completed my service very quickly. I will definitely continue to use them.,1,5
I came twice to change my tires.And both times the service was not even started by the pick up time.Very bad experience.,1,1
Everything went smooth and nice.,1,5
The mechanic was very polite and respectful. He fixed my car in a timely manner and was clear and transparent of any potential issues my car had.,1,5
"The work was carried out without any extra cost and as described by the quotation. The service was done in a timely manner.Overall, Pitstop delivered a professional and fast service. Nothing to complain about.",1,5
"Superb service, great, honest & polite employees.",1,5
"I booked the appointment 1 month earlier, The appointment was changed at the last moment by the Pitstop team and I was on appointment on time but still I have to wait for 1.5 hr to get the tyre change.",1,1
An excellent experience. The process was super easy and hassle free. Would definitely use again.,1,5
"Was a nice experience, was given nice suggestion, my wrong order was corrected, would continue the service from the shop",1,4
"I went for a small service + TUV and the experience from beginning to end was great. I like the fact that you pay in front without any unpleasant surprises in the end. I like the fact that a printout was given to me showing was was checked and what was fixed, but maybe that was a TUV thing. Will definitely schedule the next appointment with them.",1,5
"Clear, structured, professional service.Friendly staff, well informed and very helpful.",1,5
They did a good service,1,5
"Booking is easy, the tyres I ordered were already there the day of the appointment.",1,4
"I made the Klimaanlagen-Inspektion and paid for the refill of the refrigerant (R134a).However, the AC in the car is still not working. I don't know what inspection the pitstop workshop made.Obviously, the workshop didn't inspect the car before refilling the refrigerant.It wasted my money and time.",1,1
"All was very good, very professional communication from the employees.",1,5
"Super schnell, top",1,5
"Everything is ok, but they charged me 3 times for same service. Price originally was ok about 408 euro. But they charged me 1200 Euro. Now I am trying to get my money back.Update from 31.03.2023: I have received full refund back, and I must say that pitstop made their promises. Thank you very much for your service",1,4
I am very happy and very good in the field of service.👍,0,4
"Even though the agent didn't speak English, and I also don't speak German, but the experience was smooth,I booked the service and paid online, everything went well",1,5
"Friendly treatment and also for English speakers! Recommended!Not all jobs are included when you book the service via web version, and some things must be paid on site, which should already be included in the base price. Oil filling volume does not correspond to standards, but a bit less.All in all, good service but only 4 stars for the extras that must be paid on site.",1,4
Great overall service! Very professional and customer oriented,1,5
Its amazingly dissapointing the whole experience!!!! I will never trust this people again! I never had such a terrible experience .. This Filliale must close.. against every moral and every ethics.Im available to be contacted from the company. Shame on you,1,1
es war so lala,1,4
Good service,1,5
Super einfach ! Alles via internet.,1,5
Top Service in der Filiale in Ludwigshafen /Maudacher str .Sehr Empfehlenswert!,1,5
Customer friendly service.,1,5
"Excellent service, super punctual staff.  The guys do their job quickly and efficiently.  Thanks a lot. And special thanks for online booking and payment, it’s amazing for people like me, who don’t speak German 😃",1,5
"All good, though some misunderstandings with the availability of the replacement car and time needed for the repair",1,4
My experience was great.Since the moment that I left my car in the workshop and at the time when I pick it up.Just one thing for improve your service is that you will be advice to the customer how long will be the work in the car in order to arrange other visits surrounding the workshop.I found that is very nice that you return the car clean.,1,5
"they do what you pay them to do, which is ok, but then don't try to win clients by saying or promoting on your website that you will give add-ons like the Gratis Sicherheits-Check: Umfangreicher Check von sicherheitsrelevanten Teilen und Baugruppen.  That is not true, don't fall for that.",1,1
Top Service 1+,1,5
All went good and quick,1,5
"I went for winter tyre change at Pitstop for the first time and the change went well however the mechanic did not check air pressure of the summer tyre. Therefore when I drove back home I continuously got warnings and ofcourse I had to rush to a gas station to refill as it wasn't safe.Previous place was always filling air into new tyre before giving the car 🚗I thought it's ignorance from Pitstop kriellerstr Munich. Disappointed ☹️——————Ich war zum ersten Mal zum Winterreifenwechsel bei Pitstop und der Wechsel hat gut geklappt, aber der Mechaniker hat den Luftdruck des Sommerreifens nicht überprüft.  Als ich nach Hause fuhr, bekam ich daher ständig Warnungen und musste natürlich zu einer Tankstelle eilen, um zu tanken, da es nicht sicher war.Bisheriger Ort war immer Luft in neue Reifen zu füllen bevor man das Auto abgegeben hat 🚗Ich dachte es ist Ignoranz von Pitstop Kriellerstr München.  Enttäuscht ☹️",1,2
"Pitstop Eschborn/Globus branch. I booked and paid online for my seasonal tire change which, already in itself, was wonderful. You can pre-select that exact services that you require and then choose from a range of appointment dates - awesome! The duty manager who welcomed me was very friendly, helpful and also spoke English which was a great advantage for me. The job was carried out efficiently and I would be happy to recommend Pitstop/Eschborn based on my particular experience/service.",1,5
super service!,1,5
Super service alles top. Danke,1,5
Excellent service at the branch close to Spandau. Good and efficient personnel.Quick and well built online shop.,1,5
Really good services and they speak english!,1,5
"The staff is kind, however, we had three appointments for breaks and new tires. Ridiculous really.The first appointment was cancelled because the tires were not on stock. I was already on site, waste of time. I figured "" this can happen, better next time"". But then...The 2nd - all day!- appointment, they called us midday to say the tires had not arrived. At that point it had been 2 weeks since we ordered the tires. Besides, I was annoyed they did not call the day before the appointment to inform us, or told me this at least at the drop-off. The car was at the location the whole day for just breaks!They called a week later to say the tires had arrived. It took more than another week before they had an open spot for the next appointmentWe brought the car (again!) to change the tires at the 3rd appointment. Originally they wanted the car at their location for the whole day. For just tires! I disagreed and arranged an hour drop off.It was definitely our last appointment.",1,2
"Alles gut, profi.",1,5
"Very friendly and ready to help staff. I bought and changed my tires at PitStop and I couldn't be any more pleased! Since I don't speak German, I was a bit hesitant, but both mechanics that I spoke with were very friendly and patient and even used Google Translate to reassure me and answer all my questions.I completely recommend PitStop Shoneweide!",1,5
"I was at the pitstop next to the TV tower in Nuremberg.The reception was friendly, they fixed everything I had on the TUV list during the same day ( was there at 9 am and picked the car up at end of the working schedule). I paid online in advance the annual inspection and the difference on the spot. Will definitely come again. .",1,5
"On time, on cost, friendly, all good. And there's a good cafe around the corner.",1,5
Service war sehr gut!,1,5
Replaced tyres at pitstop - all is top!,1,5
Toller Service! Ich habe den Termin verinbart und online ohne Probleme in voraus bezahlt. Schneller und genauer service.Great service! Made the appointment and pre-paid online with no issues.  Fast and accurate service.,1,5
"The team did a good job and was helpful.  I was, however, disappointed when I first arrived on time for my oil change at 11am and told that even with an appointment I should leave and they would call me when it was ready because other cars were ahead of mine. I said I preferred to wait but no waiting room due to corona (not their fault).  When I explained I had nowhere to go and could not even go for a walk since I am injured they kindly got to my car as soon as possible, which was appreciated.  I just find it strange that an appointment is not held as important, hence the minus one star.",1,4
"I went there with some hesitation due to lack of German language skills, however the staff was super cooperative. They solved the issue with my car and even gave me very professional advice. Would go there again.",1,5
Top 1 a sehr netter Kontakt top top,1,5
Super Service,1,5
Alles top... Was will man mehr,1,5
"The service personnel were on time, friendly and provided good service in an efficient manner.",1,5
"It costed much more money than it should be and than it costs on ATU, by instance. And it was twice on this station. Next time I will chose ATU",1,1
"I do my car service there, the staff are friendly, the prices are above the average, a bit pricy, last time they did not fix a problem in my car appropriately (gasoline leaking), also when I changed the engine oil, they caused some damage,in general they are not effecient that much that I was expecting.",0,3
Super Service in der besten Filiale in der Amsterdamer Str in Köln,1,5
They did a great job and price was reasonable.,1,5
Es hat alles sehr gut funktioniert. Service top.,1,5
"Excellent, fast service and great pricing. Thank you!",1,5
I brought my car in for a simple summer wheels change. All my car system was change to German and all my settings removed. Why??,1,3
"Flawless service. On time. Polite. Everything is working as expected. Overall very good. Very friendly and helpful service. Informative, I like it.",0,5
Good and friendly service,1,5
Alles Top!!!!! Danke,1,5
"pitstop used to be one of the best services provider, but unfortionatly this is not any more! I faced an issue during my last visit! the contract stated something but they did not do and the employee there were so agresseive, i even sent a complain letter 2 weeks back and not even a respons",1,1
Tiptop. Alles hat super funktioniert.,1,5
"Super  Service, super flexibel",1,5
"I received 2 tires for my Quad, they were compressed by tight wraps and they didn't recover the original shape once unpacked and released, probably they were stored longtime before in that shape and n...See more",1,4
"Process is smooth, price is good. I appreciated the network of partners, with the direct delivery. The tracking system is horrible, they provide a number that is the shipment number and not the real t...See more",1,4
"Five star for price (very competitive)
For star for delivery (I receive the tire 8-9 days after payment)",1,4
Fast and punctual shipments. The wide choice of tires is also recommended.,1,4
DOT W42-2023..not so fresh.,1,4
Quiqly and good price 👍,1,4
"I am still waiting a reply to fix the problem from any of your operator, this is not the right way to do business",1,1
The tires were deformed  so the time it took the tire dealer to mount on the rims was almost double the normal time.,1,1
"They say that a tire is ""AVAILABLE"" -- but that is a LIE.  I paid for a tire - and 10 days later - they say ""we don't have that tire"".  DO NOT USE THEM.",1,1
After 17 days the whells hasn’t been sent. Too many time for nothing,1,1
tyres never arrived,1,1
"Finally, I can trust the process of tires delivery to someone. I was quite tired to go somewhere, wait them to replace. But on  the other hand what i was left if majority of online shopping made me wa...See more",0,5
"Wide assortment and good prices! Being able to ship directly to an approved assembly center is a great convenience and the prices are always correct. Fast shipping. Fresh DOT (purchased in May '25, ti...See more",1,5
"Once again a purchase from Gommadiretto.it and once again an excellent service!
Tyres as expected, with DOT 2025 as booked, and super fast delivery.
Of course, I will keep purchasing from them in f...See more",1,5
"Milever
Milecomfort MP071
185/65 R15 88H
Excellent product, a bit tiring to mount on the rims but they work well above expectations, not very noisy, good grip on dry and wet, recommended!",1,5
I have been using the site for at least 8 years for all the cars I have had - Off-road - vintage - SUV - sedans. I find it has the best prices and the best organization that can be found on the entire...See more,1,5
"I came across gommadiretto.it by chance while searching for tyres on the web. I trusted them. I'm satisfied, fast shipping at the service centre and the tyres are very fresh, produced in March 2025. U...See more",1,5
"excellent tires with very recent point, super fast shipping. I will definitely buy from them again soon",1,5
"Serious and reliable seller. I purchased 4 Nankang Sport 19 tires, competitive price, recent DOT and very fast shipping. I recommend to all",1,5
"I found what I was looking for at the right price.
Payment process, delivery information and delivery practically perfect and hassle-free.
Thank you",1,5
"Hello, the tires arrived intact.  I have already mounted them and I'm satisfied. 
Thank you.",1,5
"Great Choice of Tyres with fair prices
Shipment fast
Bought 4xBridgestone Blizzak and 2x Dunlop Sport Max",1,5
"The products are really ok, fast delivery and precision!!!!",1,5
"good product at reasonable price, delivered on time.",1,5
"Good price, excellent choice and delivery without delays",1,5
Very fast delivery. Product aligned with description.,1,5
"Hassle free shopping, excellent price quality ratio, fast shipping",1,5
"Service good, the product seems good, but I don't know how will be after uses",1,5
"purchased twice, everything is perfect",1,5
large choice and fast delivery,1,5
"All well, good price, good delivery time",1,5
correct item and delivered fast and on time,1,5
Accurate description of the product. Convenient and fast shipment,1,5
"Easy ordering process, fast delivery, fair prices",1,5
"price quite competitive
delivery time reasonable (not super fast)
good communication
customer orientation",1,5
"Tires year 2024, good price and fast shipping",1,5
"All good, I received everything on time",1,5
Veloce e conforme,1,5
fast delivery and perfect assembly,1,5
"compliant product, competitive price and fast delivery.",1,5
Great! Fast and cheap.,1,5
time and product,1,5
"Finally, I can trust the process of tires delivery to someone. I was quite tired to go somewhere, wait them to replace. But on  the other hand what i was left if majority of online shopping made me wait for much time. Here this problem was solved, I got my winter substitution in 3 days, basically, for a lower price, so I bought another two, to make one for free.",0,5
Great Choice of Tyres with fair pricesShipment fastBought 4xBridgestone Blizzak and 2x Dunlop Sport Max,1,5
"Wide assortment and good prices! Being able to ship directly to an approved assembly center is a great convenience and the prices are always correct. Fast shipping. Fresh DOT (purchased in May '25, tires produced in November '24)",1,5
"All well, good price, good delivery time",1,5
"All good, I received everything on time",1,5
"Service good, the product seems good, but I don't know how will be after uses",1,5
"Order placed and paid the 28th of April, I should have received the tyres the 6th of May.First contact issued on the 9th of May, since the tracking did not work, no added info on answer.Second contact on the 11th of May, no answer at all.On the 20th of May still waiting, canceled the order, hope that I will receive the full refund.On the 7th of June, still waiting for the refund, claim opened.",1,1
price quite competitivedelivery time reasonable (not super fast)good communicationcustomer orientation,1,5
Great! Fast and cheap.,1,5
"good product at reasonable price, delivered on time.",1,5
"excellent tires with very recent point, super fast shipping. I will definitely buy from them again soon",1,5
Quickly and in time.Right product as the order.Everything right 👍,1,5
"ok, well done",1,5
After 17 days the whells hasn’t been sent. Too many time for nothing,1,1
Accurate description of the product. Convenient and fast shipment,1,5
"Never had problems before, but this time I've ordered and paid 4 tires the 11th of April and still did not received them. I tried several times to get an answer from the support via phone and Email but no information.",1,1
"purchased twice, everything is perfect",1,5
Gomme datate,1,1
"Once again a purchase from Gommadiretto.it and once again an excellent service!Tyres as expected, with DOT 2025 as booked, and super fast delivery.Of course, I will keep purchasing from them in future as I do since many years.Well done guys!",1,5
Very fast delivery. Product aligned with description.,1,5
Tha best on Wurope,1,5
"Good price, excellent choice and delivery without delays",1,5
"Hassle free shopping, excellent price quality ratio, fast shipping",1,5
"Easy ordering process, fast delivery, fair prices",1,5
correct item and delivered fast and on time,1,5
All perfect!,1,5
"MileverMilecomfort MP071185/65 R15 88HExcellent product, a bit tiring to mount on the rims but they work well above expectations, not very noisy, good grip on dry and wet, recommended!",1,5
Very good experience… I recommend this site…,1,5
No problem al all.Thanks,1,5
Five star for price (very competitive)For star for delivery (I receive the tire 8-9 days after payment),1,4
The tires were deformed  so the time it took the tire dealer to mount on the rims was almost double the normal time.,1,1
"compliant product, competitive price and fast delivery.",1,5
"I came across gommadiretto.it by chance while searching for tyres on the web. I trusted them. I'm satisfied, fast shipping at the service centre and the tyres are very fresh, produced in March 2025. Unbelievable!!",1,5
Fast and punctual shipments. The wide choice of tires is also recommended.,1,4
I have been using the site for at least 8 years for all the cars I have had - Off-road - vintage - SUV - sedans. I find it has the best prices and the best organization that can be found on the entire European market. It is the reference site by far,1,5
"The products are really ok, fast delivery and precision!!!!",1,5
Everything ok.,1,5
"Serious and reliable seller. I purchased 4 Nankang Sport 19 tires, competitive price, recent DOT and very fast shipping. I recommend to all",1,5
"I received 2 tires for my Quad, they were compressed by tight wraps and they didn't recover the original shape once unpacked and released, probably they were stored longtime before in that shape and now they don't spring back. It will be a hard work to bring the edges in contact with the tight fit rim.",1,4
"nothing to add, all clear and accurate delivery.",1,5
Multiple choiseEasy order procedureFast delivery,1,4
"I found what I was looking for at the right price.Payment process, delivery information and delivery practically perfect and hassle-free.Thank you",1,5
"Process is smooth, price is good. I appreciated the network of partners, with the direct delivery. The tracking system is horrible, they provide a number that is the shipment number and not the real tracking system.",1,4
"They say that a tire is ""AVAILABLE"" -- but that is a LIE.  I paid for a tire - and 10 days later - they say ""we don't have that tire"".  DO NOT USE THEM.",1,1
Impeccable and correct service. Quick delivery. To be recommended.,1,5
"It was  Avery professional service , tires are Perfect",1,5
Experience very good!Thanks a lot.,1,5
"I am still waiting a reply to fix the problem from any of your operator, this is not the right way to do business",1,1
"Hello, the tires arrived intact.  I have already mounted them and I'm satisfied.Thank you.",1,5
DOT W42-2023..not so fresh.,1,4
"Tires year 2024, good price and fast shipping",1,5
"all perfect...Low prices, fast delivery",1,5
👍👍👍👍👍👍👍👍👍👍,1,5
Tyres arrived on time and the following day mounted perfectly. Thank you,1,5
I like Gommadiretto is beateful for me is pratik end good product anever veri economici.,1,5
Very good. Top product,1,5
"Everything was almost perfect, especially by logistics point of view. Prices were market aligned, just the products availability wasn't large enough but it's true that winter time was pretty finish.",1,4
"Good things, good price",1,5
All okClear and efficient,1,5
Great. Fast and not furious!,1,5
"Fast reaction, prompt delivery.Goods as described",1,5
Top very happy,1,5
Nothing bad to say. I recommend it.,1,5
Nothing is wrong the tyres are strongPerfect for my car,1,5
"Order delivered as planned, I'm satisfied.",1,5
"Wide choice of products, good prices.Possibility of having the tires sent directly to a mechanic I chose from their list.",1,5
Good price all ok,1,5
"Wide choice of tyres, good prices and fast delivery.",1,5
Product as described on the site. Fast shipping. Excellent service.,1,5
"Meet expectations: good price, perfect schedule, proper delivery. Also the partner selected was professional.",1,5
"Great experience, good price, and very fast service. If I Will have a new need i Will purchase again from gommadiretto.",1,5
"Buy with Delticom, good price and fast service, thank you. Federico",1,4
"Excellent quality at honest prices, precise and fast in deliveries. I have been buying on  gommadiretto.it  for years and the satisfaction has always been punctual. Top! Always one step ahead!",1,5
"Everything perfect, fast shipping.",1,5
Perfect service,1,5
"all good, fast delivery.",1,5
"Contacted the switchboard for clarification on the order and received an evasive and annoyed response, with no type of clarification regarding my request.All this after more than 20 minutes of waiting.A terrible service.",0,1
"Easy and complete order management, speedy and reliable execution and delivery",1,5
"Delivery, price",1,5
The goods arrived after two weeks!! And no one warned me of the delay!!,1,2
Very well very quickly. I m happy,1,5
"recieved wrong order, total impossible direct comunications with the seller, long time waiting any kind of reply, after a month and a half they decided to give me back money when i comunicate to send me the right order...very bad service",1,1
Good experience but too expensive the tires work installation.,1,5
"Very Well, good product",1,5
Fast delivery and great support.Small point to improve the chat service for the rest great site,1,5
"I've ordered 1 tyre (lucky man). The link for tracking the shipment is not working. The tracking number is not recognized by DPD. I'm trying to call them by the phone but, after 45 minutes waiting online, the call has been interrupted. Now the phone line is not available. Tried to contact them with whatsapp or messenger but they are not really answering: only automatic answers. Are they run away with the money?",0,1
Pneumatics delivered before expected.,1,5
"Price, delivery time and usefull website",1,5
"Quick delivery, tyres of fresh production. The kind I bought are the same as previous and are good for my Jeep",1,5
Super super Top!,1,5
Top!top! Top!top! Top!,1,5
"They just do their job of selling and delivering tires. And this is what I need, nothing more nothing less",1,5
Great prices and quality. Delivery received as expected.Many thanksGiuseppe,1,5
"Great. On time, good customer",1,5
"Seriousness, reliability, traceability",1,5
"I ordered the tires but at the momento of exchange of tire the workshop told me that the tires were compressed and it was very difficult to put them back into shape.That caused a majority of cost, more than double which was indicated at the moment I placed my order",1,3
Great choice and the local partner network worked as expected,1,5
"Big choice of tires, speed and sharp delivery.",1,5
"fast delivey, good product",1,4
Good tire and quick service,1,5
"Wide variety of products, easy buying process. Pretty slow shipping and delivery with poor tracking.",1,4
"Wide choice, fast shipments",1,5
very good experience !!!,1,5
Good service. Shipping arrived a bit late,1,5
"The website says that the tires are from this company Melyver made in South Korea, but in fact it is China",1,1
"I bought a tire and that they promised to deliver in a week, 15 day I canceled the order as it didn't arrive and no one was able to provide accurate feedback.Default answer is, pls wait a couple of more days.I asked for refund, and they said that in a week it would be done, that for me sounds like a crazy time for a paypal refund, anyway ... it is what it is.11 days days after and I'm still waiting for the refund to be done.",0,1
Everything fine as usuallyThanks 😊,1,5
"Easy to order and purchase, fast delivery and good choice of tyres.",1,5
Quickly and professionals.,1,5
Fast and perfect,1,5
good quality tires at recent cost and fast delivery. top!,1,5
"Easy to buy, great choice, fast delivery. Excellent return policy.",1,5
"Great website UX, easy to identify models and check details. I ordered 3 times already got my products in time.",1,5
All Ok. Quickly and smart,1,5
Good Tires arrived one day before,1,5
Everything was easy ad I expected,1,5
"Prize, service, easily",1,4
"The tires are in line with what is advertised. Road holding is excellent, rolling noise is low",1,4
"Everything went OK. Good price, timely delivery. Nothing to say. I am totally satisfied.",1,5
Very well with Gommadiretto,1,5
A lot of tires to choose for every wallet,1,5
All was OK! Time and quality.,1,5
Convinient prices and very quick delivery with perfect installation partners. This was my 2nd time and highly recommended to anyone who is looking for using their services.,1,5
"Everything was clear, information was clear and shipping was on time.",1,5
"Gomme estive ordinate il 29/04 arrivate il 14/05, si motiva da solo",0,2
"Arrivate prima del previsto,gomme perfette!",0,5
"On-time delivery and products as described, recommended!",0,5
"Excellent choice, competitive prices, fast delivery.",0,5
All good! Tires arrived as expected before the date.,0,5
"Fast delivery, good prices.",0,5
serietà professionalitàcall center disponibile sempre per ogni info o dubbio,0,5
"While warehouse delivery was quite ok, with prompt assignment to courier, both Germany & Italian courier worked badly.Late delivery, website not updated, no traking for many days.",0,3
User friendly site.Great assistance on the phone.So quick managing and shipment that I couldn’t believe it!Thank you so much.Alex,0,5
Tutto come sempre! Efficienti e rapidi!,0,5
"Consegna puntuale, materiale come ordinato.",0,5
"VERAMENTE EFFICIENTI IN TUTTO, COMPETENZA E VELOCITA'",0,5
Top qualità a un prezzo conveniente.,0,5
"good prices, wide tire selection, shipments in reasonable times",0,5
Simply excellent! Everything perfect!,0,5
Delivered on time. No problems.,0,5
"Dopo 15 gg da ricezione ordine e pagamento, le gomme non sono ancora arrivate. Una vergogna, sia che Gommadiretto nn si sia scusata, sia che il corriere Bartolini non abbia fornito spiegazioni plausibili.After 15 days from receipt of order and payment done, the tires have not yet arrived.  A shame, whether Gommadiretto did not apologize, or that the courier (Bartolini) did not provide written explanations.",0,1
Gomme arrivate un  po' in ritardo causa COVID,0,5
Tempi di consegna rapidi e merce come prevista. Prezzo super conveniente!!,0,5
ALL PERFECT!!,0,5
Merce ordinata arrivata in tempi rapidi e corrispondente a quella ordinata.,0,4
"Absolut perfect 100% , zero problem",0,5
"Ok, come da aspettative.",0,5
Order placed 24 April.At 13 May tires seems not yet delivered to workshop according to tracking info at delivery website.No idea if tires where actually delivered or when the delivery is expected to complete.,0,3
"Efficienti, precisi e veloci.",0,5
"Merce conforme all'ordine,tempi di consegna un po lunghi ma puntuali e accettabili. Da consigliare",0,4
Fast delivery and good products....thanks....!!,0,5
Materiale conforme all'ordine e consegna nei tempi previsti.,0,5
Gomme conformi all'ordine(pirello p1 verde)arrivate con anticipo c.a 10 gg.complimenti,0,5
"Gents,I ordered 4 winter tyres on the 19th of December. On the 20th I received a notification informing of a delay of 4 to 5 working days for the actual delivery due to overload. I replied immediately that that delay would make useless the delivery as it was due for a holiday roadtrip. I kindly asked for information on any workaround or cancel of the order. I have received no reply up to now.I would have loved to recommend a great user experience with this company but unfortunately I can't. I can understand that these may be busy days. However, I would expect an announcement on your website or at the moment of purchase informing on expected delays to be the fair behavior. As a last resource, replying to customer emails would be the minimum gesture.Many thanks and merry Christmas everybody,",0,2
Made exchanging shoes (size) that weren't shwoing on the website as being in stock easy. thanks,1,5
This was an awesome experience shopping with Maciag as it was easy to track down my orders and it arrived very quickly which Im very satisfied with! I highly recommend Maciag Offroad!,1,5
"good for me, but i would prefer to be delivered in a ""point relay"" , and not at home (because i m not here, and after i have to take the marchandise otherwhere)",1,4
"The products are actual at they release time, prices are on the concurrents, delivery is fast and for retourn are easy and you guys rock on customer service!
Super!",1,5
Excellent service and fast delivery,1,5
Made exchanging shoes (size) that weren't shwoing on the website as being in stock easy. thanks,1,5
"great stuff, fast shipping and also easy returns",1,5
"Top Selection, Top Shipment, Right parts. ! :)",1,5
"Huge Portfolio, Top Brands in Stock, great pricing and fast shipment!",1,5
"Fast delivery- as promised, it came before christmas.",1,5
This was an awesome experience shopping with Maciag as it was easy to track down my orders and it arrived very quickly which Im very satisfied with! I highly recommend Maciag Offroad!,1,5
This Tool from Crank Brothers is just fantastic! Thanks!!!,1,5
"It was amazing, really nice product but in my country I had do wait 2days more because the package came with no phone number and it was a bit hard to get it.",1,4
TOP.. very fast delivery. a very wide range of products,1,5
Great stuff.,1,5
In short they refunded me some money because I had 10% off. The product is great!,1,5
Excellent prices. Fast delivery. TOP!!,1,5
Overall service was good but to be charged 5€ shipping for a pair of shorts and then another 5€ for an eventual return is not reasonable in today’s internet shopping sphere. There is soo many other sites that offer far better options.,1,2
"Very good prices, international delivery in the EU, large inventory. I recommend 10/10",1,5
"Very good service, I had a slight issue with one product and they sent out a replacement very quickly",1,5
"Excellent service, smooth experience. Returns work as promissed. Quality of goods is amazing. Recommend!",1,5
The products I bought were amazing and the delivery very fast!,1,5
"Wide range of products for very good price. Easy communication, easy to exchange or give back.. No problems at all. Very very good e-shop",1,5
Alles da was man braucht. Einfach top! 👍,1,5
As always – perfect!,1,5
"Nice Price , quick shipping.No further experience yet.",1,5
"Good product, excellent price, quick delivery.",1,5
Fast and precise delivery of the product I ordered.,1,5
Fast service.Quality products.Best prices.,1,5
"Everything went OK, as expected.",1,5
Quick shipping. Got what I ordered. Good company,1,5
Is really comfortable and strong defo recommend,1,5
I really recomend the shop.,1,5
The second time i am ordering and the parcel are never arriving on time always delayed,1,1
"So easy to deal with, fast service and great communication and a fantastic selection of products to choose from",1,5
Awesome fast delivery and Super customer service thanks McCiag 🤙🏻,1,5
nicely packed;very fast shipped;,1,5
👍👍👍👍👍👍👍👍super,1,5
Top Support,1,5
Super Service,1,5
No hassles returning goods until I found elbow guards that fit my son and that he found comfortable,1,5
The product arrived smoothly and customer service was great at resolving issues,1,5
My fav bike shop!! you got all I need at affordable prices + nice discounts for the following purchases.Appreciated!,1,5
Everything perfect as usual with the service from Macaig and DHL.,1,5
Awesome Service,1,5
The vouchers came quickly and put a smile on his face.😄,1,5
Top. Super Service,1,5
"Product ordered, product received, great.",1,5
Netter Kontakt.,1,5
"Always good prices,Super fast shipping!",1,5
"Good price, fast shipping, good packaging.",1,5
"The products are actual at they release time, prices are on the concurrents, delivery is fast and for retourn are easy and you guys rock on customer service!Super!",1,5
"Impeccable online shop, I find always what I need for my bikes… Very good service and very fast shipping",1,5
"Top Shop,klasse Sortiment.",1,5
ok................,1,5
Very very fast shipping and handling. Lovely webshop.,1,5
Super fast shippng and cool prices!Will buy again for sure!,1,5
"i am not the kind, ordering things online, but with Maciag it was super easy and fast.",1,5
"Top services, fast and simple what we all shan’t where building our bikes",1,5
Feiner Laden👌,1,5
Shipments are always on time and inexpensive.,1,5
"Excellent customer service, fast shipping, reasonable prices. A highly recommended webshop!",1,5
Top Service,1,5
Absolut top.Immer wider gerne.,1,5
"Good price, fast packaging, everything in stock, every time i m happy !",1,5
Amazing company. Absolutely top!,1,5
This is my second time ordering from this company. They deliver quickly and well organised. Ross Ireland 🇮🇪,1,5
great service overall! only missing english translation on website..,1,4
Super fast delivery. Always happy.,1,5
"Sent quickly, cheapest price found, extra gift, discount for next order. What else? :)",1,5
"All good and trustworthy, order came in time and quality.",1,5
Super!!!!!!!!!!!!!!!!!!!!!!!!!!!!!!!!!!!!!!!!!!!!!!!!!!!!!!!!!!!!!!!!!!!!!!!!!!!!!!!!!,1,5
"The right things have been deliverd really fast, perfect service",1,5
"Fast delivery, great choice of products and best prices.",0,5
Good price. Fast delivery. Everything as expected.,1,5
"Best, fast shipping.",1,5
"Maciag is the real deal! Period.Great product portfolio, super quick delivery and very competitive prices with recurring discounts.",1,5
Perfect communication and super fast delivery,1,5
Alles tip too,1,5
Ewerthing was excelent,1,5
"As described, fast (early) delivery, well packaged",1,5
Super schnell,1,5
All OK fast shipping. Thanks for the gift,1,5
"good for me, but i would prefer to be delivered in a ""point relay"" , and not at home (because i m not here, and after i have to take the marchandise otherwhere)",1,4
Super reactive. Got my shoes in 3 days.I would recommend the website!,1,5
The service is very fast and professional. I received exactly what I ordered and I really like the products.,1,5
"quick delivery, no problems witch returnals",1,5
"Top Angebote, super Service",1,5
Maciag Ser Gut top……..,1,5
Product is greatInfo about shipping delay didn't work out!,1,4
Top…. Von A bis Z war alles super…,1,5
Products as usual absolutely great. Super communication with the seller. Shipping also super fast. Thank you.,1,5
Onewallfree,1,5
Delivery was super fast!!! Ordered and on the next day i got it. Prices are quite low as well.,1,5
All Ok :) free delivery to bulgaria,1,5
Quick delivery - all good!,1,5
"The product was arrive in perfect condition, on time, very good experience, I will buy in this store at next time",1,5
Nice and fast good service! AA++,1,5
"Alles super ,super online Shop",1,5
Alles sehr gut funktioniert!,1,5
Fast delivery. It just packaging was not good enough. The box is almost open when i received it. Product are good.,1,4
"great shop, fast shipping, really satisfied with them",1,5
"Top, alles gut gelaufen.",1,5
Best price and a great selection. Very fast processing and shipping. keep it up..,1,5
"Catalougues well structured, articles are easily accessible. I didn't find better prices, but I didn't bother searching for hours either : )Easy ordering, shipment tracking infos available. Shipment arrived on time (as announced by mail) and undamaged,Gladly again.***",1,5
Very good service and fast delivery. Quality products and lots of discounts.,1,5
Alles in Ordnung,1,4
Everything perfect i can say no more. Fast amswer fast deliveries. Not expensive. Interested on what they doing.,1,5
Good price and fast delivery.,1,5
1a Top Service,1,5
"Good Price, fast delivery 👍... Hands down the best mx/mtb shop in EU.",1,5
Alles super!,1,5
"Super Shop, super Ware",1,5
Super schnell ! Super easy ! 🔝,1,5
"top top top. Preise gut, Sevice super, Ware 👌",1,5
"I wrote the wrong address on the check out, so the package went back to Maciag, realizing my mistake, I immediately wrote a mail (28/3)to costumer service and didn't get a reply within 24 hrs, so decided to call, I got everything sorted and told me that there was no problem, waited 5 days (3/4)and no package, called back (4/4) and they told me that the package was going as soon as possible.... still waiting for the package being today 8/4/22... all and all the costumer service are kind people, but doesn't excuse the fact that the package hasn't arrived and its almost 2 weeks",1,2
Very good communication and fast delivery,1,5
Tiptop alles gut!,1,5
All Good..thank you!from Dortmund,1,5
Echt gut 👍🏻,1,5
Perfect.👍👍👍👍,1,5
Thank you for your service,1,5
Top!!!!!!!!!!!!!!!,1,5
Alles okay Tip top,1,5
Alles super toller shop,1,5
Top Service ****************,1,5
"Fast shipping, good prices and good offers. I like the free shipping option and also the costs of regular shipping are quite acceptable.",1,5
"Always happy about products, service and delivery.",1,5
Alles Top!!! Danke,1,5
Aktuelle DOT. Alles gut,0,5
"Perfect Quality and shall for sure buy again. 

I hope they can make delivery to Malta on my next order since I had to deliver within Germany and arrange shipment from Germany to Malta by myself...See more",0,5
"My tyres arrived very quickly, but I'd accidentally ordered the wrong ones! No problem! I ordered the correct ones and ReifenDiscount delivered them just as quickly, picked up the previous tyres at...See more",0,5
"all went well, my second purchase with this vendor. Clear website with good search engine and filters, smooth ordering and no problem with delivery to another country (Belgium).
Only missing English...See more",0,4
Aktuelle DOT. Alles gut,0,5
Fast delivery and the cheapest in Europe!I ordered a Mitas MC50 in 140 70 17.,0,5
Excellent service. Great tyres. Fit perfectly well and have great traction on the road.Quick delivery. Updates on delivery status likewise great.,0,5
Perfect Quality and shall for sure buy again.I hope they can make delivery to Malta on my next order since I had to deliver within Germany and arrange shipment from Germany to Malta by myself.Very good companyThanks,0,5
👍👍👍👍👍👍👍,0,5
Sehr gut just in time,0,5
"Great seller, fresh dot tyre, extremely fast delivery and better price on the web. Awesome!! Thank you!",0,5
They have a much better grip than the summer tires are quite quiet.,0,5
Alles war in Ordnung,0,5
Super!!!!!!!!!!,0,4
Super geklappt. Top.,0,5
I received just new tires what I didin't expect. All is OK.,0,5
Alles top. DOT aktuell.,0,5
Needed a tyre for a 20 year old bike and these guys had it delivered within 3 days. Recommended.,0,5
"Profi-Deal, PERFEKT in allen Bereichen.Merci Jürgen Petsch",0,5
"Tip, Top tadellos.",0,5
"Alles top,danke",0,5
das war Super,0,5
"Right price, good tire, fast shipping.",0,5
Blitzversand. Super Ware. Shop absolut empfehlenswert. Bestnote meinerseits,0,5
Super super super,0,5
"Super ,alles in Ordnung",0,5
"Perfekt! Nichts zu sagen wie üblich: In the tire business, you are the best in terms of deliveries and other services",0,5
"Excellent service, we have ordered winter Bridgestone BLIZZAK LM-80 EVO FSL tyres, the transaction went as written on seller´s website.Very satisfied, thank you very much!",0,5
"Excellent transaction, the price is good, the shippong is fast. Danke !",0,5
"all went well, my second purchase with this vendor. Clear website with good search engine and filters, smooth ordering and no problem with delivery to another country (Belgium).Only missing English version of the website.",0,4
Super Service!,0,5
"Alles top, auch Retoure super",0,5
"Super, Easy and Convenient. Thank you",0,5
Great service look forward doing business againRegards Colin,0,5
It was a pleasure to buy items from this shop. Site is customer friendly and easy to use. The purchase and delivery was easy and fast. 100% satisfaction.,0,5
tip top alles gut,0,5
Wunderbarer kompetenter Service,0,5
tiptop sapperlot,0,5
The delivery was much faster than they advertised. Super good!,0,5
"If it was possible to choice french language, it will be super, thank you.",0,4
super 🙂🙂🙂🙂🙂🙂🙂🙂🙂🙂🙂🙂,0,5
"this is my 3rd purchase from REIFENDISCOUNT.DE. always good quality, communication, super fast and flexible delivery. will shop again.",0,5
Thank You got what I expect,0,5
"Top Shop , Danke.",0,5
Prompt geliefert superDanke,0,5
Alles Top. Hat super geklappt.,0,5
"Good product, fast  and accurate delivery",0,5
super.  20/20,0,5
Super.......,0,5
Top ware!!!!,0,5
Alles sehr gut gelaufen!,0,5
Everything was very good. Fast delivery.  I buyed twice and both same quality and fast delidery. TOP!,0,5
Tip Top alles gut,0,5
Top quality product everything alright nieuw dot April 2018 recommended to every one hoe is looking for trusty web-shop,0,5
"Timely and reliable. Great service and price. Unexpected ""handling"" fee of 7€, though.",0,4
Supper schnell supper gut.immer wieder.1a,0,5
"neue DOT, alles top",0,5
super Ware super schnell. TOP,0,5
COOLSUPER OK !!!,0,5
Alles top!Danke!,0,5
Flawless transaction as usual. Excellent!,0,5
Super. Hat super funktioniert.,0,5
Super !!!!!!!!!!!!!!!!!!!!!!!!!!!!!!!!!!!!!!!!!!!!,0,5
Reifendiscount ist the best one in the worldSehr sehr super 👍👍👍👍,0,5
"Prompt geliefert, alles bestens!",0,5
Top Service!!! Danke,0,5
Top !! Alles super geklappt,0,5
"Everything good! I purchased four alloy wheels at a great price, fast delivery in Italy, all in perfect condition, recommended seller.",0,5
Always great service. I have been using Reifendiscount for several years now and have been always satisfied.,0,5
hat alles gut geklapt. mfg,0,5
"Everything as expected. Quick, accurate delivery. Tracking ok",0,5
Could not be better! Lug nuts came with the wheels (didn't expect that).Tyre pressure sensors worked immediately on my Hyundai Ioniq.Shipment to France was cheap.Everything perfect!,0,5
Tyres arrived almost before the order was complete. Very happy. I'll be back for sure,0,5
Great Service - ordered online at tyres were delivered 2 days later,0,5
Top! Alles Gut!,0,5
Sehr-sehr supergut!,0,5
Alles Perfect !Danke.,0,5
Alles TOP DOT ist 3717 was will man mehr.,0,5
"Schnell, billig, super!!!",0,4
new all weather tyres from michelin for my BMW with montage and disposal of old tyres at my local garage for 400EUR. I call that a result :-),0,5
Best!!! *****,0,5
I got the best price deal from them. Online shop and ordering process is very intuitive and simple. Fast delivery to the house door. I’m very glad I found them. I will definitely use them again.,0,5
"Top Ware + Turbo-Versand, alles perfekt !",0,5
"Good service, ha a wrong order and they helped to quickly solve it.",0,5
This is my second purchase from reifendiscount.de. Very satisfied this time too.My recommendation is based on the below priorities.1.Wide selection of tyres.2. DOT very new.3. Very fast shipping.4. Lots of payment options available.5. Best online price.,0,5
"Excellent service, lowest prices and rapid delivery of goods. Thanks",0,5
Prompt and quick response.,0,5
👍👍👍👍👍👍👍👍👍👍👍,0,5
"Excellent Quick service at affordable prices, I will use this again & tell my friends.",0,5
"you have super sevice, danke",0,5
Perfect............,0,5
Great price and fast delivery.Tyre was in great conditions and date of fabrication only 6 months.,0,5
Everything went simple and fast. They shipping was fast and cheap.The tires and wheels were perfect and everything went without any issue.,0,5
"Fix, fair, gut",0,5
Good service,0,5
Very fast delivery abroad and extremely competitive price. Happy.,0,5
Very quick and problem-less transaction. Highly recomment the vendor. :),0,5
The interaction with customer service executive and the time to resolve my issues very admirable.,0,5
Super Service,0,5
***** Super *****!,0,5
Super........!,0,5
.... P E R F E K T  ! ! !,0,5
Good fast shipping with no problems.  Tires were great quality.,0,5
"Great price, fast delivery, just one word: perfect!",0,5
TOLL Toll ToLL,0,5
"Over the last 3-4 years I have repeatedly used Reifendiscount.The choice of tyres is excellent and delivery, where I reside outside Germany, is prompt.Occasionally prices could be a little more competitive...",1,4
super !!!!!!!!!!!!!!!!!!!!!!!!!!!!!!,0,5
"My tyres arrived very quickly, but I'd accidentally ordered the wrong ones! No problem! I ordered the correct ones and ReifenDiscount delivered them just as quickly, picked up the previous tyres at the same time, and refunded the previous purchase promptly and hassle free!Excellent customer service and very quick delivery (twice). I almost wish I bought new tyres more often.",0,5
Amazon Prime like,1,5
"Large choice of tires and brands, easy ordering, very quick delivery. Great experience. Will order again at Reifendiscount.de.",1,5
"I do not speak German but the Pirelli tyres were delivered as expected, very good brand.",1,5
"TOP, MEGAAAAAAAAA",0,5
"Serious seller, fast shipping and excellent quality goods.",0,5
Best priceVery fast deliverygood communicationWill buy again at this shop!,0,5
bester online service,0,5
Super..............,0,5
Perfect product x x x x x x x x,0,5
"very good service, quick delivery, recent production date tires",0,5
Very best wheel online shop,0,5
"Good service, quick delivery. Top.",0,5
profesioneller service,0,5
Super good and the bes price with very fast delivery!!,0,5
super service,0,5
Professional seller. Buy with extreme confidence !!!,0,5
Super...!!!,0,5
"I ordered 4 winter tires and chose card payment.
A few days later, I received an email asking me to transfer the amount in advance.
I replied that they should simply charge my card — that’s w...See more",0,2
"I have used Reifendirekt 4 or 5 times in recent years for sets of tyres, and for the first few orders the service was excellent, however the last two experiences have been somewhat abysmal....See more",0,2
"Pros:
– Low price

Cons:
– Long delivery time
– Split deliveries: Rear tire arrives one week earlier than the front tire, even though both are displayed as in stock.
– Incorrect delivery
– L...See more",0,1
"The tires have not been delivered. DELTICOM has not responded to any email (except automatic responses).

Calling the customer service by phone is a desaster:
First try: 18.11.2025 - 1:53:55 wai...See more",0,1
"There was a mix-up with my winter tyre order and the first shipment never arrived.
Customer service handled the situation very well: they acknowledged the mistake, resent the tyre at no extra cost...See more",0,4
I made a wrong order. Clearly my fault. Due to factors out of my control (mechanic vacation) we detected the mistake late and the delivery statement indicated a wrong delivery date. At first reifendir...See more,0,5
"Ordered 4 tires, only two arrived (two packages containing one tire). Tried to call, only an incompetent AI-Bot answers the phone. By mail, they just claim all 4 tires arrived without any evidence lik...See more",0,1
9 weeks ago I've ordered 4 Michelin tires in advanced payment. 2 weeks later I received 2 Michelin tires and 1 other with wrong dimensions. After several trials to contact Reifendirekt by Webform I di...See more,0,1
"I ordered a set of Yokohama 225/50 R18 tires and, to be honest, right after placing the order I came across quite a few negative reviews about ReifenDirekt. I was genuinely worried I might receive...See more",1,5
"Never again! Beware — scam! I am completely dissatisfied with the service and customer support. I ordered four tyres, but after 16 days they still haven't been delivered, and I haven't received an exa...See more",0,1
After confirming the deliverystatus tyres didn't arrive. A call to Reifendirect with 50 minutes waiting into the line brings following result: Pls wait and in 3 days you have yout tires! I stpped now...See more,0,1
I placed order for four tires but only three tires were delivered. I made multiple attempts to contact to resolve the issue - unfortunately with no success. It is not possible to actually speak with s...See more,0,1
"Unfortunately, nothing went right with my order. First, the delivery was lost twice, then the tires were delivered twice, and now, almost a year later, the courier is coming to pick up the extra tires...See more",0,1
"Deadlines were not met, I had to keep asking for updates and was lied to. After three unsuccessful delivery attempts, we canceled the order. I also had to ask several times for a refund before the mon...See more",0,1
"There was no delivery, despite the delivery status showing 'delivered'. After complaining, I received a reply three days later stating that the order had not been released, even though it had already...See more",0,1
"10 days after ordering, after calling twice, they finally processed my order! I received more than two emails: one saying that the order went through, one saying that my order was cancelled and the re...See more",0,1
"OK Last time i ordered with these guys it was a NIGHTMARE... BUT in the end they sorted everything out, so ok i gave them a second chance. This time it worked like a dream i had the tyres in 3 days pe...See more",0,5
"The order was easy and smooth, but DPD was very confusing. 

The order was easy, the response quick, the communication good. The delivery also arrived early in perfect timing.

One star is subtrac...See more",0,4
They are not able to deliver tires to correct address. Have been waiting 2 weeks for my tires. 100% correct delivery address but they and their partner DPD are blaming me not to have given correct add...See more,0,1
"1 hour and 55 minutes at the phone waiting for their answer and then they closed my call.
Ridiculous.

I am still waiting informations regarding tires that I bought almost a month ago.

The nex...See more",0,1
"Order was placed twice by me by mistake. Communication went back and forth about the paiment which was made but claimed again..... until it came out that the order was placed twice .

Thank you for...See more",0,5
Ordered a fronttire. Wrong Model delivered. That happens sometimes. We all make mistakes. But the Delivery Service dpd makes shorttime appointments which cant be hold. And the Codes on the notices the...See more,0,3
"Took around 3 weeks to deliver the tires. Answer on status update of delivery took 5-6 days. Quality fine as always, but service level can be improved.",0,3
"The payment process with ""TWINT"" didn't work for me. I tried again and inadvertently created a duplicate order. ReifenDirekt was accommodating and corrected my error. Delivery was prompt. The tires ha...See more",1,5
"Ok, price delivery but the mechanic who should install the tire on the wheel complained that they where to narrow, thight on the inside….

But the rest was very good",1,3
"This company has a big selection on tires, good prices and a fast delivery. I’m also very happy with my new tires.",1,5
"I accidentally placed my order 2 times, I wanted to cancel it but couldn't. Then I wrote Reifendirekt as called was 3 hours in the waiting loop I don't see that?!",0,2
"Thank you very much! Even though my order was delayed by seven days, it was still delivered to the address I specified. I am very grateful. Thank you",0,4
A delivery date was not communicated upfront but the tires arrived within a few days. After the purchase I noticed that several other suppliers offer notably better prices than Reifendirekt.,0,3
Promised quick delivery. Didn't get the delivery before long after I left for summer vacation. Uses a week++ to answer simple emails. Don't know where the tires are. Says they have delivered the tires...See more,0,1
I am waiting since more than 8 weeks for my ordered winter tires. No progress and updates on my order. Customer service can just reached via email and response time over a week with no precise answer....See more,0,1
"After 14 days from the order, I still haven’t received the tires. I called, and they told me they would speed up the shipment, but 3 days later they wrote to me saying that, due to logistical reasons,...See more",0,1
"I can fully relate to the negative comments here. My order wasn’t delivered for weeks, and when I requested a refund, there was a long period of silence. I will be taking legal action in Germany. Som...See more",0,1
"ordered 4 winter tyres that were ""in stock"" with expected delivery time of 4-5 days.  After a week I received an e-mail notification that they were ""delivered"", however I had not received them.  A...See more",0,1
"Worst experience ever!!! There is no fast delivery, and very bad customer service! I ordered 4 tires, I received 3 weeks later 2! The after I wrote them I received a week later 1 more! Now after writi...See more",0,1
In the past Reifendirekt was a good company very serious. Last month I did order twice winter tires for 2 different vehicles. The delays are more than 3 weeks and I did not get it today and no answer...See more,0,1
"It couldn't be worse: delivery cancelled, money not refunded – that's theft! Delivery delays, AI only writes rubbish and makes false promises. Never again reifendirekt.",0,1
"Ordered tires in late November, no status update received until mid-December saying order shipped.  Received email on 30.12.2025 saying order was canceled.  I've complained 3 times with no response....See more",0,1
Your customer service is not doing its job. When do you intend to return the money? How many times have you agreed that you will return them and you haven't? Your whatsapp costumer channel doesn't wor...See more,0,1
"I placed an order with Reifendirekt.ch, but my delivery never arrived. The tracking information claims that it was delivered around 10 PM, which is completely unrealistic – no package was ever rec...See more",0,1
"I placed an order as of 26.05.2025 for 4 tires, I only received 2 tires as of 04.07.2025. Their communication service its very poor not to say inexistent. Their online form it's not that helpful eithe...See more",0,1
"This website is a scam, please do not buy anything from them. Ordered wheels, tries to contact them for about 10 days in a row. The order was not dispatched in time and there were no shipment record....See more",0,1
I do not recommend this online store. No communication is possible. I have an order from 3 weeks ago and it has not been delivered yet. If you want a peaceful sleep then do not open this page.,0,1
Price and service are great. Delivery was quick and the tires not older than a few month. Thanks,1,5
I placed an order  on 26.06.2025. It was officially sent the same day. No way to follow the parcel. My swiss postcode doesn't work with the German delivery company. On the 2nd of July I got a note...See more,0,1
"Of course I have more questions, but I have to ask here because your customer service is not doing its job. When do you intend to return the money? How many times have you agreed that you will return...See more",0,1
"First, several delivery delays are announced and then I receive the message that the parcel service has sent the delivery back!
Several requests for a new delivery were ignored and I was asked sever...See more",0,1
"Terrible experience – delayed shipping, incomplete delivery, and absolutely no response to multiple emails. I had to call and wait for hours just to get half a solution, and the issue still isn’t reso...See more",0,1
"I ordered 4 tires. Once had a fissure - After more than 2 weeks, I'm still waiting that they come to pick up the tyre and to get a reimbursement.",0,2
"I ordered 4 winter tires. Got an email confirmation and all is well. After around a week I get an update. The tires, which are clearly listed on the website, cannot be delivered. Okay, weird enough bu...See more",0,1
"terrible experience, wait for over 3 weeks and no feedback.
stupid chat box refuses to let you talk to any form of human... incredibly bad experience would never recommend",0,1
I got the Tires. But with them i should also get a Hoody Size L from Uniroyal as a Gift. I never received it. I wrote a Email. They told me i have to wait.... This is now 10 Months ago. Still waiting.......,0,1
no delivery after more than 2 months. No payback received. No communication. After multiple orders never again,0,1
"Ordered tires in late November, no status update received until mid-December saying order shipped.  Received email on 30.12.2025 saying order was canceled.  I've complained 3 times with no response.  Very unprofessional and frustrating.",0,1
I never got my order and I am waiting for my payback for MONTHS.,0,1
"Ordered 4 tires, only two arrived (two packages containing one tire). Tried to call, only an incompetent AI-Bot answers the phone. By mail, they just claim all 4 tires arrived without any evidence like tracking numbers or the like. To put it simple: they are liars. I have paid all four tires in advance, so it's definitely a scam and I would recommend an other website to buy your tires.",0,1
"This Company is very bad, no communications, i had cacelled my order since over 2 weeks, and i m still waiting for my money back, they gave me no answer!!!!!I m so angry about this 😡",0,1
"There was a mix-up with my winter tyre order and the first shipment never arrived.Customer service handled the situation very well: they acknowledged the mistake, resent the tyre at no extra cost and kept me informed during the process.The replacement arrived in perfect condition, and since it hasn’t snowed yet, the delay didn’t cause any real problem.Overall, I appreciate the way they solved everything. Thank you.",0,4
"customer service not responsive, order cancellation not possible, links do not work when trying to cancel an order in bookings dashboard, feedback form not working (page not available), marketing automation is a complete mess triggering payment reminders for orders that I wanted to cancel, but couldn't because the order cancellation workflow does not work (!), a complete mess of illprogrammed website and unresponsive customer service!when I escalated the issue via email, customer service representative did not seem to care at all the this whole ordering process is a complete mess and leads to massive customer disatisfaction!",0,1
Order was placed twice by me by mistake. Communication went back and forth about the paiment which was made but claimed again..... until it came out that the order was placed twice .Thank you for the clarification,0,5
"ordered 4 winter tyres that were ""in stock"" with expected delivery time of 4-5 days.  After a week I received an e-mail notification that they were ""delivered"", however I had not received them.  After waiting over an hour on the phone, I got through to customer service and had to deal with someone who could barely speak any European language or english, just to be told ""the tyres were delivered to the delivery warehouse and I would receive them in the next days"".Well, a few days passed and same story again, and again, and again.  In the end, I received 3 (of the 4) tyres after over 5 weeks.A mistake can always happen, and I have complete understanding for that, but mistake after mistake coupled with terrible customer service that is hard to reach is inexcusable.",0,1
"Took around 3 weeks to deliver the tires. Answer on status update of delivery took 5-6 days. Quality fine as always, but service level can be improved.",0,3
"Terrible service and very poor customer support. It used to work well, but now it’s definitely among the worst. Really disappoint",0,1
A delivery date was not communicated upfront but the tires arrived within a few days. After the purchase I noticed that several other suppliers offer notably better prices than Reifendirekt.,0,3
"I ordered 4 winter tires. Got an email confirmation and all is well. After around a week I get an update. The tires, which are clearly listed on the website, cannot be delivered. Okay, weird enough but I get my money back. So I ordered comparable tires, though of course they were more expensive. Again I got an email confirmation and I sit at home waiting. After 2 weeks of no update I ask for an estimated time of delivery. I get an email saying they are on their way and a delivery date of one week out. A day after that I get a new email saying my tires, which apparently were already in transit, cant get delivered and I get a replacement order. I of course send an email asking for clarification and a confirmation of the delivery date. I wait for another week and do not even get a reply to my message. So here I am waiting on tires, that are paid in full, after a month, with 2 cancelations from their side and no communication to speak of, while the temperatures drop and my safety is being played with. Absolutely despicable behavior of this company!",0,1
They are not able to deliver tires to correct address. Have been waiting 2 weeks for my tires. 100% correct delivery address but they and their partner DPD are blaming me not to have given correct address. Wanted to cancel the order but it was refused. WTF reifendirect??? DEFINITELY LAST TIME BUSINESS WITH YOU!,0,1
"terrible experience, wait for over 3 weeks and no feedback.stupid chat box refuses to let you talk to any form of human... incredibly bad experience would never recommend",0,1
"I can fully relate to the negative comments here. My order wasn’t delivered for weeks, and when I requested a refund, there was a long period of silence. I will be taking legal action in Germany. Something is definitely not right here!",0,1
"This website is a scam, please do not buy anything from them. Ordered wheels, tries to contact them for about 10 days in a row. The order was not dispatched in time and there were no shipment record. I ordered a refund but now they tell me to cancel the shipment that is actually happening. I still have no proof of delivery or any other details. DO MOT BUY FROM THIS WEBSITE! THIS IS A SCAM!",0,1
"In the past Reifendirekt was a good company very serious. Last month I did order twice winter tires for 2 different vehicles. The delays are more than 3 weeks and I did not get it today and no answer from ""Kundendienst"".  Poor service ...",0,1
"Worst experience ever!!! There is no fast delivery, and very bad customer service! I ordered 4 tires, I received 3 weeks later 2! The after I wrote them I received a week later 1 more! Now after writing them again they said sorry - place a new order! No refund, nothing just place a new order? Very bad company, dont order from them!",0,1
"I placed an order with Reifendirekt.ch, but my delivery never arrived. The tracking information claims that it was delivered around 10 PM, which is completely unrealistic – no package was ever received.I’ve been trying to reach customer service for several days by phone and email, but no one answers. There is no update, no replacement, and no refund. This is extremely frustrating and unprofessional.I would strongly advise others to be careful before ordering from this company. Reliable service and proper customer support should be the minimum standard for any online store – sadly, Reifendirekt.ch completely failed in this regard.",0,1
"placed the order on 31.10.2025, and today is 8.10.2025. I can’t reach anyone on the phone, and I’ve sent two emails — every time, I get the same reply: “Please wait for three days for your order.” No parcel number has been provided either.",0,1
"I ordered 4 winter tires and chose card payment.A few days later, I received an email asking me to transfer the amount in advance.I replied that they should simply charge my card — that’s why I provided my card details.Since there was no reaction, I finally transferred the money manually via online banking as well.A week later, I got an email saying the tires would soon be handed over to a courier.A few days later, the courier arrived — but only brought two tires and had no idea where the other two were. He said they would probably come a few days later.No further email arrived, but a few days later I found the other two tires just lying on the street in front of my house, without any packaging.The courier didn’t ring the bell or ask for a signature, although the shop had explicitly written “delivery against signature”.In the end, the tires did arrive — but only after three weeks, even though the website said “in stock, delivery in 3–4 days.”Not one star only because the tires finally arrived.",0,2
I do not recommend this online store. No communication is possible. I have an order from 3 weeks ago and it has not been delivered yet. If you want a peaceful sleep then do not open this page.,0,1
"Deadlines were not met, I had to keep asking for updates and was lied to. After three unsuccessful delivery attempts, we canceled the order. I also had to ask several times for a refund before the money was finally paid out a week late. Reifendirekt, Delticom, or Delti.com? Never again!",0,1
Terrible delivery times and terrible service - never order again here.,0,1
Service is getting worse and worse. Delivery logistics is not working at all.,0,1
"Unfortunately, nothing went right with my order. First, the delivery was lost twice, then the tires were delivered twice, and now, almost a year later, the courier is coming to pick up the extra tires. Trying to communicate with reifendireck.ch is very difficult. After waiting on hold for four hours, no one answered the phone, and I received no response to any of my seven emails. I will not be ordering from this company again.",0,1
What went well: fast delivery. What didn't go well: the new tires make unusually loud road noise despite being Continental TS860 brand tires and having manufacturer approval. My warranty claim was immediately rejected without explanation. That's not good customer service.,0,1
"I accidentally placed my order 2 times, I wanted to cancel it but couldn't. Then I wrote Reifendirekt as called was 3 hours in the waiting loop I don't see that?!",0,2
"There was no delivery, despite the delivery status showing 'delivered'. After complaining, I received a reply three days later stating that the order had not been released, even though it had already been paid for. Another three days passed before I received information about the new expected delivery date. A delivery time of one month for tyres that are available from stock is not acceptable!",0,1
I am waiting since more than 8 weeks for my ordered winter tires. No progress and updates on my order. Customer service can just reached via email and response time over a week with no precise answer. My order is already paid. The Tires are still on their webpage listed with on stock. I cannot understand the issue. In future I will avoid this company for sure. Next step will be a claim through with legal action.,0,1
"Thank you very much! Even though my order was delayed by seven days, it was still delivered to the address I specified. I am very grateful. Thank you",0,4
1 hour and 55 minutes at the phone waiting for their answer and then they closed my call.Ridiculous.I am still waiting informations regarding tires that I bought almost a month ago.The next step unfortunately has to be a report to the police.Don't order with them if you want a good service.,0,1
My order of 4 tyres was split because I believe they are dependent on different suppliers and this is where the main issues arose. 3 tyres were delivered outside in the street Esther with no notification about the actual delivery and only by chance someone noticed them. The last tyre seemed to be delivered back to the supplier and I was given no explanation. I was then offered to either cancel and get a refund or try to deliver again. I opted for a refund as the communication was terrible in getting any reply that made sense and it seemed from different media.The refund was the wrong one for 3 instead of just 1 tyre and even then no refund was made.Eventually I was notified that the one remaining tyre was being delivered and eventually it arrived. Total time from ordering to getting a complete order 15 working days.In conclusion the company relies on different suppliers and different delivery services and when it goes wrong it is hard to communicate to the right team directly so that the customer is given reassurance about the status on the order process. I suggest that a better direct means of communication is provided to avoid such issues.Unfortunately this process has made myself not consider this company in future due to its unreliability and loss of confidence,0,2
"I made a wrong order. Clearly my fault. Due to factors out of my control (mechanic vacation) we detected the mistake late and the delivery statement indicated a wrong delivery date. At first reifendirect rejected a take back based on time overrun, but after complaining and reevaluation they took the tires back. The experience was a bit shaky at first, but was finally settled to my satisfaction. Considering it was my fault 5 out of 5 stars seems deserved.",0,5
"Pros:– Low priceCons:– Long delivery time– Split deliveries: Rear tire arrives one week earlier than the front tire, even though both are displayed as in stock.– Incorrect delivery– Long handling time to fix incorrect delivery (2 weeks)– One-way communication, you can't reply to their replies. You need to use the contact form on their website EVERY TIME.– They book pickup of the incorrectly delivered tire without checking if you're at home and can hand it over to the carrier.– No return label provided or info on how to handle the return.",0,1
Katastrophen laden! Avoid,0,1
"After confirming the deliverystatus tyres didn't arrive. A call to Reifendirect with 50 minutes waiting into the line brings following result: Pls wait and in 3 days you have yout tires! I stpped now payment directly and I told this to the agent from Reifendirekt with the info: I pay if tires arrived! If the tires not be here on friday, you will lost a customer and I will make it public!",0,1
"After 14 days from the order, I still haven’t received the tires. I called, and they told me they would speed up the shipment, but 3 days later they wrote to me saying that, due to logistical reasons, they cannot send me the tires! Never again an order from reifendirekt!!!!",0,1
"9 weeks ago I've ordered 4 Michelin tires in advanced payment. 2 weeks later I received 2 Michelin tires and 1 other with wrong dimensions. After several trials to contact Reifendirekt by Webform I didn't felt understood. No idea if AI was not able to identify my clear requests or id it wasn't understood by humans far away of a german country. Nevertheless I felt lucky to receive a 3rd tire 7 weeks after payment, afraid that Reifendirekt wont fullfill the prepaid order with a 4th tire. I just can't belive how a company can act like this...",0,1
"First, several delivery delays are announced and then I receive the message that the parcel service has sent the delivery back!Several requests for a new delivery were ignored and I was asked several times what I wanted (new delivery or refund). Customer service apparently does not read the emails, but sends automatic standard emails.Useless.",0,1
Absoluter Katastrophe die Hotline,0,1
"Never again! Beware — scam! I am completely dissatisfied with the service and customer support. I ordered four tyres, but after 16 days they still haven't been delivered, and I haven't received an exact response from them. DPD showed that they were delivered, but later answered me saying that they hadn't received any parcel. They weren't though. It's extremely difficult to file a complaint on the Reifendirekt.ch website, and there is no telephone number. The responses are just from robots. sure I will never buy anything from them again!",0,1
"Promised quick delivery. Didn't get the delivery before long after I left for summer vacation. Uses a week++ to answer simple emails. Don't know where the tires are. Says they have delivered the tires, when they haven't. Super slow delivery.",0,1
"10 days after ordering, after calling twice, they finally processed my order! I received more than two emails: one saying that the order went through, one saying that my order was cancelled and the refund was already made. Now I'm calling again to see what actually happened... Wtf!",0,1
"I placed an order  on 26.06.2025. It was officially sent the same day. No way to follow the parcel. My swiss postcode doesn't work with the German delivery company. On the 2nd of July I got a note that I should receive the parcel the 4th. Today I am still waiting. The official site writes that the parcel was delivered on the 27th of June. The delivery system writes that it was out for delivery the 2nd of July. The phone robot says that it was delivered the 4th of July. I got somebody on the phone today. Before we closed the conversation, we were cut. Just catastrophic!This afternoon, the tires were delivered. Too bad, on the delivery slip of the front wheel, it was correctly written size 120/70 B19, but the delivered scooter tire was 120/70 B10. I can't wait for an exchange. I'll be soon travelling. I ask Reifendirekt to send the money back.First and last experience with Reifendirekt.",0,1
"I placed an order as of 26.05.2025 for 4 tires, I only received 2 tires as of 04.07.2025. Their communication service its very poor not to say inexistent. Their online form it's not that helpful either. This is very strange situation.",0,1
"Ordered a fronttire. Wrong Model delivered. That happens sometimes. We all make mistakes. But the Delivery Service dpd makes shorttime appointments which cant be hold. And the Codes on the notices they left me, dont work. 4 attempts, even by phone, no results. Now I should get tire ready for return and wait the hole day to catch the delivery guy to get a receipt for it?",0,3
"My original review was on Oct 15 2024 when only 3 of 4 tires were delivered and both Reifendirekt and DPD initially claimed all had been delivered. Eventually Reifendirekt replaced the missing tire and sent an invoice to me clearly showing it was free of charge.Now 8 months later they have sent an invoice for the tire which they say is due because we did not return a signed declaration from the service provider that it was  not delivered. The request for that declaration was from a trustpilot email which went directly to my spam, was not sent to teh service provider only me, and was not even seen until last week. Not one word from Reifendirekt in the 8 months in between. Now they say DPD can no longer be held responsible but somehow I am !!!  This company is not professional at all, it's ridiculous to leave a time critical request for 8 months without follow up (original email from November last year does not even mention any reply deadline).From the way they make it so difficult to speak to anyone it is clear they just throw problems at you and hope you do what they ask. I had used them again as I thought they had sorted my issue last time but I will never use them again as you cannot trust not to get a bill months after the event.",0,1
"Great service overall and very good prices, the best.",1,5
I placed order for four tires but only three tires were delivered. I made multiple attempts to contact to resolve the issue - unfortunately with no success. It is not possible to actually speak with someone at the company - all is done via AI. I had to order the fourth tire elsewhere and now trying to receive refund for part of the order - pretty difficult to achieve that since there is no way to contact anyone at the company!,0,1
"The payment process with ""TWINT"" didn't work for me. I tried again and inadvertently created a duplicate order. ReifenDirekt was accommodating and corrected my error. Delivery was prompt. The tires had a new production date. I'm very satisfied and will continue to shop with ReifenDirekt.",1,5
"super service, very fast, good product",1,5
"I have used Reifendirekt 4 or 5 times in recent years for sets of tyres, and for the first few orders the service was excellent, however the last two experiences have been somewhat abysmal.My previous order took weeks to arrive, and this time it`s similar, two tyres arriving after 12 days but the other two have failed to materialise more than three weeks after the order was placed, and the tyres were listed as being ""in stock.""I received the following information:Your order was received on 21.04.2025.The warehouse received the order on 21.04.2025.The order was ready for dispatch on 24.04.2025.The expected delivery date is 05.05.2025.I wanted these tyres for a long trip starting tomorrow (15.05.25) but now it looks unlikely and I`ll have to do it on my winter rubber. It`s all rather poor and there are no updates, I have to chase for information and even then it is incomplete and rather vague. Probably my last time to use reifendirekt.",0,2
"I ordered 4 tires. Once had a fissure - After more than 2 weeks, I'm still waiting that they come to pick up the tyre and to get a reimbursement.",0,2
"This company has a big selection on tires, good prices and a fast delivery. I’m also very happy with my new tires.",1,5
"I ordered a set of Yokohama 225/50 R18 tires and, to be honest, right after placing the order I came across quite a few negative reviews about ReifenDirekt. I was genuinely worried I might receive old stock tires, as several reviews mentioned this issue.However, to my surprise, the tires arrived within just a few days – much faster than expected. The biggest surprise of all was checking the manufacturing date: they are brand new, produced in 2025!Overall, I'm very satisfied with the service and the product I received. In my case, ReifenDirekt delivered exactly what I hoped for – fresh, high-quality tires in a timely manner.",1,5
I ordered two very expensive (more thatn 1000 EUR) MICHELIN TRX tyres. With some delay I received the tyres which have been produced in 2022 and have not been stored appropriatly with a lot of scrachtes. I complained several times but only received  AI created E-mail. This is really unacceptable.,0,1
"Your customer service is not doing its job. When do you intend to return the money? How many times have you agreed that you will return them and you haven't? Your whatsapp costumer channel doesn't work at all, i receive always a automatic reply on my requests. You write me a email that you will send my money back on  09.04.25, but you didn't.",0,1
tip top. good tyres,1,5
"On Time, great product, good price",1,5
Price and service are great. Delivery was quick and the tires not older than a few month. Thanks,1,5
"Easy ordering, with direct shipment to the workshop",1,5
"Ok, price delivery but the mechanic who should install the tire on the wheel complained that they where to narrow, thight on the inside….But the rest was very good",1,3
"Terrible experience – delayed shipping, incomplete delivery, and absolutely no response to multiple emails. I had to call and wait for hours just to get half a solution, and the issue still isn’t resolved. Completely unprofessional and unreliable. I strongly advise against ordering from them—I wouldn’t recommend this company to anyone, ever.",0,1
"Fast, good price, good shop. See you soon😎 again",1,5
Quality is perfect.Answers to questions very fast.Great attention to customer's satisfaction,0,5
Tip top quality,1,5
Good price. Very efficient process.,1,5
"Of course I have more questions, but I have to ask here because your customer service is not doing its job. When do you intend to return the money? How many times have you agreed that you will return them and you haven't? I'm not interested in your apologies, please don't write that. Rather, do something specific. I want my money! I dutifully paid for the tires, for which you cheated me. Give me my money back.",0,1
Using ReifenDirekt since 2010. Always great service and price.,0,5
"The order was easy and smooth, but DPD was very confusing.The order was easy, the response quick, the communication good. The delivery also arrived early in perfect timing.One star is subtracted due to the DPD issue and the difficulty to contact the vendor either by telephone or online contact form.  After I received the order number and receipt I used it to track via DPD and they then informed me that the order was delivered to different address in a different country.  I tried many times to contact the vendor but without success. Then suddenly DPD sends another update that the order is on its way to the correct address.  So in the end all good. The product was exactly as ordered and delivery went smooth.",0,4
"OK Last time i ordered with these guys it was a NIGHTMARE... BUT in the end they sorted everything out, so ok i gave them a second chance. This time it worked like a dream i had the tyres in 3 days perfect no issues no problems so it worked like clockwork, so i feel its only fair after giving them such a kicking last time that i give credit where credit is due. Well done lads service seems to have been imporved and a job well done.",0,5
Good quality and quick delivery to Switzerland,1,5
Great and perfect,1,5
The choice of the tyres and the selection of the partner,1,5
"Somehow I did order tires of a wrong dimension. My fault! Since it happened before X-Mas I did not stress to get them replaced but did leave a message with them. Couple month later, they picked them up at my house with very friendly notices. Now, I'm waiting on the reimbursement before I'm going to order the tires with the correct dimensions.",0,5
"On February 20, I placed an order with the expectation, based on the information provided on the website, that I would receive the goods within 4–5 working days.( Complete wheels for AUDI A4 + Continental PremiumContact 7 tires)A week later, I received an email stating that, due to a high volume of orders, my delivery would be delayed by another 5 days.On March 7, I attempted to contact the company via their online chat, as no other communication channels were available. Shortly after, I received an email notifying me that my order had been changed—apparently, the originally requested item was unavailable, and a replacement was being offered. However, soon after that, my order was canceled without my consent.I will monitor the situation over the next few days to see if my payment is refunded. In the meantime, I will be informing my bank and the authorities about this potentially fraudulent website.I strongly advise future buyers to avoid purchasing from this company to prevent the frustrating and time-consuming experience I have encountered. The lack of human customer support and transparent communication makes it extremely difficult to resolve any issues.",0,1
Still no refund of tyres never delivered since December. Worst experience ever.,0,1
"Website is easy to navigate, I was able to compare tyres to select the one I consider best for my motorbike. The goods were then delivered fast and reliably.",1,5
"Price, delivery,Negativ is only storage of the tire which results in additional work at the installation of this tire and balancing",1,4
"I got the tires on February 4th. ordered, and today is February 17th, but other than emails every week talking about delays, I haven't received anything. I was not given an exact delivery date.",0,1
Easy ordering. Reliable and delivery in time.,1,5
Waiting over 2 Weeks and nothing is going.,1,1
"UPDATE 03-03-25  - from 1 to 3 stars:After getting attention from trustpilot I modified from 1 star to 3. the order was cancelled, tires picked up and some days later funds credited back.It would have been excellent if customer service didn't start to effectively react only after this Trustpilot review and if it didn't take overall almost 2 months with multiple e-mails to get over this.Customer service not existent. No answer after many days and reminder. Money taken.Update after customer service answer at Trustpilot: Please read my email to your customer service which has all the details. I requested this order to be taken back according to the terms of service.",0,3
"terrible customer communication. When you ask about the missing order just a standard reply we have given your issue to the team. Nothing , no news, bo comments and so on... My order ist still missing since 6 weeks waiting time. Shocking. NEVER AGAIN",0,1
"I called many times for the same issue. First of all, I waited for hours until I got someone on the phone. 2. They always told me to write an email and wait, someone will reach to me in 2 days. Never heard something. Its been 2 weeks and I am still waiting for the solution.",0,1
"Fast delivery, good price and quality",1,5
"I have been ordering from Reifendirekt for the last 15 years.But now the service is getting worse and worse. Long waiting times for delivery.Parcel tracking is a joke. The parcels are shown as delivered when they have arrived at a temporary storage facility. What use is that to me?Nothing!But on a positive note, the support team responded quickly today.",0,2
Fast reaktion good qualiti so far. possibility to chose the mechanik.,1,5
"Orders missplaced, money taken, no info given. an absolute catastrophe. its january and i still couldnt put winter tires on. pure and unadultered incompetence",1,1
"I placed an order with Reifendirekt on December 18th, expecting delivery between December 30th and January 5th. Unfortunately, the delivery has not arrived yet, causing significant inconvenience. I am extremely disappointed with the lack of reliability and communication regarding my order status. This experience has been far from satisfactory.",1,1
"Order placed on 16.1, still not sent. I already received two emails that it will be sent „in three days”. That’s a joke, not a service",0,1
"I bought four tyres but only received three. No response to my two messages to the seller, impossible to try to speak to someone by phone (I hung up after more than an hour of waiting in vain).I had to open a formal complaint with my credit card company.",1,1
many thanks,1,5
"No way to call 123 pneus (more then 5 hours on the phone without an answer) to get information about an article that is yet not delivered ( 18 days ) . it was mentionned to be delivered 5 days ago. the tracking doesn't work, no way to know where my things are.I am a regular client since 2013",0,1
"I was very pleased. My tire-wheel combination (Dezent wheels / Pirelli tires) arrived with no problem. The tires came correctly installed for right and left side wheels (uni-directional tires). There was plenty of air pressure for easy adjustment to correct pressures. I also appreciated the TUV / Gutachten paperwork, which I hope will assist when dealing with vehicle inspections.",1,5
"I ordered 4 tires, all 4 were in stock at the store and to date I have only received 2. The order was made in November, they do not answer phone calls or respond to emails, customer service is practically non-existent. I don’t even have a tracking number for the other 2 tires ,I will never buy from this company again and I do not recommend it. I want a refund !!!",0,1
"On November 16th, I ordered four tires, which were split into two separate orders. One of these orders was supposedly delivered on November 21st. However, the service partner—who is listed as a 'premium partner' of the provider—has no record of this order. I personally visited them today to confirm this.The second half of the order was not shipped until after my last review and was supposed to arrive today, but it still hasn’t arrived. Once again, there is no way to contact the company. I’m now trying to cancel the order and get my money back, as I won’t need winter tires in the spring—assuming I ever even receive them.",0,1
"I have to wait 2 weeks the emails that i received have been that my tires are in the adress but my tires wasnt there,i call 20 times and nobody answer this is a bullshit and i will never buy again from you.",1,2
Finally the order we received.First no communication possible!The What's App is just calming people down but no response .No email response nothing.They ship it with DPD - First DPD came to our address - so chaotic - then the magazine gave us 2 of 4 out - while  my partner entered the magazine and found the other 2...   It's not the calm way to order,1,3
"Ordered 18.11.2024 an payed.Received no tyres till today.Order number 53884619.Try to contact Reifendirekt since days.No one contacted me ever back.No answer back.Reifendirekt say, they have delivered.Nothing arrived here.Contacted Reifendirekt on all available channels.No support to find the delivery or tracking.Money payed. No material received.Order since several years. This year is disaster.No support to find out where my material is.Finally now received my ordered tyres.Thank you a lot.Can then also delete my review now finally.All I searched for, is receiving my ordered tyres, which now happened.So, I am happy again.",0,3
"I ordered a set of rims that was supposed to be delivered on a date given by Reifendirekt. During that time Reifendirekt shared with me 2 tracking codes that marked my order as delivered, when it was not.I tried to contact customer support about this, but customer support was non existent.Time passed and the order appeared as ""on its way"" on the webpage, but if you clicked on the delivery details it was marked as delivered.I decided to wait till the delivery date, but nothing was deliver that date.Then, instead of logging in into my account I asked for the status of my order by email. And two new tracking codes appeared. At first they were inactive, but during the evening I could see my order.Meanwhile in the webpage the tracking system still pointed to the original 2 tracking codes saying that the order is delivered. Also, no word from customer support till the order was delivered to tell me the obvious: your order was delivered to you.The chaos and the lack of information made the experience quite bad. Their website gives you conflicting information.",0,2
"Quality, price, speed",1,5
"I have actually been a very satisfied customer for > 10 years and have always ordered from reifendirekt.ch for both our private cars and the company vehicles for which I was responsible in our company. But this fall's order was unfortunately very disappointing and even more disappointing was the lack of customer support. Wrong delivery dates, no answer to repeated contact, after 5 weeks still no binding delivery date, although the tires were listed as “in stock”. Too bad, I will probably have to look for another partner, because they seem to have a bigger problem. btw: I have now ordered them from a “normal” offline tire dealer, had an installation appointment the day after next and they were surprisingly actually about 20% cheaper than at reifendirekt!!!btw: 2 stars instead of one because at least my credit card was not charged and because they confirmed my cancellation request (after several days)",0,2
😡😡😡reifendirekt is a scam company. Tires paid for by me. Tires were not delivered. Customer service does not exist. No response to my contact. Stay away from this company.😡😡😡,0,1
"AVOID! SIMPLY DON""T ORDER FROM THEM!Purchase date: 22.10.2024. Immediately I receive an email that the tires were sent.Email from them on 17.11.2024 that they actually haven't sent the tires and if I want refund. I reply immediately that I want a refund. Still no funds returned.(04.12.2024)It used to be reliable company, but seems like something changed. AVOID at all COST!",0,1
The first order came very fast. The second one needed a little too long.,1,4
"I didnt get my packet and I cant send a complain, because the kontakt formula is not working, on whatsapp they dont answer.",1,1
"I recently ordered winter tyres that I could not get via the dealer. Reifendirekt had them on stock, and they were delivered within 7 days. Am very pleased by their service.",0,5
"The process is easy and fast. Custom service is very helpful and responds quickly. This was my second purchase and everything went well, both times.",1,5
"My transaction number is: 53851403Where to start in this walk of shame. First of all: wrong tracking number. Can’t track my tyres. Then no communication. I’ve tried via their email, WhatsApp, online form, by phone. No answer since two weeks. After about two weeks, ONLY ONE FRIGGIN TYRE ARRIVED WITH NO EXPLANATION! I’M NOT DRIVING A MONOCYCLE DAMN IT!! That was an absolutely terrible experience. I had to call my credit card and ask for a refund. After I will get my refund I will sue this company.",1,1
Good delivery time.Good updates.Good prices.Thanknyou,1,5
"easy, quick, no problem",1,5
"I bought on 01.11.2024. Everything was available in the lager at the time of the purchase so I thinking I had enough time for the tires arrive. I never been so wrong. After almost 4 weeks no sign of the tires and the rims. Really disappointed. This company took my money and ghost me. All the attempts of contacting them end in nothing, just silence, no one answer. The only answer I got was from a bot saying I would get a reply in 5min, but they never did. I bought from Reifendirekt in the past and never had any problems, but today I can’t recommend this company to anyone. I understand delays can happen, but I can’t understand is the lack of communication, I mean none. Until this date, never got a tracking number. Winter season already started and I’m sitting here without tires and money. So I already request a refund and I hope getting the money soon as possible for I can go buy tires to one of the many company’s out there that reply to their costumers. I hope I don’t need to take extra manners to get my money back. This as being stressful enough and looks like a nightmare. The only way I can update and give a better review it’s only if I get an reply in the next 24h saying my purchase is on the way with express delivery, but I know that’s not going to happen.Update: Communication still 0 but they refund my order. But I don’t advise order at this moment until they clarify what’s the issue with the delays and no communication.Update 2: Today I came from work and I found the order that I cancel and was refund already sitting on the street. Delivery company never contact me for a delivery and they just leave a cancel order on the street without a signature. I wouldn’t accept since I was refunded already and I bought the product from a local garage. I already contact Reifendirekt trough a formular to try arrange a return. I will storage the cancel order for 30days, if no delivery company come to pick up the order back, not my problem after. It’s kind sad because I could wait a bit longer if I had some clarification where the product was and when’s going be delivered. But the silence from the support team make all this happen. Hope Reifendirekt sort is problems specially with the delivery company. The tag on the order said were ship on 15.11.2024. They arrived 25 days later without announcement. But they need to work also on support team, they can’t just go silence.RD 53739314",0,3
"NO customer support. I tried to reach the customer support via Chat, Whatsapp and Phone. NO answer at all. Only that the will reply within 5 Minutes but nothing! Really poor. The delivery itself was good.",1,2
"I recently ordered 4 tires, and they arrived incredibly fast—just 3 days after placing the order. The process was smooth, the selection is great, and the prices are always competitive. I've never been disappointed with their service, and I highly recommend them to anyone looking for quality tires and quick delivery.",0,5
"I have been a loyal customer of Reifendirekt.ch for more than 10 years. Initially, everything was fine, and I had no issues with their service. However, things have gone downhill significantly in recent years.Two years ago, I received tires that were already a couple of years old—very disappointing. This year was even worse. I placed an order on 21.10.2024 (Order Number: 53653188) and waited for weeks, but the tires never arrived. I had to contact them multiple times via email, phone, and even WhatsApp before finally getting a response. Frustrated by the lack of communication, I canceled my order on 08.11.2024.I was told the refund process would take around three business days, but here I am, almost three weeks later, still waiting for my money. Despite contacting them repeatedly, I’ve received no updates or resolution.The service at Reifendirekt has become utterly unacceptable. What was once a reliable company is now a nightmare to deal with. I will never order from them again and strongly advise everyone to stay far away.",0,1
"Ordered 4x 195 Bridgestone Winter and received 2x Bridgestone 195 Winter and 2x Hankook 205.Wrote to the contact adress to change the 2 Hankook -> no answer, nothing!",1,1
I have only received 3 out of 4 tires. I am trying to get in touch but it is impossible. The support page does not validate the Captcha and therefore the form cannot be sent. There is no support email. Now I am trying to call but I have been waiting for over an hour and it seems that there are 2 more to come. Terrible service I am truly disappointed.,1,1
"I order 5 weeks ago. I haven’t received the product. I wrote email, also from WhatsApp but nobody responded. Terrible experience this year.",1,1
Still missing the second tyre from my order. Have trouble to contact reifendirekt.chNobody answers.,1,1
"Tyre never came, tracking number says that it was delivered 2 weeks ago, even tho it should be delivered 2 days ago as it says on email. Trying to reach out with phone, but im waiting in line for 3 hours now. Worst expirience in my life!",0,1
"My order was delivered incorrecty and having complained and going online to fill out a ticket to have this rectified, I still have not received an answer. I have tried calling and at the moment Im still on the phone, waiting for someone to answer. I have been waitning to talk to someone for 3h44 min now. THIS CANT BE NORMAL!!! Im tuely dissapointed and this is what drove me to write this review. RD 53798419. Kunden-Nr23091424. Non of the phone numbers on the website work.",1,1
"This company is an absolute disaster. I place two orders for full set of wheels, incl. rims and winter tires. In one of the orders, the size of one rim was wrong - it took 4 weeks and 15 back and forth attempts to get in touch with them to return the wheels and another two weeks to get the money back. In the other order, the rim covers were missing and they are still missing 6 weeks later. Whatever money you save, you will regret that you are still dealing with them the moment something goes wrong with your order.Adding order numbers as requested by the company:53537916 - that's the order where one rim was of wrong size - it cost me a lot of trouble because I had to pick up the wheels from the garage, pack the wheels - they threatened that if they are not secured properly, I won't get my money back. Once the wheels got collected, it took almost 2 weeks to get the money!!! I actually had to pay the money to the garage because they already installed 2 wheels and the 3rd one was not correct so that they had to bring back my summer tires.53537914 - that's the order where the rim caps are missing - it's more than 4 weeks now that I'm not getting it sent. It's really unbelievable.1 star seems a lot in this case as 2 out of 2 orders got messed up and they cannot resolve them for 6 weeks.",0,1
"I will share my experience with this shop, which is very negative and I highly NOT recommend this place to buy tires.I ordered tires about 3 weeks ago, tires were listed as in stock and ready to send on their website. After 2 weeks I started trying to contact the shop to find out when my tires would be delivered. My multiple questions asked using all 3 official channels were ignored. I used their webchat, WhatsApp, and email form. None of these received any answer or reaction.Reifen shop customer service is a joke, unprofessional, and clearly not helpful. I still don't know when I will receive my tires, or if this even ever happen. It is winter, snow is on the streets, and because of the unprofessional service from Reifen,I can't use my car safely. I am now unsure if this shop is real or just a scam. I suggest to avoid this place and don't waste your money.",0,1
"I ordered the tires beginning of November. They were listed as available on the website with a delivery time of 2-5 days. After a few days I got an email mentioning a possible delay of a few days because the high amount of orders. Then they just disappeared. I tried to contact them via the internal chat with no result, with the contact form on the website, which does not work and finally using the phone. No result.Next step would be to contact the police to get my money back from these scammers...",0,1
"This is either a joke or a fraud!!Here is the story: i placed an order for a set of winter tires (RD 53702720) which never arrived. After two weeks of trying to reach out the customer service, i posted a bad review here and like magic, shortly afterwards the order was cancelled and a new order was issued (on 13.11.2024 - RD 53834780).I tried several times to reach their customer service and after several hours on the phone I managed to speak to them and they ensured that all was ok and the tires would be delivered.Again they made fun of me! Now, i cannot reach out to them in any way, my tires never arrived and it is snowing here! I cannot use my car unless i buy another set of winter tires somewhere else (which i’ll do for sure).Dear Reifendirekt, if you are reading this, be aware that i will report the transaction to the police and proceed with talking to my lawyer (as far as i can see there is enough material for a class action given the number of horrible reviews!), unless you issue an IMMEDIATE refund on my creditcard!!This is not acceptable and this company should pay for all the hours spent on the phone trying to talk to them, all the headaches for rescheduling appointments with the garage and ultimately the price of a new set of tired bought somewhere else!!HORRIBLE!!!! Nobody should go through this!!!--------------------------------UPDATE: I don't want to hear excuses! There are 10 cm of snow right now and I still don't have my winter tires which i order a month ago!As i told your customer service (after 2.5 hours in the line on the phone), if i don't see the refund of my credit card on Tuesday (THE LATEST) I will report this case to the police! I'm done getting fooled by you!!!!",0,1
"I ordered my tires over 21 days ago, not delivered, getting emails that they were delivered. Spending 2 hours to get to the call center with arrogant agents and conflicting information - every few days they tell me tires are on the way.",0,1
"Showed a delivery date of 2-5 days during the order. One month later - no updates on the order. Now snow came and the car is not usable. I don't know what to do. Calling doesn't help - keeps you at position 40 something. Who is liable for all the damages? Is this any customer protection here, this company should be banned from Switzerland.Will probably cancel the order and order from somewhere else.Update 21 Jan 2025: I had cancelled the order by the end of last post. Until today, 2 Months later,  I still did not receive my money back. I can understand that high demand can make processing the orders difficult. But what is with you not returning the money when you can't keep up with your orders and customer returns back. GIVE BACK OUR MONEY after cancellation.",0,1
"THIS IS A SCAM! WHERE IS MY ORDER???I cannot believe how horrible this experience has been! I placed my order WEEKS ago, and there is still NO SIGN of it!  Your so-called “customer service” is a complete joke—no one answers calls, no replies to emails, NOTHING.This is outright theft. I need a clear update on my order immediately or a full refund.",0,1
"15th October 2024 -ordered tires and rims on the website for 1'059.16 CHF (RD 53605972) . I thought i would receive my tires with plenty of time for winter considering the delivery times stated on the website.24th October - Received email mentioning delivery of the tires would be delayed by 5 days due to high demand.29th October - Received email with delivery details and a DPD tracking number. Delivery details mentioned the tires were sent on 16th October and DELIVERED on 21st October. DPD TRACKING NUMBER WAS NOT WORKING. HAS NEVER WORKED. DOES NOT EXIST.Panic started to set in. I then received a summary email with the following information.Ihre Bestellung ist am 15.10.2024 eingegangen.Das Lager hat den Auftrag am 15.10.2024 erhalten.Der Auftrag war am 16.10.2024 versandbereit.Der vorraussichtliche Liefertermin ist am 21.10.2024All of which is LIES and FICTION.I have tried reaching out to this company via Phone, Whatsapp, Email, like so many others, there is no information, no response, nothing to show that this company has not STOLEN my money and not provided the goods. I am left in a position where the SNOW is falling, i have no tires and with over 1000CHF lost.I see no option but to report the company and seek help from police.",0,1
All ok! Service and delivery!,1,5
Delivery did not work proberly as announced,1,3
"1 star is even too much. If there was an option for 0 I would give that. DO NOT ORDER FROM THIS COMPANY! There is absolutely no way to get in touch with them. It's a total scam. We already paid for the tires and it's been more than two weeks with no trace of a delivery. No information and no form of contact. We now have to buy tires from somewhere else and have to pay again. Absolutely outrageous!I would like to get a refund and cancel the order, however there is no such option. Absolutely disappointed and will make sure I never order from this company again!",0,1
"Easy to order, delivery on time and within just couple of days. Reliable and safe order and delivery, would further recommend",1,5
Uncomplicated and fast delivery. Delivery tracking also possible without login.I was very pleased with the delivery.,1,5
The tyres were 2 years old . Produced week 39 and 44 in 2022!! :((,1,2
"Clear & complete online-info on website,quick & reliable service with competitive prices.Have ordered tyres & wheels from this companyseveral time since more than 10 years.My best recommendations!",1,5
"No problems, easy. Great😁!",1,5
"Very bad service: outdated Internet site, inconsistent client service, delivery delays.",0,1
I'm still waiting for half of the order!,1,1
Good Tyre well packaged quick delivery 👏,1,5
"This is the 4th year I am ordering tires from this Reifendirekt.ch. They send the tires right away, along with emails when to expect them. No problems, excellent service.",1,5
5 weekes delivery time….,1,1
Fast delivery,1,5
"got very quick, what I had ordered",1,5
I have been delivered with only 50% of my order and for the moment i have no answer of my request,1,2
"I ordered 4 Continental winter tires on 10.10.2024. Was told a delivery date of 15.10, but got them a day early. I was so indecisive of where to order winter tires from because of all the bad reviews all the online tire stores have. We need more positive reviews!",0,5
"Well, where should I start, my first experience with Reifendirekt.ch was pretty good, my tires were good and the service wasn’t bad, tires on time, everything just enthusiastically oke.Now it’s a totally different experience, my tires were lost in delivery and the customers service was a waiting list form Switzerland to Hanover.. and after a month of mailing and calling, finally my payed tires have arrived, and no sorry or recall.. customer service can be much more reliable and efficient wenn the service has a upgraded..I don’t know why but they are not on point, still a moderate option.",0,3
"We are waiting since 1 month of our order. Payement of 900€ done by order. Afterwards no communication possible. Their customer service is somewhere out of Germany , after finally could through the line ( 2hours listing to awful music, three attempts to get on line with somebody, kicked out at the end 2 times.)Finally spoke to somebody who has no solution of the simple question , where is our package.Never experienced something like this",0,1
"Good, easy order process, good price.Unfortunately request placed on your customer center regarding delivery was never answered",1,3
everything fine,1,5
They have a very broad selection of tires and the descriptions and ratings are clear. They kept me up to date on a short delay in shipment and the tires were delivered promptly afterwards. The partner that installed the tires was reliable and did not need to wait long for the installation.,1,5
Price changes within few days are not explainable.,1,4
"This is my third shopping experience. The first and second time everything was allright.Recently I've ordered 4 winter tires. They only send me 2 of them.I've filled contact form on their site, informing them about this problem. Got completely ignored.Never buying from them again.I didn't want to wait so I already bought 2 from another shop. Thats why I would rather get the value of the 2 missing tires from your shop refunded.Got an email from you (10th October) that I would get a refund next day. Today is 14/10/2024 and I still didn't get my money back. How long do I have to wait?",1,1
"Great choice, fast shipping",1,5
"As useal, perfect service, this time delivery even faster ever before.price-value, perfect. Im a proud customer since >15y.",1,5
Super Super,1,5
Super service,1,5
"Catastrophical service and company. First the delivered the wrong tires and when you call support, they never respond neither through Whatsapp nor through their online form.Amends: The reply to this review was merely to minimize the damage. The continue to ignore customers after having screwed up.",1,1
"Good store, quick delivery and no hassle shopping, best prices on motorcycle inner tubes.",1,5
"Last year, I placed an order for tires that were never delivered. After countless phone calls, most of which were either abruptly cut off or left me waiting on hold for hours, and endless attempts to reach out via social media, no one from your company could explain why the order had no estimated delivery date and was supposedly stored in a temporary warehouse, without any clear reason.To make matters worse, you had the audacity to charge me twice for the same order. This kind of mistake is unacceptable, but what truly astonishes me is the complete lack of competence and accountability shown by your team. The customer service experience was nothing short of appalling—unprofessional, unresponsive, and completely dismissive of the issue at hand.After enduring this dreadful experience, I had no choice but to cancel all my orders and demand a refund, as it became painfully clear that your company is not only incapable of fulfilling a basic order but also indifferent to the concerns of its customers. Now, after a year, I receive an invoice from your company claiming I owe payment for tires that were never delivered. This is beyond absurd—it’s insulting.To make matters even worse, after receiving this invoice today, I spent the entire day trying to reach your company through WhatsApp. Unsurprisingly, your team once again demonstrated just how useless they are at providing support, completely ignoring my request. Not even a single response or explanation was offered—just more of the same incompetence that I've come to expect from your business.How can you possibly consider yourselves a trustworthy company when you can’t handle the most fundamental aspects of running a business? From the shocking lack of communication, the blatant disregard for customer satisfaction, to the inability to deliver on your promises, this situation has highlighted how unreliable and disorganized your operations are.Frankly, your company has proven to be a complete failure in every aspect, and it’s laughable to even think you would dare to demand payment for a product that never arrived. You should be ashamed to label yourselves as a reputable business when your customer service and overall reliability are an absolute disgrace.",0,1
Easy to order and quick service. Everything perfect.,1,5
They send 3 tires and next day number 4 without any notification???,1,2
items are paid but 15 days later still not recivet,1,1
"Update!!!Finally the tires were collected 9th of August by courier...but... as today 23rd of August I did not receive refund... Again several emails with no respond. It is very frustrating that company is not able to keep promises and is not interested in current and possible future customers. It should be in company interest to fix the issue and at least communicate with clients like me.Unfortunately very bad experience. I tried to exercise the right to return the tires. After many emails finally I receive corrected invoice and I was informed that courier will collect them on 18th of July... So... I took day off from work... Courier did not show up... After several emails I am still in ""possession"" of unwanted tires. No response to my emails... Today is 7th of August. I ordered the tire on 1st of July. Bad experience. Never again.",0,1
"I ordered four summer tires on June 2nd, and today is July 8th, yet I still haven't received them. Whenever I call, they promise to send me an email with the order status, but they never do. The garage that is supposed to receive the tires has no information and hasn't received any emails. Now, I'm once again waiting on hold, currently at position 20.The service is terrible, and the customer service is even worse. Their behavior is irresponsible and unprofessional, and I have no indication that I will receive my summer tires this season. What’s worse is that I have received no feedback from Reifen Direkt. This isn't the first time either; I faced the same issue with my winter tires earlier this year. It's sad that a company operates in such a manner.15.07.2024 update: I initially placed an order for tires on the 2nd of June with order number RD52830209, which was canceled by you on the 8th of July, and got a new order number RD53029489. Unfortunately, my garage was never informed about anything.Today is the 15th of July, and I am still without any information or updates regarding my order. I have already been waiting for over an hour to receive any assistance or clarification,  and I was disconnected while on hold as caller number 4.This situation is extremely stressful and, unfortunately, highlights a lack of professionalism in handling my orders. I urge you to provide an immediate update on the status of my tires and expedite their delivery to avoid further inconvenience and to communicate with garage as well.",0,1
"I ordered tires from reifendirekt.ch over two weeks ago and havent received anything yet, even though the shipment was 4-5 work days. It is extremely frustrating that neither calls nor emails are being answered. Even the contact form on the website seems useless, as I haven't received any response through that either. RD 52729523",0,1
"Very bad online store.  The order was placed on 3/4/2024 and until now 2/5/2024 no delivery and no information regarding the order.  They do not respond to email, no response to messages via the form.  I guess I lost my money or if by chance something is delivered there will be a problem.  As I read many people have a problem and still no one solves anything.  Probably the whole thing needs to be inspected because the money for 4x tires is quite enough.  Very bad or rather no communication with the customer, ignorance.  In today's world, it is incomprehensible to afford such a thing. Even that one star is too much... RD 52490903",0,1
I have placed order for summer tyres on 15.04.2024. Delivery was to be doen in 1-2 days. Today is 24.04 and I have no idea when delivry will take place. The guys are no reachable and get useless message by std email and chatbots. Delays can happen but comunication to customer is important in such instances. Very frustrating experience.,0,1
I made an order 05.04.2024The order never arrivedI called 4 different numbers 20 min each so they only give me a different number to call again.Totally waist of moneyScam!,0,1
Impeccable,1,5
"After waiting for 1.5 months to have tires delivered, they finally arrived.Since it was too late, I had to return them and they arrived back to Reifendirekt on 17th of January. Now it has been 1.5 months again since the return and refund hasn't happened. No response to any contact.RD 51750182.",0,1
we were wated for months to receive an answer concerning an incorrect delivery. no customer support. not recommended.,0,1
"They dont answer E-Mails, they made a wrong delivery two times, and at the end when you want to cancel your order you won‘t get your money back. Even if you send letter from your lawyer they will not react. The strange thing is that as of my last order in 2020 his services and the costumer experience was acceptable. I think the company is moving in the wrong direction. I won‘t order anything there again.",0,1
"Perfect handling and delivery, perfect fitting partner.",0,5
All good. Thevtiming snd quality as expected.,0,5
"Really unbelievable, after emails, calls, after they answer me here, where to email. Still my I have not get the refund. Please never order anything in this website, sucks. SINCE OCTOBER 2023.",0,1
"RD: 519917091Since you don’t answer to my emails, but you answer here. I answer to your message here instead. I don’t want a refund, I still need my tires and please send them ASAP mit express..You have already asked me 3 times if I want refund or the tires, and I have answered to these emails every time but you never send the tires. So please, I’m tired of trying to communicate with you and never get answer back. Just send the tires and give me a tracking code that I can follow the package correctly. Thanks…",0,1
"SCAM!!! Do not use, they lied about having the tyres and two months later they still have 600chf of my Money! Will be using a debt collection agency to get it back!",0,1
"Sloppy workordered tires with rims.1. the tire is letting the air go. It wasn't fit properly2. wrong tire rotation. I have 3 tires with a rotation for the left side of the car and 1 tire with a rotation on the right side of the car.Seeing such sloppy work makes me worried about the quality of the work done with the rest tires.Also, not as important, but worth noting: the delivery didn't happen in 3 business days. I've ordered on 5th December and it was delivered on 18th December.I have contacted them regarding the issue. Will let you know later their reply.I will change my rating if they agree to refund the cost of refitting that tireUpdate: 1 of the tires came broken",0,1
"I've ordered tyres and the rims. They have sent rims with missing screws and damanged rim cap. There is no contact with the shop at all, no response from email. Contact by phone is not possible. I had to order missing parts from another shop. I don't recommend.",0,2
"Ordered winter tyres which were in stock on November 9th - still no message about status update, impossible to contact over customer service (chat and email never answer, phone identification fails and informs that you are number 30-60 in line.. Now I can’t drive my car, can’t get refund, had to cancel workshop appointment. Ordered from reiffendirekt.de several times previously, was always happy with delivery timing. It’s a real shame that .ch is such a failure",0,1
"Delivery within 3-4 days, no complaints. This is my 3rd order with good online experience. Will come 4th time.",1,5
"Easily searchable website, and fast delivery. One small minus is that some parts could have been made of aluminum, such as plates for side bags.",1,4
"I am very happy with the delivery of my 2 V-Trec levers for my Kawasaki ZX-6R ‘09.
Great choice, many variations possible.
Quality products and for a fair price.
Fast delivery with a lot of delive...See more",1,5
I have a positive experience with Motea store. The shipment was missing parts for the side case carriers. Customer service responded to my appeal immediately and in 5 days I received what was missing....See more,0,5
"Websites like Motea are like stumbling on a pot of gold. They have things you want and also things you didn’t know you wanted!
Support, communication and delivery are top notch, what else?
And if y...See more",1,5
"Despite the description stating it fits the BMW R12, the left crash bar is too close to the gear shifter (only 3-4 cm clearance). I don't recommend it as-is. Even though a refund was offered right awa...See more",1,3
"It arrived in a few days, the product is as I expected, precise, fast seller. I can only recommend it to everyone, I will order from them again if I need motorcycle accessories. 
Thank you!",1,5
"Hi,
I ordered three Craftride items for my Street Bob. A large windshield (WST5), a pair of side-cases and a pair of mini- foot boards for the pillion rider. The cases (SC6) and the footboards are fa...See more",1,3
"Hello,
I ordered cases with a holder for a Moto 900 GS 24/25. The cases arrived very early (March) although the order confirmation said they would arrive in July.
Unfortunately, the holders for the...See more",1,3
"Fast shipping 
Only two things too connect the wires correctly , amazing!! And Ce omologate for Italy generic custom bike",1,5
"The company's customer support contacted me just a day or two after it became apparent that my package got stuck, since the delivery service was missing some information. 
After they passed on my ad...See more",1,5
"Thanks 👍. 
Appreciate. 
Delivered in Romania. 
Perfect. packaged was completely sealed. Happy with hand guards . 
I ordered many times from Ireland.",1,5
"Good heavy duty bike stand, well made and in a choice of colours. DHL were quick in getting them from Germany, but only as far as the local An Post depot. I had to go pick them up as they were too hea...See more",1,5
"The goods were delivered quite fast and the look of the top case looks very nice. However in the specification of the Bagtags XB28 it is stated it is made from 2 mm Aluminum, measuring the material I...See more",1,3
"You order an item, it arrives within an acceptable lead time. The item meets your expectations. No more to be said here.",1,5
Purchased a ConStands black Paddock Stand Power-Evo stand for my Kawasaki delivered to the UK with £65 import tax (have to blame the crazy idea of Brexit for this). I ordered a bracket specific fo...See more,0,5
"I confirm that I am very satisfied whith the purchase, both from the quality of the producț end the price, which I consider very satisfactory, as well as from the reliability of the delivery times and...See more",1,5
"very happy with my goods received i highly recomend and will be back soon , communications are excellent on tracked packages , this is a top notch company 👍👍👍👍",1,5
Everything was great! The websop is perfect. The help center answered quickly to my questions. Received the ordered item fast. What else need customer? Top,1,5
"Good product, but the hard bags doesn't come ready for installation, you need to do all the measures and holes.",1,5
Still waiting for delivery. UPS say I owe £50 import tax but I am never home when they attempt to deliver,0,3
I didn't expect the products to be delivered so quickly and of such high quality. I'm satisfied!,1,5
It came fast did not put it together yet but I trust it will be fine. That’s not the first time I buy from Motea was always very good. 👍,1,5
"Ordered a crash-bar, came in super quickly, took less than a week to arrive and was given to the transport company 2 days after my order. Content is great and fits the bike",1,5
"First of all i ordered from a .co.uk site expecting to deal with the UK. Some of the orders came from Germany, and i had to pay import tax. 

The order itself: Incorrect fitting parts arrived...See more",0,1
"The delivery was fast, the price was traceable. The quality of the price is good and flawless, the packaging was strong.",1,5
"Just a point of interest, I have purchased several items from Motea over the last two/three yrs. Most recent was a pair of Constands bike chocks. All my items have arrived, no issues. However, I see a...See more",0,5
"Nice product, The instructions needed to be much clearer. The bushes for the Stand are represented differently in assembly. Left side of main hinge shall be having first washer, stand and then the bus...See more",1,5
Great service super quick delivery. Product is great and with a discount code delighted 😀,1,5
"Quickly delivered 
Confident forwarder - Belgian Post
Well packed
Very good price",1,5
"Extremely disappointing experience with Motea. I ordered a sissy bar, but it arrived without the necessary mounting screws, making the product completely unusable.

It makes absolutely no se...See more",0,1
The website was so easy to use. I found what I needed right away. I was kept updated on all movements of my purchase through it's journey from Germany to Ireland. As a first time customer I am more th...See more,1,5
"It was a fast and exact delivery, I am happy with the price and product and I can strongly recomend Motea to everyvone",1,5
"provided moto part did not fit to KTM 890 adv 2021 due to break fluid reservoir. Motorbike has all  original parts and it is standard model.

Update: thank you I’ve already returned the goods.",1,4
Ordering was easy and delivery was very fast. The product looks great!,1,5
"I bought a dolly wagon great product but full of scratch marks and one wheel were broken so the break didnt work.
Have tried to contact motea for 1h now but it says error try later. And ups messed up...See more",0,3
"Quality products.
Continuous keeping in touch about the delivery stages.
Very good prices.
100 percent trusted seller.",1,5
"83000001033  Order of 3 items did not arrive at once. 2 of the three items arrived. The email with the delivery confirmation arrived automatically, 3 items. I thought that one of the three items was l...See more",1,3
"Extra large assortment
Often interesting discounts
Fast delivery
Excellent customer service

Thank you, I look forward to future purchases!
Ludovit",1,5
What an absolute scam . When ordering 4 to 7 days now just recieved a non reply email that delivery is 6 months away. Can't even contact them. Please all these reviews are most probably scams,0,1
"It is really easy to use motea, because it's got a really good website. I got a -45% coupon which i can not get anywhere else. Shipping was great. All my parts arrived in mint condition.
Deserves 5 s...See more",1,5
"Quality items ata reasonable price. 
Well packaged and fast delivery.",1,5
"Great quality and very good prices.
The communication was also very good.",1,5
"On November 21, 2025, I placed an order for ""Racing screen with ABE, suitable for Yamaha YZF-R7 21-25 Airad RC69 Racing Windscreen, dark tinted 10064D"" for €99.99. I haven't heard from them since. I'v...See more",0,1
"The Handguards that were delivered were not compatible with my bike Suzuki dl650xt), despite the explicit description on the website. An avoidable mistake!",1,3
Very easy to deal with fast dilivery no hassle great payment system,1,5
"I ordered hand protectors. Untunately, I received two for the right side. After a phone call, I was promised to receive an email. I was supposed to reply to this email with a corresponding photo. Unfo...See more",1,2
"Perfect company 

Fast delivery and good prices",1,5
BEWARE! The email provided on here doesn't work and these reviews on here are probably fake. Check out their Social media and see tons of comments about product never arriving.,0,1
Delivery was fast and package came  straight to my home door. Tracking of the order on the way was made easy. Quality of the products 5/5,1,5
Fast shipping and great prices. Highly recommended!,1,5
"I will be very honest. I’m really disappointed with the quality of the product. The headlight housing is Triumph Scrambler 1200XE specific, but the cables don’t even fit in the housing. I also have a...See more",1,1
Fast delivery. Well and securely packaged for transport.,1,5
"Hello,
Delivery of good was difficult.
Package arrive in Romania and, after carrier answer, my complet adress and contact phone number doesn t exist anymore.
I send 3 emails and i was at Cargus cur...See more",1,1
Order has been shipped very quick and all was good quality!,1,5
"Very deceitful company. I ordered home products. The Pictures, description and even the instruction download for the products are complete different from what was received. I Tried to reach customer s...See more",0,2
"Great product, poor customer service! 

Be warned, Motea GmbH will pass on the cost of import and brokerage charges duties to buyers outide of Germany. This is not fully transaparent at the time o...See more",0,1
Fantastisk produkt at a reasonable price shipping is on time,1,5
Good products. Good prices. Quick deliver. Nice job.,1,5
"Instead of a new product, a used one was delivered. Once, never again Motea",1,1
"Good price, fast delivery",1,5
I would give a lower score but 1 was lowest I could give. Got stung nearly £100 in customs then product arrived without instructions. The phone was an automayed message that says when they can be contacted (except thats a lie) and rings off. The help feature on their site is a.i. crap that just repeats the not answering number. After an hour we find the 'instructions' page...there are no instructions on it! Absolutely crap. DO NOT BUY FROM MOTEA.,0,1
"Very professional, very helpful, and the product I received works and looks great, thank you.",1,5
"I received a defective product and sent photos to the company showing the product is damaged and defective. The defect was internal so it couldn't be blamed on the courier service. I asked for an exchange and they offered me a 10% discount if I kept the damaged and defective product. If something is damaged, why would a 10% refund be considered as a suitable offer. I then stated I would return the item for an exchange but would expect them to honour the import tax charges on the replacement item as I had already paid this once. They declined to pay and stated it's not their responsibility that my government applies these charges.I now have a choice, remove the item from by bike that took me over an hour to fit, pack it, return it and then wait for the replacement to be sent and pay the import tax AGAIN (£60), or a 10% discount and keep a product that is defective.Or send it back for a full refund and lose the £60 import tax already paid. Unless that can be claimed back through a very lengthy process.",0,1
"The product is good, came in time. Packaging was fine. I consider buying again.",1,5
Good quality as expected and fast delivery.,1,5
"Hello, I need a physical email address where I can be contacted.",1,3
"Good price, ok delivery time, nice product",1,5
Great Service and prompt delivery of items.,1,5
"I didn't get what I ordered: the picture showed it in chrome color, which is what I wanted, but instead they sent me a black shock absorber.",1,3
"I receive first lower engine guard but I pay for both upper and lower, since I didn't know what happened I call Motea and spend time to get info that they will send upper engine guard separately, strange. They could at least inform me. Engine guard as item is OK, fit to my bike.",1,4
Everything was smooth and fast.Thanks.,1,5
It was easy for me to find the right Product. Also the Payment was uncomplicated. The delivery was very fast it only took 2 Days,1,4
Fast and professional process and delivery. Thanks,1,5
When I orderd a headlight guard it said on the site that it would fit my model of bike. But it didn’t!Really bad!,1,1
Motea is probably the best online site I've dealt with. Always prompt delivery.Always exactly what I've ordered. Always satisfaction.,1,5
"Everything s fine, fast delivery, good quality",1,5
Good and fast service. Last deliver I will send back because that was ordered wrong . My mistake. So I hope that I will get money back,1,5
"Excellent product quality, fast shipping and was well packed.",1,5
Never received my order. Poor choice of shipping options.,1,1
I ordered a tachometer which was to complex for what I wanted. You helped me by changing it to a version which fits my needs. Thank you for that... 🙏🏼,1,5
As before everything perfect first class communication and delivery👍👍😊,1,5
Sve je bilo super i jako sam zadovoljan.Pozdrav,1,5
BonjourIl n’était pas précisé dans la description de la protection des valises qu’on ne pouvait plus installer les reposes pied passager .Dilem,1,2
5 ⭐️ service5 ⭐️deliveryThank you,1,5
"On December 23rd 2025 I post a 1 star review under “I thought Germans were meant to be efficient?” for their ‘Shelter Garage Cover for Motorcycles, Quads and ATVs Folding Shed’ expressing my dissatisfaction with the customer service experience, today, March 25th, I come back with another 1 star review, I returned home to find the fabric part of the shelter completely removed from the frame due to some wind where all of the stitching failed. Sub-quality products worth one thirtieth of the price. Oh and also an £80 invoice months after having paid all delivery and import fees for ‘an adjustment in delivery cost’. This company is not worth the gamble, go elsewhere",0,1
"Totally disappointed, I have an order in processing and I can't cancel it. The delivery time is 5 months!!! This is not possible! There are procedures for cancellation that I can't complete.",0,1
We have only received one of the four packages? Please help us resolve this.,1,1
"Very good product, I'm satisfied so far, delivery was fast and without problems.",1,5
"Your handling of my orders is unacceptable and amounts to outright disregard for your customer. Both of my recent orders were processed incorrectly. On both occasions, I ordered motorcycle side cases. The first time, I received an incomplete set, with cases in different colors, which caused further complications with the return process. Additionally, the completion of this order took nearly six months. The second time, after placing an order for new motorcycle bags, I once again received an incomplete delivery – only one bag was sent. The level of service you provide is utterly disgraceful.",1,1
Always had a good service from motea happy to buy again,1,5
Order was quick to ship and the items were well packed.,1,5
Item arrived open. Item had bits missing. Not even sure if correct item sent for relevant bike as looks different to pics/video on. Rang UK number 'shocking' customer service very rude and over talking  . .,0,1
"very easy to order, fast delivery, well packaged",1,5
"Worst company ever, I ordered a wind shield July 2025, now its March 2026. Still no delivery, they do not reply to you, don’t buy anything from them",0,1
"All products we bought were in good condition, well packed, delivered soon and followed the previous description. Recommended",1,5
"Good communication,perfect packing end fast delivery",1,5
"Good, yeah…",1,4
5 star plus :) i have always had good purchases via this site,1,5
The part was easy to order. It arrived on time and fitted perfectly.Regards  - Denis OSullivan,1,5
"Recently ordered an exhaust for my ZRX, when it arrived  it didn't fit gutted !!sadly it would have been great (my mistake) Beautifully made & excellent quality & price 👍 asked for a return &,refund all conducted perfectly great quality & super professional company to deal with cheers Rob",0,5
"Mt142 bags can not be strapped tight like a-brand bags. In 2 days both sides where teared broken with normal loading. Save 100,- extra and buy Enduristan or an a-brand product. Not this cheap stuff.",0,2
"When buying tires, it would be good to get information about the year/week of the production.Same tires, different prices, different ean codes. But what is really the diff?",1,4
"Quick delivery,  goods arrived well wrapped in perfect condition good quality.",1,5
i've placed order last december and never see the delivery cames,0,1
Great service super quick delivery. Product is great and with a discount code delighted 😀,1,5
It came fast did not put it together yet but I trust it will be fine. That’s not the first time I buy from Motea was always very good. 👍,1,5
Everything was great! The websop is perfect. The help center answered quickly to my questions. Received the ordered item fast. What else need customer? Top,1,5
"Bought a motorbike dolly mover from them and that is of good Quality , my gripe with them is after receiving the item, about 2 weeks later getting an invoice from UPS claiming I owe them money for delivery of item, after ringing UPS regarding this and them saying if I don’t pay it I’ll end up with a county court judgement against me. I’ve sent loads of emails asking why I’ve been billed for delivery but they don’t even have the decency to reply to any of the emails. Very poor customer service so avoid if you can or you will get billed extra without you knowing anything about it, it’s not about the money, it’s the way they lie to you then blank you",0,1
provided moto part did not fit to KTM 890 adv 2021 due to break fluid reservoir. Motorbike has all  original parts and it is standard model.Update: thank you I’ve already returned the goods.,1,4
"I am very happy with the delivery of my 2 V-Trec levers for my Kawasaki ZX-6R ‘09.Great choice, many variations possible.Quality products and for a fair price.Fast delivery with a lot of delivery updates through email.Definitely will order again in future",1,5
Super doporucuji,1,5
the product fits perfect and it  arrived quickly,1,5
Good quality bag,1,4
"No holes drilled, product was late, returned and they only gave me 40% return back even though it was under warranty",0,1
"Extremely disappointing experience with Motea. I ordered a sissy bar, but it arrived without the necessary mounting screws, making the product completely unusable.It makes absolutely no sense to sell a product that cannot be installed without essential components, and even worse, not clearly inform the customer about this.What is even more frustrating is their response — a complete refusal to help or offer any solution, simply stating that the mounting kit is a separate item. This shows a total lack of customer care and responsibility.At the very least, they should clearly communicate this or offer support, not leave customers stuck with an unusable product.Customer service is rigid, unhelpful, and not customer-oriented at all.I strongly do NOT recommend this company. Avoid if you don’t want to waste your money and time.",0,1
"very good products, does fit my model as precised in the online shop",1,5
"Price, delivery, various parts offer are excellent",1,5
"ordered a motorcycle stand. they never cleared it with customs. i emailed a few times as a reminder to send fedex an update, no reply to all emails. so never recived the item ordered",0,1
All perfect thx,1,5
It is good with a few weak spots.,1,4
no manuel. no accesible customer service.,1,1
"Unprofessional and impolite customer service. I purchased a desk for €140, including transportation, on March 4, with a delivery window from March 9 to 17. I received a tracking number that never functioned. Despite multiple attempts to contact them, I only received automated responses that restart after two questions. After 10 days of silence, I contacted PayPal, which responded immediately by refunding the full amount. Interestingly, they finally responded by email to confirm the cancellation of the purchase. I expressed my dissatisfaction with their slow response and lack of professionalism, but their reply, like everything else, was insufficient.",0,1
"Fast delivery, good price, good quality",1,5
"Websites like Motea are like stumbling on a pot of gold. They have things you want and also things you didn’t know you wanted!Support, communication and delivery are top notch, what else?And if you’re patient enough, you’ll get a 45% discount on random days, what a hit!Thank you everyone at Motea.",1,5
"Good product, but the hard bags doesn't come ready for installation, you need to do all the measures and holes.",1,5
Arrived fast and good quality,1,5
Still waiting for delivery. UPS say I owe £50 import tax but I am never home when they attempt to deliver,0,3
"Great product, poor customer service!Be warned, Motea GmbH will pass on the cost of import and brokerage charges duties to buyers outide of Germany. This is not fully transaparent at the time of purchase (lost in usual T&C's). When queried I just received a frankly rude and racist response from theor customer service dept i.e. ""  With all due respect, the political and commercial situation of your country is something you should be aware of, rather than placing the responsibility on the seller.Ultimately, it was your decision to purchase from a German shop. And realistically speaking, how could a message highlighted in red at checkout be considered unclear?""",0,1
Fast delivery. Products like offered!,1,5
"Easy website to use , and fast delivery . Excellent service",1,5
"Easily searchable website, and fast delivery. One small minus is that some parts could have been made of aluminum, such as plates for side bags.",1,4
"Extra large assortmentOften interesting discountsFast deliveryExcellent customer serviceThank you, I look forward to future purchases!Ludovit",1,5
Great experience. Fast delivery,1,5
Still haven’t got my package. Very difficult to get in contact with motea.,1,1
Very easy to deal with fast dilivery no hassle great payment system,1,5
I bought straps for my motorcycle and they delivered a license plate bracket and turn signals.Hoping we can fix this problem soon,1,1
"You order an item, it arrives within an acceptable lead time. The item meets your expectations. No more to be said here.",1,5
"The delivery was fast, the price was traceable. The quality of the price is good and flawless, the packaging was strong.",1,5
Great experience! Fast delivery to Auatria!,1,5
Quick efficient service. Quality items,1,5
"great product works perfect. just to leave a comment about transportation, the box arrived in terrible condition, and I was even worried that some parts might be missing because it had huge holes, It was transported without any care..",1,4
"Disappointed and frustrated is the polite choice of words for my experience with this item and company.Brought a universal pannier, does not fit safely to the motorbike after many hours of adapting it and needs specialist part making to ensure safe fit. No instructions be warned as they will look and not have anything except universal soft pannier bag instructions attached on the website and the items do not come with instructions!upon wanting to return the item you will be charged an additional fee to return! as they require proof of item defective etc etc. If you wish to raise a complaint for return of defective ou have to contact the customer services (i have decided to take the financial hit from them and pay the £7.99 as I don't want to speak with the rude customer services agent, who clearly has no manger to speak to as laughed and said this was not possible)Of course frustrating but on calling the customer services polite to begin with but when explaining item is boxed for return and that it was as no instructions were available they scoffed and said look at the description and tell me where it says there will be instructions as its universal like I was stupid!then would not allow me to talk but talked over me instead of allowing me to speak.Be warned poor outcome... however for anyone in uk, you can hopefully reclaim the shipping import tax via gov website but need to have account and access to certain forms and can take upto 30 days to get this money back.UPDATE - after a couple of very helpful calls with Lorena in customer services she has assisted me hugely with the paperwork required. She is an asset to Motea and as she was so helpful I would now give the company 3 stars! Instead of the original 1.",0,3
Shipped item in time. Quality as described. Good value for money,1,5
"I will be very honest. I’m really disappointed with the quality of the product. The headlight housing is Triumph Scrambler 1200XE specific, but the cables don’t even fit in the housing. I also have a feeling MOTEA is just reselling Temu products. Afterwards I noticed exactly the same product was listed on Temu for 1/3th of the price. Overall disappointed.",1,1
Do not buy anything from Motea. The item I bought is rubbish. They make it impossible for you to make contact with them,0,1
Thank you . Everything is good,1,5
"Great product for the money, very professional good packaging.",1,5
fast shipping. good gear.,1,5
Super rapide merci,1,5
Quality items ata reasonable price.Well packaged and fast delivery.,1,5
"Despite the description stating it fits the BMW R12, the left crash bar is too close to the gear shifter (only 3-4 cm clearance). I don't recommend it as-is. Even though a refund was offered right away, I've chosen to modify the part myself instead.",1,3
"Good price, good product",1,5
"Fast shippingOnly two things too connect the wires correctly , amazing!! And Ce omologate for Italy generic custom bike",1,5
Great shopping experience! Again!Good value for money.,1,5
"It arrived in a few days, the product is as I expected, precise, fast seller. I can only recommend it to everyone, I will order from them again if I need motorcycle accessories.Thank you!",1,5
"Very deceitful company. I ordered home products. The Pictures, description and even the instruction download for the products are complete different from what was received. I Tried to reach customer service via the web to send pictures, and that does not work. I tried the return portal only to receive a USA UPS carrier return label that would not work in EU where I ordered the product. Reaching customer service is not possible to resolve the matter.",0,2
Very impressed with level of service and communications right from the very start and to a resolution with the process very easy.,0,5
"Customer support is shit, you have all else in my replyes.You are very sorry, but yo uhave not replyed to my email showing you the your website giving the wrong information. But yes you will reply and issue an appology, without fixing the problem!",1,1
"I confirm that I am very satisfied whith the purchase, both from the quality of the producț end the price, which I consider very satisfactory, as well as from the reliability of the delivery times and traceability. I recommend this company” MOTEA” with full marks.",1,5
"First of all i ordered from a .co.uk site expecting to deal with the UK. Some of the orders came from Germany, and i had to pay import tax.The order itself: Incorrect fitting parts arrived after putting my make and model of bike into the system. Sissy bar didnt fit, Forward Controls were cheap chinese parts you can buy off temu for under $100. Rear passenger pegs never turned up at all.Returns: Impossible to return items. They said I needed to pay for returns even though it was their mistake, no postage labels were ever sent to me, 30 days return period exceeded, and I'm stuck with scrap metal parts and over 690 GBP out of pocket, EXCLUDING import fees. OVER 400gbpRadio silence from that point on, no replies from customer service and no help via telephone. The website is designed to take you around in circles and get you zero answers. Chatbots are awful and useless. Hoping Revoluts' dispute team find a solution.ORDER NO: 30000156412",0,1
"I did not see option for delivery to Bulgaria - country in Europe, with euro curency, and very politely asked how can i order? - Answer was ""no delivery, no explanation, no discussion... "" sure its Europe open borders - i have ordered with delivery to Romania instead and i got my parcel, BUT this deserves to be reported to Customer protection agencies in EU!",1,2
"83000001033  Order of 3 items did not arrive at once. 2 of the three items arrived. The email with the delivery confirmation arrived automatically, 3 items. I thought that one of the three items was lost. After trying to find it in DHL and the chatbot assistance, I managed to find a mention of the planned delivery of the third item. I don't want to feel like my paid package is lost anymore. Only cash on delivery.",1,3
BEWARE! The email provided on here doesn't work and these reviews on here are probably fake. Check out their Social media and see tons of comments about product never arriving.,0,1
I have a positive experience with Motea store. The shipment was missing parts for the side case carriers. Customer service responded to my appeal immediately and in 5 days I received what was missing. The only confusing thing is finding the customer service email. I sent it via the email I placed the order through. They got back to me immediately within 2 hours. To be commended.,0,5
"5 stars, very happy with the material",1,5
Great experience. Went perfectly. Recommended.,1,5
Quickly deliveredConfident forwarder - Belgian PostWell packedVery good price,1,5
Quality products.Continuous keeping in touch about the delivery stages.Very good prices.100 percent trusted seller.,1,5
Fast shipment and the quility of product was as expected!,1,5
All okay 👍Thank you 😊,1,5
Order has been shipped very quick and all was good quality!,1,5
"The Handguards that were delivered were not compatible with my bike Suzuki dl650xt), despite the explicit description on the website. An avoidable mistake!",1,3
Quality of the product is exceptional.,1,5
"Fast shipping,  good quality.",1,4
Fast shipping and all as described.,1,5
top !!!!!!!,1,5
Delivery went as planned,1,5
Fast delivery.,1,5
I received the central stand and the product is great but I received an email from the shipping company that I owed an extra $170 for shipping.The product is great but I wish that this was disclosed before I purchased it. Otherwise it would have been a 5 star rating,0,3
"Bought a hanging chair. Excellent quality, quick delivery",1,5
"Nice helmet box , easy  to fit ,, happy with product",1,5
Exactly what I wanted at a seriously low price and fast,1,5
"Fast service, parta that's fits and good information",1,5
"Nice product, The instructions needed to be much clearer. The bushes for the Stand are represented differently in assembly. Left side of main hinge shall be having first washer, stand and then the bush comes. The right side shall be other way around.",1,5
"I had a problem with the delivery due to DPD courier incompetence, the lady in UK motea help centre was the sweetest most helpful woman, she helped me make a new order and made sure it’s delivered on time. Big thanks!",1,5
"With quick delivery and precisely explained item’s functions, it was really great experience and pleasure making a business with you.",1,5
"Great product, good price, very fast shipping!",1,5
Part arrived today and fitted perfectly,1,5
Parcels are always late. Communication with you is impossible.My last order should arrive on 27/2 and instead it arrived one week later. My previous order was late for a month,1,1
"None of the 3 parts i ordered fit my bike. I searcched for my specific model on the site, but the center stand and the handlebar risers are not made with the right parameters. The engine guard is sadly not compatible with the GIVI crash barss I already have installed.",1,2
Easy to find stuff and to order. And now I have the issue that the parts I ordered are not the ones that I had in mind. No problem to swap them.,1,5
Fast delivery. Everything works perfectly! Good price/quality.,1,5
"Really quick delivery, great quality product- sturdy and well made.",1,5
"Great products, fast delivery!",1,5
"The goods were delivered quite fast and the look of the top case looks very nice. However in the specification of the Bagtags XB28 it is stated it is made from 2 mm Aluminum, measuring the material I came to not even 1 mm. So this is not correct and lack of quality, disapointed on that point.",1,3
They state free shipping then won’t release your item till you pay some tax thing adding loads extra too your order!! Do not order from this company,0,1
I ordered a set of driver and passenger floorboards for 2005 victory Vegas and shippings was shit and the product arrived and absolutely none of the stuff fits neither front are back assembly works. And trying to talk to somebody is impossible I highly recommend spending a little more money and ordering from somewhere else. I can’t even talk to anyone about trying to get the correct hardware.Yes If yall want to review the order fine. It’s a 2005 victory Vegas 8 ball. Factory pin slots for the front floor boards. The comments are too long and wide to fit. There is not a place to ask for a review on your website. Order number# 67000065230,0,1
Super fast and totaly top ProductRespect,1,5
"Just a point of interest, I have purchased several items from Motea over the last two/three yrs. Most recent was a pair of Constands bike chocks. All my items have arrived, no issues. However, I see a review from a customer who bought Craftride bars for his model HD, they did not fit after being assured they were correct on the website. I purchased a set of these Craftride made bars for my Crossbones HD several years ago. I checked all the info before buying, and when they came well packed etc,etc, they did not fit my bike either. Motea refunded my account, told me to keep the bars just as I have read in the other buyers report. I too have bars hanging in my shed. When I got another set of bars (yes they were more expensive) the Craftride were inferior, rough welding and shabby coating. Motea as a company are good to deal with, good pricing, fast delivery and I am still buying products from them. Shame to see the issue identical to mine is able to arise years later!!",0,5
"Excellent product,  delivery and service",1,5
"Happy with the fairing, very good for the price.  install Instructions are terrible, headlight kit does not fit the FXBB, had to buy seperatly from another supplier.",1,3
Super fast delivery 📦. ⭐️⭐️⭐️⭐️⭐️,1,5
"It took wery long time, to docome the item, and it was faulty. How to solve the problem?",1,2
Can’t find my adaptor plate or an email to write them. I found the stand but the adaptor plate says will not fit. Going with Bursig,0,1
"Hello,I ordered cases with a holder for a Moto 900 GS 24/25. The cases arrived very early (March) although the order confirmation said they would arrive in July.Unfortunately, the holders for the cases that have to be mounted on the motorcycle do not fit at all and will require a lot of modification.Otherwise, the cases look fantastic and I look forward to using them",1,3
I was waiting for my item from September 2025. The delivery date was end of february 2026. Never delivered.  I need to open dispute on paypal otherwise i would probbably stay without item any money.  Money was refunded. But this was defently last time buying from Motea. This dropship system looks does not work as it should.  Would be better to close this website.,0,1
Quick and easy deliveryProduct is exactly as advertisedEasy to assemble,1,5
Very good comunication and delivery time with support information.,1,5
Fast shipping and great prices. Highly recommended!,1,5
"For this low price I've expected low quality, poor shipping, but it would have been fine for me, as a wheel chock is not a critical component.My surprise, the quality, the painting, shipping... all was excellent :).",1,5
"MOTEA is a very excellent company because there is no motorcycle in the world for which they cannot offer some great accessory or part! Moreover, they quickly deliver the purchased products to the motorcycle owners so that they can install and use them as soon as possible! 😉",1,5
"Fast delivery, good value for money !",1,5
What an absolute scam . When ordering 4 to 7 days now just recieved a non reply email that delivery is 6 months away. Can't even contact them. Please all these reviews are most probably scams,0,1
"Ordered a crash-bar, came in super quickly, took less than a week to arrive and was given to the transport company 2 days after my order. Content is great and fits the bike",1,5
product was not for the specified motorcycle as indicated by your site,1,1
"Perfect product, quick delivery!",1,5
"Great quality, looks great.It still to mount, well finish!Thanks.Paulo Machado",1,5
"Because you are writing invoices to a VAT payer with your own VAT, even though you are also a VAT payer. This is not good for business and your internal rules are unfair to other companies.",1,1
"Good quality, decent price.",1,5
I odrdered saddlebags. Delivery was quick. Product as described. Good packing.,1,5
Support teams reaction to my help request was lightning fast!,1,5
"Quick and easy process, arrived really quick.",1,5
"Purchased a ConStands black Paddock Stand Power-Evo stand for my Kawasaki delivered to the UK with £65 import tax (have to blame the crazy idea of Brexit for this). I ordered a bracket specific for my bike. Some parts of the instructions weren’t the best and with some common sense you can work it out. The bit about reversing the bolt on my frame and collecting the adapter bolt could have been explained better, advising the torque setting. That said the build quality is superb, delivering timescales (3 days) and communication throughout also superb. My concern is putting the kickstand up before fitting the stand to bike, maybe this can be redesigned. But a strong and sturdy stand when the bike is lifted and feel confident with it. Initially I couldn’t lower the bike on the stand when locked up, but it’s easy pull the lever down and the lock releases and you can pull the lock out then lower.I have a tight space when fitting my bike and it takes about 10 to 20 turns to get my bike facing 180 degrees. I can now do this in two turns so I am extremely happy with my purchase and cannot recommend enough!I am always impressed with German engineering and efficiency!",0,5
Orders arrived on time with no hassle,1,5
"I like the manufactured top case and happy about it but unfortunately the ""lugage rack"" was not included into my packaging. Was it forgotten ? When can I receive it ?",1,3
"OK, except delivery time",1,4
Delivery was fast and package came  straight to my home door. Tracking of the order on the way was made easy. Quality of the products 5/5,1,5
"Good stock and good prices but the site is a mess......Same product there for ""every"" bike type. Which creats a mess and hard to find the things you need as you only see the same thing 100 times again and again. And more subcategory is needed. And more detailed info for the products. For example the backpack I ordered is just a bag nothing more. Just one big hole and no internal deviders. But all the photos are from outside. Which goes to the point taht I bought something that is totally usless for me. god price, good material, good features but its usless for what I wanted to use....",1,3
Delivered exactly what I ordered and prompt. I was delighted with service.,1,5
"You have have always skipped halve a year. And I lost twice half a year.
I sold my e cars and bought a hybrid. Less trouble finding a recharge. Gasoline is easier to buy.",0,4
"Thanks for the service, it needed a long time, but everything was transparent and well communicated.",1,5
Hat es super funktioniert,0,5
"Am Ende des recht langen, aber relativ transparenten Prozesses hat alles gut geklappt. Schön wären etwas genauere Zeitangaben gewesen, wann die Auszahlung erfolgt.",0,4
Hat es super funktioniert,0,5
"Top Kommunikation, verlässliches Infomanagement.",1,5
Very uncomplicated and reliable processing!,0,5
Very experienced in business.Excellent information flow.,0,5
You have have always skipped halve a year. And I lost twice half a year.I sold my e cars and bought a hybrid. Less trouble finding a recharge. Gasoline is easier to buy.,0,4
"Thanks for the service, it needed a long time, but everything was transparent and well communicated.",1,5
"top, lief alles gut",1,5
Gut........,1,5
"Alles top, läuft super!",1,5
They were helpfull about my tgh-Quote and the process was quite easy. Thank u.,1,5
Top! Es hat alles super geklappt 😄,1,5
Die Kommunikation war einfach gut,1,5
Gute Informationen und faire Quote.,1,5
"Absolute problemlos, transparent, zeitnah",1,5
Hat super geklappt,1,5
Sehr faire THG-Quote und sehr gute Kommunikation!,1,5
Sehr transparent. Top,1,5
"Sehr transparent, gute „pro aktive“ Kommunikation.",1,5
transparent und korrekt.,1,5
Hat alles prima geklappt,1,5
"Am Ende des recht langen, aber relativ transparenten Prozesses hat alles gut geklappt. Schön wären etwas genauere Zeitangaben gewesen, wann die Auszahlung erfolgt.",0,4
"I am extremely satisfied with my purchase. The jacket exceeded my expectations — the quality is very good, with high-quality materials and excellent workmanship.

I was especially happy to buy two...See more",1,5
"The website is great to navigate. I would wish for more photos of the products sometimes! The ordered items are as advertised, great quality and fitting!

The shipping time is a bit long, but could...See more",1,4
I ordered these trousers for riding my Moto Guzzi California as they appeared to be very suitable for use on the bike as well as for wear in town when I get off.  They look good and fit well.  I alrea...See more,1,5
"Good quality at a good price. The return policy is fair, if something doesn't fit as expected. This has turned into one of my favorite shops for motorcycle gear.",1,5
"I am extremely satisfied with my purchase. The jacket exceeded my expectations — the quality is very good, with high-quality materials and excellent workmanship.I was especially happy to buy two jackets with a 40% discount. This was my first purchase with this company, and I am very pleased with the overall shopping experience.I will definitely buy from them again and highly recommend this company.",1,5
"The website is great to navigate. I would wish for more photos of the products sometimes! The ordered items are as advertised, great quality and fitting!The shipping time is a bit long, but could be explained by the process of collecting from the manufacturer?!",1,4
Good subscription for the product and gloves was super.,1,4
"The adventure continue.... Nothing happened last week, they send a template with  the offer a discount or recall the order back to the warehouse and proceed with the refund.... I'm request the refund...and silence again and nothing happens where is my funds ?!",0,1
The quality of the  products are extremely good for the price.Customer service is Top.Shipping is quite prompt.,1,5
"The pictures on the page could be much better, BUT the prices are good and shipping is quick.",1,4
"Great shop, quick delivery and good quality!",1,5
a really good motorcycle-trouser at a very reasonable price. Fits well.,1,5
"All good, bought multiple Things, all as described. Even had to return and that went smooth",1,5
"Received a broken helmet. Normally I wouldn't give a bad review for something like this, but a broken motorcycle helmet is absolutely unacceptable and dangerous. Stay away.",1,2
"Everything was too good, shipment on time, and the gloves are nice to the touch and also have very nice protections, I would definitely recommend this website and buy again from them",1,5
I ordered these trousers for riding my Moto Guzzi California as they appeared to be very suitable for use on the bike as well as for wear in town when I get off.  They look good and fit well.  I already have several other trousers but most are only suitable for riding.  I am now retired and rely on my pension so would not have been tempted to buy at higher prices and was very pleased with this purchase.,1,5
"Sorry, but now reaction to a wroang delivery and the the mail addresse ist not working:A message that you sent could not be delivered to one or more of its recipients. This is a permanent error. The following address(es) failed:order@xlmoto.",1,1
"Delivery  took little bit longer than I expected,  but item was spot on. Absolutely perfect",1,5
"Return process is a nightmare.It took over 6 weeks and several email to the customer service to get my money back. The answer from them was always the returns are first shipped to a warehouse in the uk and then back to Poland and it takes 20 days from that day on... I don't care where you ship the returns, all I want is my money back asap. And it shouldn't take over 6 weeks and several emails to do so.",0,1
Very good experience. Very fast shipping. Items as described. Seamless return process.,1,5
"Good quality at a good price. The return policy is fair, if something doesn't fit as expected. This has turned into one of my favorite shops for motorcycle gear.",1,5
Good quality,1,5
"Quick delivery, all perfect",1,5
alles Super,1,5
Extremely helpful and kind customer support. I am looking forward buying from them again .,0,5
Course jeans were of super quality but unfortunately too large for me as I'm a bit thin in the leg. Return was no problem.,1,5
"Unfortunately I have to write this here due to lack of communication with this company.I ordered 2 items they say its been delivered but I don't have my parcel, when I try to speak to someone its take days for a reply then they send me down dead ends.1 month after I placed my order I still don't have my items nor any idea of whether I will or won't.",0,2
Overall very good experience. The item was delivered on time and in good packaging.,1,5
"Very good product quality at a good price. I bought many items from them and everything was ok. Everytime I got what I expected or even better, also waiting time for delivery as expected.",0,5
Bought a motorcycle denim jacket for my partner. The size was accurate and the jacket fits perfectly (and he loves it). Delivery was fast and everything arrived in great condition.,1,5
Recommendations for shopping on this site.,1,5
"I am writing to express my deep disappointment with the Ram Mount Quick Grip I recently purchased from this company. Unfortunately, during the first use, it resulted in severe damage to my iPhone 11 Pro camera, leaving it unusable.However, my dissatisfaction extends beyond the product itself. When seeking assistance from the customer service, I was met with an unsatisfactory response. I was informed that the return of the item is not accepted due to it being opened. This is not ok since I'm in the 60 day period for  returns and I could not test the product without opening it.As a loyal customer, I believe this is unacceptable customer service. While I understand that using the product with an iPhone carries inherent risks, I expected the company to assist in resolving the situation in the best possible way, ensuring customer satisfaction.I kindly request a reconsideration of the return policy for my damaged item and a full refund. It is my hope that the company will take some responsibility for this unfortunate incident and prioritise customer happiness and loyalty.Looking forward to a prompt resolution of this matter.",0,1
"They sent me a similar, but incorrect item. When I contacted them about a full refund including shipping, they either denied that the item was incorrect or asked for proof multiple times. I have been sending them emails for a week now. The issue is still not resolved and they seem to be stalling for some reason. Buy from FC-Moto instead, they will include a return shipping label in the box for every purchase.",1,1
Very good company! Super fast delivery in Europe! Best wishes to them!,0,5
Exellent gut service,1,5
Yes up to now !  Satisfied and looking forward for the next deal  But one of the Items    i need is price up !  Not real,1,5
"Super, Shop alles Top",1,5
Top Ware. Gute Kominikation.,1,5
"Best website to shop for Motorcycle accessories. After first shopping, i am a regular customer now,",1,5
Top ++++++++++,1,5
2 Wochen nach Bestellung und immer noch nicht verschickt. Waren sind mit mit 24h und 3 Tage Versanddauer angegeben.2 weeks after ordering still not shipped. Goods are specified with 24 hours and 3 days shipping time.,0,1
"Good, quick, fit’s",1,5
Han bis jetz 2 mo dao bstellt on han emmr was griad.Wa will mo meh?,1,5
"For the discounted price, unbeatable.",1,5
super laden alles ok,1,5
Fantastic service!! And speed,1,5
Excellent Company  great prices.speedy delivery.Well done XLMOTO .keep up the good work. Thanks Neil,1,5
"Trustworthy company, express delivery, very convenient prices. I couldn't be more satisfied.",1,5
"HORRIBLE, NEVER AGAIN !Wrong information, wrong size shipped, refunded of lower amount, totally non competent persons at the customer service....",1,1
"All.good, fast delivery.",1,5
"Fast delivery. The backpack I bought is a really good quality as well as the motorcycle cover, even though a bit too small and not in the silver color (as I want it). Overall really good shop. Am going to order more from you in time. The prices are good and what I like the most is that they send you return sticker in case that you are not satisfied with the product or if it was damaged during the transport.",1,5
Very good experience! Fast delivery and quality products! Merci,1,5
"I didn't like the support be only by mail, not even a chat was possible. But the rest was really good.",1,3
"Super, hat alles toll funktioniert",1,5
Super.. Hat alles super funktioniert..,1,5
"Bought a pair of boots, returned them using the provided DHL return label. I have the receipt showing DHL accepted the parcel in February. It is now the end of May and I have not received my refund, and a half dozen emails have been answered with some version of ""we're still waiting to hear back from DHL"". Thing is: I don't care what DHL has to say. My responsibility for the package ended the second I handed it to DHL. I will never again place an order with XLMoto, and I will make sure every motorcyclist I know hears about my experience.",0,1
"Shopping without problems, the helmet fits perfectly.",1,5
"Ordered an item on black friday. 1 month after ordering im told its cancelled and the refund will happen in 3-5 days. ITS FEBRUARY AND IM STILL WAITING FOR MY REFUND. Terrible customer service won't give me good reason other than ""we are processing hundreds of items"". SCAMMERS trying to increase cash flow due to covid. They offer discounts just to fool you into buying, they then hold onto your money until they can pay back their debts and refund when THEY WANT. I would avoid this joke of a company",0,1
Absolutely uselessOrderd a race tent mid December.Expected to arrive latest of 4th January.I had to update them that uk boarder was shut when it was. No general update contact from them (poor customer service).No other updates. Constantly sending them emails which they aren't replying to.Tracking hasn't changed since 5th January. Saids in warehouse.Requested refund under consumer rights act 2015. Plus obviously not receiving the item. They are refusing to give me a refund.So Do Not Purchase from this company or xl moto they are the same company.24mx & xl motoWord of warning.,0,1
Never ever buy from this company. They do false marketing posting pictures on their website of items snd then send you something totally different. When you send the item back they then carve you 10€ fee. Horrendous customer service - no phone number just cowards who hide behind their emails.,1,1
Good job. Again.,1,5
"Terrible After Service Care - Returned a product which had not been use, was accused of having used it and refused a refund. I would not recommend this company.",0,1
quick delivery and 1a product(klr650 crashbars),1,5
"I sent a question before buying asking ""Is it possible to ship to Spain"". I was answered ""Yes"". Then I ordered. Waited 2 weeks. Nothing. Went to DHL to ask. Packet was nowhere. Then it came out it was sent to German address not Spain (Valencia). After multiple letters to XLmoto that went unanswered I finally got an answer: ""We can't ship to Spanish address. You should have made the purchase from our Spanish store"". Very disappointed.",1,1
That was a very good experience shopping here! Very fast and smooth even replacing process.,1,5
First time iv used these and well have to say excellent rang up with a couple of questions about a product and then about my order and they were answered and were always very polite order was tracked from start to finish and arrived when they said item in excellent condition as i would have expected all in all no problems i would recommend and id deffo use your company again all i can say is please pass your skills on to demon tweeks who is absolutely useless  thanks again xlmoto keep up the high standards A*****,0,5
"I had my delivery in 3 days, and I had been  informed during every step. I will come back for the next time :D",1,5
used XLmoto several times and always had a good deal with fast delivery.had to send some jeans back one time and the whole process was handled superbly A plus,0,5
"Good shop, has everything, good payment methods, fast delivery, Klarna payment method is the best.",1,5
"I ordered a Shoei Neotec 2 helmet as XL Moto were advertising one with a £150 (25%) discount. I've never seen anyone online offer a discount for one of these helmets so I thought I'd give them a go despite some pretty poor reviews by others.The helmet took 10 days to arrive. It would have been a week but DHL made a mess of the delivery which caused a 3 day delay. The helmet arrived and was exactly as I ordered and I have saved £150.Be aware that XL-Moto are based in Germany. Returning an item like a helmet is going to cost you around £50 by post (insured) If you're not sure about sizing, and the saving isn't that much, then I would think twice about ordering from them and order from the UK instead.",0,4
Very bad customer service.No response on any emails!,1,1
Wow super👍👍👍👍👍👍👍👍👍👍👍👍,1,5
"Alles super geklappt, top👍🏻",1,5
"As an american sportbike rider currently in germany, this company has good quality products, great shipping process and outstanding customer service. Would highly recommend to other riders.",1,4
Delivered item as expected. Good service.,1,4
All OK!!!!!!!!!,1,5
"Quick, good prices...what else you need?!",1,5
"I made several purchases with xlmoto. All were delivered quickly, and correctly. I contacted support once about address change. They replied in matter of hours and were helpful. I really can't say a bad thing about XLmoto.",1,5
Top seller. Returns are taken care of immediately and free of charge.,1,5
It took me more than 4 weeks to get a refund for my returned items. At least I got the money back in the end,1,2
Thank you for all and good regard from GermanyChristian Trompeter,1,5
Alles super gerne wieder Thankyou,1,5
One of the best motorcycle online shops out there with many very nice deals.,1,5
Alles Top. Danke,1,5
"I have ordered 2 backpacks. Products were damaged at first delivery. It took a lot if time (more than one week) for the second delivery. And at the second delivery, one of the products was defective. I don't want to send third time, it takes my time and afford. I will just give the bag to someone else.I will never purchase anything from that website again.",1,1
Ride'N'Roll \m/,1,4
Top! Super schnell geliefert - passt super!,1,5
Super Shop! Alles top,1,5
"Bought Nokian Powerproof (summer tire). Thought they are made in Finland (or at least Europe). They are made in China. Couldn't find information of country of origin on the homepage. 
Price was relat...See more",1,3
"The delivery by Postnord was a catastrophe. It was difficult to connect with Postnord, unclear messages. 2 shipments for one order. They promised delivery at one time but arrived with one tire at anot...See more",1,3
"Rater quick delivery and price for the product. Easy to buy and choose shop for mounting.
The delivery process was a mess, first wrong type of delivery, personal instead of to a shop so delivery was...See more",1,3
The company that you recommend at your homepage and to whom you sent the tires said that you not longer have any connection. They helped me anyhow but to a much higher cost then was promised by you,1,3
"It’s a decent place to buy tires. The thing is that there are many fake brands that use the names of michelin, hankook ,pretending to have their quality-:? Here, I haven’t faced such problems. I use t...See more",0,4
"Finding and ordering on dackonline.se site was easy. Also Lundqvist Däckhotel who rotated my tires did a very good job and were very helpful. For this part I am very satisfied. 
But, if you live in S...See more",1,5
"All good - easy to find tires and delivery was quick. The only thing: at first, payment didn't work but I could then pay by using the link in the email. Also support was available immediately.",1,4
The previous time I ordered tyres on Däckonline was not very satisfying (see my previous review). They came eventually but it took a long time and some interventions. This time I had to get 2 sets of...See more,1,5
"Easy to order from webbsite, however, a bit surprised the tires was delivered 1 at the time during 4 days. Why not put all on 1 pallet and to be delivered as 1 kolli?",1,4
"Quick response and handling. Easy transaction.
Please make sure the shipping company delivers all the colis in one order together. I received two colis of four on two different delivery days. DHL is...See more",1,5
"Quick and easy shopping and good price.
The only disappointment was the delivery by PostNord in Sweden: Only three of the tyres were delivered. The last one I had to call for, and received next day....See more",1,4
"The tires was new (only 5 month old), good. It took about 1,5 week until they was delivered, OK.
The sad thing was that the cost for changing the tires on the internetsite was not the same as they h...See more",1,3
"The delivery time was ok. But I ordered 4 tires and they were delivered 2 and 2 with one day apart, which was a bit annoying. 
I would’ve preferred having all 4 tires delivered at the same time",1,4
I bought four Goodyear tyres at a good price. Tyres were delivered within seven days to a nearby workshop where I got great service changing them.,1,5
great store with very reasonable prices. fast delivery. direct to your door and tracking with possibility to decide time and date,1,5
"Mostly just the prompt delivery of the tires. Nothing complicated everything went smoothly!
Thank you
Sincerely 
Alex Armstrong",1,5
"Delivery time totaly unacceptable, almost one month, and 2 tires delivered different days, one on friday and the other on monday.
No information from däckonline regarding the delay or a suggestion f...See more",1,1
"Incorrect delivery and ""non-existent"" customer service. You can't talk to a sensible person without sitting in a phone queue for hours. We customers actually have a job to take care of as well.
Have...See more",1,1
"I order two tiers 15th of April, tiers were indicated to be in stock. Still today, more than a month later, I have not received my tiers. I called the support at the beginning of May, they said that t...See more",1,1
"Easy peasy, just orderd the tires and a few days later i have them on my driveway. Excellent service.",1,5
"The tires was  easy to order and fast delivery.
It is god that you can order complete wheel.",1,5
"Superfast delivery, great price on the tires I bought👌 Jörn, Sweden",1,5
Delivered faster then expected. Checkout and everything went smooth.,1,5
"-Fast delivery
-Good quality and price for the money
-+++Homedelivery+++",1,5
"Fast delivery, smooth order and many delivery choices! Thank you",1,5
Nice price. Short delivery time. Delivered to a chosen garage.,1,5
"Good selection and price, along with rapid delivery to a local installer. Hihly recommend.",1,5
I am satisfay shopping fram dackonline company but delivery by DHL person was realy bad.,1,5
It was easy and I was recomended a good tire to my custom bike. I hade the tire delivered to my door.,1,5
Good price of high-quality tires and fast delivery,1,5
"They are keeping low prices, good products and fast delivery",1,4
"Great and easy-to-use shop, with fast and smooth delivery.",1,5
Ordered 4 tires and did not get right delivery after nearly 20 days and after 2 attempts! In first attempt just one tire was delivered and in second attempt the other 3 tires was delivered which one o...See more,0,1
"Have only received 2 out of 4 ordered tyres, Däckonline have splitted the order into two shipments and the second was shipped to Köge in Denmark! announced to me as it should be delivered but no del...See more",1,1
"Have ordered 4 tires, only received 3. Have emailed several times regarding this but have not received a response. Now it has been over a week and still no response or information about my order. It d...See more",1,1
"I bought 4 tires on 6 April and got 2 delivered after a few weeks a 3 week later and still waiting for my 4 to arrive and its 19 of April !? 
If it's Post Nord that fu...d up or if it's Däckonline th...See more",1,2
Easy to order and quick delivery. BUT the price info for shifting tires at the local company was not correct. They tried to charge me additional €60. I showed the price given on the Dackonline page. T...See more,1,2
"I ordered 4 Bridgestone 235/65 R17 but in the delivery one tire was Michelin 235/60 R18.
I have replied to your mail 2025-04-25 including   pictures of the wrong tire that was included in my order (...See more",1,2
"A week delay from date of delivery that they themselves have me. Well, a week and counting. Also only pointless information in German language about the transport, and now almost two weeks of silence...See more",1,1
"Price was good but the delivery time to Sweden was a bit ""extended""",1,3
"RD 54932749
Taking the payment 3 times, and still not responding to emails.
This has to be the worst experience I've ever had with a company. 
Takes over a month to deliver, and now they have pull...See more",1,1
The company gave no notification that the tires had arrived. The cost was 250sek per tire instead of from 150 as indicated. As I aked when the cost would be 150 the anser was never.,1,1
Tires have not been delivered. Status says delivered but with the long to the distributor company it ends up in a storage in Germany and not to my delivery address. Order 250502 and still no tires at...See more,1,1
Rapid shipping and a very favourable price!,1,5
"It took a while to get them, but i'm very satisfied. The tyres are great and quiet !",1,5
"Quick delivery ,Nice items,good price.",1,5
Easy to order and quick delivery!,1,5
"I bought a 4 set tires from däckonline, they sent 3 tires then after 2 days they sent the fourth one.Tires have a defect, they are not even which made my new car  ( just bought it 2026) vibrates over 70 km.Now they are trying to avoid refunding me.They want me to pay for a specialist to provide a report, they are thieves.STAY AWAY FROM THEM.",0,1
"26.01 Placed the order. Package left next day, 09.02 No movement of the package, package still in the same adress, and dack online dont care, aonly after phonecall they offered 5% discount, for the reneved order.What a scam",0,1
"Unfortunately, I cannot recommend dackonline.se based on my experience.I ordered a complete set of winter wheels on November 9th, with a promised delivery time of a maximum of 14 working days. This deadline passed by several weeks without me receiving any clear explanation. During this period, I was given conflicting information every time I called customer service – sometimes they claimed the tires couldn’t be delivered and tried to get me to cancel the order, while other times they promised that the wheels would be shipped “this week or next week.” None of it was true.At the same time, the exact same wheel package continued to be shown as “available” on their website, which felt both misleading and unprofessional.The customer service by phone cannot make any decisions at all; they only act as intermediaries and constantly refer to “the other department” that responds by email. This creates a Catch-22 situation – the phone support can’t help, and the email support doesn’t reply in time.Now they have also informed me that the product I ordered is sold out, despite it being listed as available during my entire waiting period. I have been forced to try to solve the issue myself, contact the Consumer Agency, and argue for an alternative, even though the fault lies entirely with them.It is extremely frustrating as a customer to have to chase answers, be transferred around, and receive different information with every contact. Especially when winter tires are legally required in Sweden and you depend on receiving your delivery on time.I recommend buying from a more reliable supplier that can actually keep their delivery times and provide consistent information to their customers.",0,1
Ordered 4 tires and did not get right delivery after nearly 20 days and after 2 attempts! In first attempt just one tire was delivered and in second attempt the other 3 tires was delivered which one of them was wrong (incorrect brand and size).,0,1
"RD 54932749Taking the payment 3 times, and still not responding to emails.This has to be the worst experience I've ever had with a company.Takes over a month to deliver, and now they have pulled the payment 3 times from my credit card.",1,1
Rapid shipping and a very favourable price!,1,5
"Finding and ordering on dackonline.se site was easy. Also Lundqvist Däckhotel who rotated my tires did a very good job and were very helpful. For this part I am very satisfied.But, if you live in Sweden, try to avoid Postnord as transporter. They wanted to deliver the tires to my private apartment even if the delivery was addressed to the Tireshop. After a lot of phoning and help from Lundqvist all went good at the end..",1,5
The company gave no notification that the tires had arrived. The cost was 250sek per tire instead of from 150 as indicated. As I aked when the cost would be 150 the anser was never.,1,1
Delay in delivery. No trust in what they promise. Several week of delay and they did not care about it.,1,1
It was easy and I was recomended a good tire to my custom bike. I hade the tire delivered to my door.,1,5
The tires was  easy to order and fast delivery.It is god that you can order complete wheel.,1,5
"They have sent my tires very late, even I paid extra to receive tires from 2025 but they sent from 2023.",0,1
"I order two tiers 15th of April, tiers were indicated to be in stock. Still today, more than a month later, I have not received my tiers. I called the support at the beginning of May, they said that the tiers were stuck in Europe for unknown reason. The support recommended to cancel the order and make a new order with an expected delivery within a week. I agreed to that. Still no tiers and no updated delivery date. I believe the ""In-stock"" indication is false and can´t be trusted!",1,1
"Smooth experience, good prices and quick deliveries.",1,5
I am satisfay shopping fram dackonline company but delivery by DHL person was realy bad.,1,5
"The previous time I ordered tyres on Däckonline was not very satisfying (see my previous review). They came eventually but it took a long time and some interventions. This time I had to get 2 sets of tyres where the process went fluently. This is how I like it. No discussions with tyre shops that want you to buy a certain tyre, just shop online, get it delivered and mounted. The drawback of this type of bussiness is that the tyres seems cheap, but mounting is more expensive. I understand that the shops also want to get a profit and in this way it's more transparent. It offers me flexibility in choosing the tyres I want to have and not getting the tyres the shop thinks are good for me (how can they know my preferences).",1,5
"I ordered 4 tires and 3 that i ordered, but the other one was of the wrong manufacturer and size. And now I wont get any help returning it and getting what i ordered",1,1
Great prices and fast delivery.,1,5
"Good price, fast delivery.",1,5
Tires have not been delivered. Status says delivered but with the long to the distributor company it ends up in a storage in Germany and not to my delivery address. Order 250502 and still no tires at 250517.,1,1
Quick delivery and perfectly packed.,1,5
"Everything was good. Customer service, delivery, website, price.",1,5
"Rater quick delivery and price for the product. Easy to buy and choose shop for mounting.The delivery process was a mess, first wrong type of delivery, personal instead of to a shop so delivery was supposed to happen after opening hours for the shop, not possible to change without several call to support. A lot of confusing messages saying that it has delivered and are on the way (even after delivery has occurred), a new order confirmation letter several days after delivery etc.",1,3
Mostly just the prompt delivery of the tires. Nothing complicated everything went smoothly!Thank youSincerelyAlex Armstrong,1,5
Very professional service.,1,5
"It took a while to get them, but i'm very satisfied. The tyres are great and quiet !",1,5
"Long delivery time, still waiting",1,1
Delivery as described.God price.,1,5
Very good information and fast shipment,1,4
54778821Still haven’t received the tyres.Promised delivery 30/5 then 7/5 then 8/5and now 9/5 but let’s see.,1,1
"The tires was new (only 5 month old), good. It took about 1,5 week until they was delivered, OK.The sad thing was that the cost for changing the tires on the internetsite was not the same as they had in the workshop. This ended in a bad situation.",1,3
"Have ordered 4 tires, only received 3. Have emailed several times regarding this but have not received a response. Now it has been over a week and still no response or information about my order. It doesn't feel right here.",1,1
"Check the recent critical reviews. They are here for a real reason. Just avoid that unnecessary stress, don't waste your energy, time and money.",0,1
Do not use PostNord for deliveryThey have no quality att allBut the tires was perfekt!,1,1
Pricing data for workshops could be improved (completeness and accuracy),1,5
Everything worked perfect.,1,5
"Delivery time totaly unacceptable, almost one month, and 2 tires delivered different days, one on friday and the other on monday.No information from däckonline regarding the delay or a suggestion for replacement if the parts not were in stock, but the invoice came the day after order acknowledge. Normally you send the invoice at shipment day.Sorry, no more business for me with däckonline.se.",1,1
"Price was good but the delivery time to Sweden was a bit ""extended""",1,3
I order 2 tires the17/4 and I haven got them yet.Its impossible to get in touch with you.If you dont are interested of selling tyres to me I wont my monney back,1,1
"Superfast delivery, great price on the tires I bought👌 Jörn, Sweden",1,5
"No gods yet. Ordered 2,5weeks ago",1,1
Didn’t get the order(30april)Order it 4april,1,1
"Best price , and best tires !",1,5
"A week delay from date of delivery that they themselves have me. Well, a week and counting. Also only pointless information in German language about the transport, and now almost two weeks of silence.Edit: Today I got my delivery. Two tyres out of four ordered. I must say I was a bit surprised that it was the correct tyres. I wish to change my rating from one star to a big death-star. There is no rating low enough for these clowns.",1,1
Fast delivery.,1,5
Fast delivery,1,5
Easy to order! :-),1,5
Delivery as agreed. Good website and specification.,1,5
"Easy to order from webbsite, however, a bit surprised the tires was delivered 1 at the time during 4 days. Why not put all on 1 pallet and to be delivered as 1 kolli?",1,4
"Very bad, do not respond on email. I just get 3 of four 4 wheels. I have problems and no Contact, it’s very annoying.",1,1
"Fast dilivery, if tires are good i dont know yet!",1,4
"Great and easy-to-use shop, with fast and smooth delivery.",1,5
"Asking me for rating before actually delivering the goods or even responding to my email regarding when the goods will be delivered, 5 days late and counting. This is bullsh*t.",1,1
I have still not got the tires I ordered…. More than one month now.,1,1
The delivery took 15 days i hope that you never use that delivery company again,1,1
"Incorrect delivery and ""non-existent"" customer service. You can't talk to a sensible person without sitting in a phone queue for hours. We customers actually have a job to take care of as well.Have sent you three emails – no reply.....",1,1
Quick and easy,1,5
The tyres I wanted at the right price and quickly delivered,1,5
"Fast delivery, smooth order and many delivery choices! Thank you",1,5
Nice price but really fast delivered.,1,5
"My order was not deliverd to my adress, it was sent to POST NORD in Skellefteå 30 Miles away from my home. No more orders from you.",1,2
They did not deliver the product on the date they promised. A week later I have still not recived the orded product. Since the product is summer tires I dont want to use the car with winter tires on asfalt and ware them down.Best regards: Ricard Lundberg,1,1
I bought 4 tires on 6 April and got 2 delivered after a few weeks a 3 week later and still waiting for my 4 to arrive and its 19 of April !?If it's Post Nord that fu...d up or if it's Däckonline that's having problems with delivering all 4 together..!?,1,2
Easy to order and quick delivery. BUT the price info for shifting tires at the local company was not correct. They tried to charge me additional €60. I showed the price given on the Dackonline page. They said they had tried to contact Dackonline several times to update prices but no response. In the end they gave me the lower price.,1,2
Delivered faster then expected. Checkout and everything went smooth.,1,5
Great! Fast shipping and nice price,1,5
-Fast delivery-Good quality and price for the money-+++Homedelivery+++,1,5
Fast delivery to designated garage. Easy to track under delivery.,1,5
"Long time to delivery.Your ""partner"" not aware of beeing ""partner"".",1,2
The tires came up in the list when I searched for my car and had right dimensions and rim guard was selected.Still the tires had no rim guard and I saw that when it was to late and they where already mounted.Now it looks really ugly since my rims stick out...,1,1
Good prices,1,5
"I paid extra for manufacturing year 2025. Got 2023, very disappointed. Didn´t get what i paid for.",1,2
Bought Nokian Powerproof (summer tire). Thought they are made in Finland (or at least Europe). They are made in China. Couldn't find information of country of origin on the homepage.Price was relatively low so should have guessed it but no more Nokian summer tires. Delivery was fast.,1,3
"The description you have on the website regarding the tires is absolutely not correct, it says that it can handle approximately 270 km per hour, but already at 80 km per hour the car shakes.",1,1
The tire I got was 4 years old.I have sent 2 email and no respond from you.,1,1
"Have only received 2 out of 4 ordered tyres, Däckonline have splitted the order into two shipments and the second was shipped to Köge in Denmark! announced to me as it should be delivered but no delivery and it is now back in Germany!Very disappointing.",1,1
Ordered 4 new tires 225/40R18 and i got 1 tire with different brand and size 205/55R16. I dont even get a reply when i message them about this issue,1,1
"Quick and easy shopping and good price.The only disappointment was the delivery by PostNord in Sweden: Only three of the tyres were delivered. The last one I had to call for, and received next day.",1,4
Wery good tires and good price and fast shipping. AAAAA+++++,1,5
Quick delivery,1,5
great store with very reasonable prices. fast delivery. direct to your door and tracking with possibility to decide time and date,1,5
"It’s a decent place to buy tires. The thing is that there are many fake brands that use the names of michelin, hankook ,pretending to have their quality-:? Here, I haven’t faced such problems. I use their service every winter, when I need to change my tires. I know for sure that I buy the true brand, not the replica, which makes sure to maintain safe driving, eliminating any chances for incidents.",0,4
Quick response and handling. Easy transaction.Please make sure the shipping company delivers all the colis in one order together. I received two colis of four on two different delivery days. DHL is notorious for doing this.,1,5
"The delivery by Postnord was a catastrophe. It was difficult to connect with Postnord, unclear messages. 2 shipments for one order. They promised delivery at one time but arrived with one tire at another time. It was pure luck I was at home. Then the second tire did not arrive as agreed, but two days later after several lengthy calls to the contact center.",1,3
"I did not like how the tiers was deliverd at my home.Day 1 one tire, day three two tiers and day four one tire. This is not ok!",1,3
Good price of high-quality tires and fast delivery,1,5
"They are keeping low prices, good products and fast delivery",1,4
I bought four Goodyear tyres at a good price. Tyres were delivered within seven days to a nearby workshop where I got great service changing them.,1,5
Very good and fast delivery.,1,4
"Good selection and price, along with rapid delivery to a local installer. Hihly recommend.",1,5
The company that you recommend at your homepage and to whom you sent the tires said that you not longer have any connection. They helped me anyhow but to a much higher cost then was promised by you,1,3
"All good - easy to find tires and delivery was quick. The only thing: at first, payment didn't work but I could then pay by using the link in the email. Also support was available immediately.",1,4
"Easy peasy, just orderd the tires and a few days later i have them on my driveway. Excellent service.",1,5
Very good service,1,5
"The delivery time was ok. But I ordered 4 tires and they were delivered 2 and 2 with one day apart, which was a bit annoying.I would’ve preferred having all 4 tires delivered at the same time",1,4
Nice price. Short delivery time. Delivered to a chosen garage.,1,5
Fair price and quick delivery!,1,5
"Good price, fast delivery! Quite OK!",1,5
Fast shipping. Great stuff.,1,4
I am so pleased !100%🏁😁🏁,1,5
"Good quality, Good price, Delivered in time !",1,5
"Just terrible customer service...Ordered two times with Dackonline.se, two times they messed it up.First time (Q3 2024) the tires were send to a forwarding company in Germany instead delivered to DPD/PostNord and were stuck there for weeks until the forwarding company just send them back.Event though I called dackonline.se every day and was promised they fix it, it never happened. Finally after the tires were returned they send a new order. Which arrived few weeks later, one tire at a time over 4 weeks. And two of them to the wrong address and I had to pick them up myself at a PostNord delivery center. Which was difficult, since the name on the parcel was the tire shop, not me.Anyway, now (Q1 25) I ordered 4 Michelin summer tires and again... they messed it up. Instead of getting the 4 tires I ordered I got two of the ones I ordered and two total different ones. Different, brand, dimensions and type. I called in to get it exchanged and then mess really started.I got a pickup order for the wrong tires but in that pick up order the type was wrongly specified. I send a mail to please correct it and then I got another mail that they will pick up the four tires I ordered. I wrote again ""please pick up only two tires of type XYZ"". And I got an ""ok, we will pick up the four Michelin tires"". It seems the customer service doesn't even read the messages.My tone went from friendly to really annoyed and told them to carefully read my messages and organize a pick up of the two wrong tires, not of four Michelin tires. They replied with a message ""we fix it for you"". Only to be followed by another message ""oh, we come on Friday and pick up the 4 Michelin tires"".I will now hand the PostNord pick-up the two wrong tires and see where this leads me.I am at a loss for words for such incompetence.And by the way... calling them you will need to have a loooooot of time.Never again.",0,1
Fast delivery and a competetive price.,1,5
I have used dackonline several times. Easy to order and fast delivery,1,5
"Not complicated att all and very fast delivery, best price and best tires i could find!!! Anytime i have to buy tires it will be with dackonline !!",1,5
Good price for the product I want.Delivery of two of the four tyres was late.,1,4
All good.Worked perfekt,1,5
"Nice price, Nice delivery, Nice mounting on rim.",1,5
"It is easy to choose tires, good price, good information about the tires and good service overall, I am very satisfied",1,5
Delivery was excellent,1,5
"Easy to order and quick delivery. I ordered two tires and hoped to receive one shipment but had to be available to get two serparate shipments, hence 4 and not 5 stars",1,4
Quick dilivory and ok price,1,5
"The tires was ok, and the delivery time and the delivery from dackonline to the mounting workshop was good.However, the price given from dackonline regarding the mounting price for the workshop the tires was delivered to was incorrect. So it became a bit more expensive than I thought. Dackonline needs to make sure that the price that the webpage shows for mounting on a certain workshop is updated and correct. As of now, I lost close to 300 SEK because of this. Also, the workshop that did the mounting was kind of slow performing the job.",1,3
fast delivery.Thankyou,1,5
Quick delivery. Good price.,1,5
"The fact that swedens Mail service (PostNord) is the worst ever to deliver to the right adress! And when the company(dackonline) didnt put my tires in the same box , well you are up for disaster.Do the right thing next time!",1,3
"I have ordered 4 tires from this online store. Not only the delivery time was more than 2 or 3 weeks, the customer service are rude.One of the tires got damaged and they have sent me a new tire after 2 months!!!the associated place that you change the tires didnt send back the old tire and they started to spam my email with invoice and etc.never do this again...very bad experience with this company....",0,1
"Fast delivery, correct product",1,4
That was very simply and good deal! Thank you very much ! I am content!,1,5
"This time, buying complete tires on rim, the delivery took a bit longer and was split in to two deliveries. No big deal. I still think it is very convenient to buy from däckonline",1,4
Fast and easy delivery with good tracking information,1,4
Always excellent delivery and good service from order to finish.,1,5
The logistic and delivery failed this tim also...,1,3
"Good price, quick delivery",1,5
Fast safe Delivery. Traceable,1,5
"Fast, superfast and the quality was as promised. Thanks again for a perfect delivery.",1,5
the problem is that you when you sell it on internet its that the price is not the samt when you get the invoce. Because germany has euro and sweden swedish krona. Its a big diffrence. Så the tire went so much expensier. So we will not buy from you any more because of the big diffrence betwin the price on internet and the invoice.Thankssven sparavecSvaret att jag borde beställt i sverige på er hemsida gjorde jag men när det skulle betalas så togs det ut i euro o det blev klart dyrare. Inte rätt att göra så,1,2
100% satisfied customer from Sweden. Delivery as indicated (on time) with great prices and a wide range of quality products.,1,5
"Fast delivery, god price and easy to fond on their webpage!",1,5
I ordered five tires. Got two tires first. Then I got two more. The fifth tire I had two try to find out wher it was. I fond it at PostNord..The tire was going to be sent back to Dackonline. I ordered the 27 npv and got the last toire 17th of decmeber,1,2
Fast delivery and good price.,1,4
"quick, correct and good",1,5
"Fair price, fast delivery. Recommenden!",1,5
Delivery didn't work. Very limited information about the freight and the country and company responsible for the freight. The tires should have been delivered directly to a workshop I had selected but was instead delivered to post terminal where there were difficulties to get them. Otherwise the products seemed okay and works as they should so far.,1,2
Good prices but It took a bit long time before I recived the goods and I didnt get any notefiqations on the delivery in advance.The day after I hade recived the shipping I got 2 messeges1 That the delivery was to be expected2 That the delivery hade been doneSo the transport and notifications by DHL didnt work properly.,1,4
Fast and correct,1,5
Easy to order to a workshop that receives the tires if you cannot be at home and receive the tires.,1,5
Fast delivery,1,5
"Im really disappointed with the service from this website. I ordered 4 winter tires on November 21st. The order was confirmed, but it still hasn’t been dispatched, and there’s been no update about any delay.I’ve tried multiple times to get in touch:- Filled out the web form but got no response.- Called customer service, waited 1 hour and 25 minutes, went from position 17 to 5, and then the call got disconnected automatically.- Tried calling again, but it’s almost impossible to get through.There’s no clear communication, and the IVR is only in Swedish with no English option. This whole experience has been super frustrating. I wouldn’t recommend this website to anyone.",0,1
Fast safe delivery and a good work shop partner.,1,5
"Great tyres with good grip ,deliverd fastBest regards Johan",1,5
"Fast, smooth and reliable.",1,5
Very fast delivery,1,5
Ordered on a Friday morning delivered on the Monday  very impressed,1,5
Good price and quick delivery,1,5
I had difficulties trying to fix the tires.I tried to return and get a refund but was not possible. Tried severally to contact Delticom but was difficulty. It was a bad businessNot a good experience.,1,1
"Very fast delivery, many thanks Dackonline 👍",1,5
"I ordered four complete winter wheels, but daekonline.dk decided to ship only two of them — without any information about when I can expect the remaining two. Truly terrible service. Do cars in Ge...See more",0,1
I ordered 4 x 2 tires. In both cases they arrived within 1 week. Unfortunately none of the winter tires could be used (wrong size). I wrote about this to dækonline.dk and they ordered pickup via GLS....See more,0,5
"I made an order for 2 tyres,  10 days later still nothing from them. I wrote several times to them and kept getting the same auto generate respons.  Then finally they cancelled my order and now i must...See more",0,1
"My order was made on 19/11/24 and more than one month later we don’t have any response. On the website was saying our order is sent for delivery, but no shipping date or tracking number. 
So two wee...See more",0,1
I ordered 4 x 2 tires. In both cases they arrived within 1 week. Unfortunately none of the winter tires could be used (wrong size). I wrote about this to dækonline.dk and they ordered pickup via GLS. The refund of all 8 tires has also worked really well. So safe experience from here.,0,5
"Good prices and a wide choice, but the delivery took longer than promised. The tyres arrived a week later. I got the money back in the meantime and had to pay it again after the tyres were delivered.",0,4
"I've ordered once before. Was a superb experience. Now I've ordered again for a different car. But its taken 14 days so far. No updates, no nothing.I wrote a contact ticket requesting information. No return on the request.I had to call for the support person to say that's weird that the warehouse hasn't sent a confirmation that they're carrying out the order.Frankly a damn terrible experienceUpdate. One of the 4 tires have arrived....",0,1
"I ordered four complete winter wheels, but daekonline.dk decided to ship only two of them — without any information about when I can expect the remaining two. Truly terrible service. Do cars in Germany only run on two wheels? German efficiency at its absolute worst.On top of that, the Danish language used on daekonline.dk is so poor that it reads like it was written by a 10-year-old. It makes the website and the company look almost like a scam — something their service level unfortunately confirms.I cannot recommend buying here. Spend your money elsewhere.",0,1
"Hey, cant get through to customer service. sad this is the only and last option for me to get through.I bought new set of tires 2 years ago. (07-07-2023)Good Year 4seasons gen 3 225/45R17 94W.My mechanic just told me one of them is faulty and all cracked up, it's losing air and is not safe to drive. It's something they see happens on very old tires, but def not 2 year old premium tires.Is this a common issue with the model or the batch from that year? Am I covered by manufacturer warranty? I mean these are not budget tires, I expect them to last much longer than 2 years.Kind regards, Nurali",0,2
"The tires were delivered a week after ordering everything was ok, I had no problems.",0,5
"My order was made on 19/11/24 and more than one month later we don’t have any response. On the website was saying our order is sent for delivery, but no shipping date or tracking number.So two weeks ago, I cancelled the order but our money is still blocked on the bank, and order still not cancelled!! The bank says they can’t do anything if the company itself doesn’t unblock our money.DO NOT BUY WITH THIS COMPANY",0,1
"I ordered 4 winter tires from Daekonline on November 22, 2024, and it has been an extremely frustrating experience. Despite the website showing that the package is “on its way,” tracking the shipment reveals a different story. The tracking link redirects to PostNord, which states that the sender has provided shipment information but has not handed over the package. This suggests the tires haven’t even left their warehouse.I have tried contacting Daekonline multiple times without success. I called their customer service number (77345733) numerous times, but no one ever answers. I also filled out the contact form on their website, hoping for an email response, but received no reply.It has been 27 days since my order, and I’m left in the dark about whether I’ll receive my tires. This lack of communication and transparency is unacceptable. At this point, I am starting to wonder if Daekonline is a fraudulent website run by scammers.I strongly advise against using this service. If you value your time, money, and peace of mind, look elsewhere.",0,1
"Ordered tyres and got these delivered within 10 days, good price and received what i ordered. Very happy with tyres!However, pathetic online shop and worst online order experience as mentioned by many here. I wonder why they don’t improve online experience when they have good products..So many contacts details given online are unreachable. The track & trace given is problematic and was not delivered on first date. Had to reachout to customer service who helped me getting delivery.",0,3
Hey! I'm very disappointment at dækonline!At 21 of november i order 4 tiers and on the site... sas between 2 and 5 working days!!! But already it past 20 days and still i dont have them !!! Thei say mabe 1 more week.....So ho is crazy enough to wait 1 mount aster 4 tiers( no sorry no nothing..gest you need to wait......is disgusting! I don't recomand this Site DÆKONLINE!!!! RUNNNNNNNNNorder:B53920515!!!,0,1
"Good assortment and prices, +3 days delivery delay allowed so tyres delivered after 8-9 days, however, delivery tracking not very detailed.",0,4
"I made an order for 2 tyres,  10 days later still nothing from them. I wrote several times to them and kept getting the same auto generate respons.  Then finally they cancelled my order and now i must open a case with PayPal to hopefully get a refund.  Absolutely terrible service and I would not recommend this company to my worst enemy.  Avoid this company like a plague.",0,1
"Hi,My package of tires was suppose to deliver on 13.12.2023  and it was delivered on 15.12.2023.Daek online staff said GLS is not picking package and GLS said Package not ready. I am as customer paid full amount to get the service but just faced frustration and money loss.I had to cancel my 3 workshops appointment which costed me 750kr. and had to take bus train to work.I would wait to hear back what you have to say in this regard.Nitin Arora.",0,1
"DON'T EVER BUY FROM THIS COMPANY. Daekonline.com is the worst company with the worst customer service. I waited 3 weeks for my wheels and tires, only to get an email after having contacted the company several times that the order was cancelled as it could not get delivered.You cannot speak to customer service. You only get an automated response. What a waste of time.WORST COMPANY EVER.",0,1
"Never tried a worser experience than this - spamming with automated emails, but 0 contact for 2 weeks after I placed my order. And I still have no idea whether I will receive my winter tires or not.I have sent them emails to get a status, and no respond at all.Do not use this company!",0,1
"I ordered 4 winter tyres on the 29th of November. Two of them came by post on the 4th of December. The other two didn't show up, so I checked the track and trace info and it turned out they had been returned to sender. I called up daekonline and got some person on the phone who was kind of rude and not very helpful. He said he would send two tyres on a new order. This was pretty annoying since I already booked the garage for the job based on the estimated delivery date. Just out of curiosity I asked the support person why they hadn't informed me by mail or text that the shipment was returned and what would have happened if I hadn't called them... His response was ""Then it would have taken very long time before you heard anything. It is the customer's responsibility to monitor the order. We have over 50,000 orders per year. We can't keep track of them all""! I think thet's enough said. Now my tyre change, which is well overdue with the weather we've been having, must be delayed at least a week, I guess.",0,1
They do not reply to emails. I am sure they will immediately reply to this bad review. I wrote two emails to them.,0,1
"Deakonline is not delivering my wheels, the customer service is not replying to phone calls, is not giving any useable information in the chat, and is not replying to emails.",0,1
"Very bad service! Sehr schlechter Service. 2 weeks I try to get a person on phone who can help me. First there was a wrong price. After I paid for the new order I need one week (lot of calls and mails) to get an email that they received the money and that they will send it. I received a tracking number but one week they didn’t send. The crazy point is, I call so often and I’m waiting always more than one hour on phone but nobody pick up. And always the automatic telephone announcement says that I’m the next person (number 1). Only my first 2 calls, 9 days ago they picked up and also they couldn’t help me. Now they didn’t pick up, because they see my number?? It’s already 2 weeks and still I didn’t receive my wheels. I chose a service partner from the website for the delivery. But now I see also that the service partner will close now, so I need also change the adress now. But nobody pick the phone and nobody answer to my mail. If since one week the tracking number shows me that they didn’t send, so please change the adress at least now. Now they will answer maybe after one week, when they send to a adress from their service partner which close now and where a delivery is not possible. Than I need wait again few weeks?Just I wait again one hour on phone for a person who can help me but nobody pick up. I want only a contact person who can help me and communicate with me.Totally I wait more than 6 hours on phone during this 2 weeks to reach someone.Very very bad service!!!",0,1
"I have bought from Dækonline many times now. Last time I asked for the wrong size for both front and back on a motorcycle. Unusually Dækonline accept returns and will even collect the tires without cost to me. I do not think there are many companies that would pay return postage over international borders. So many thanks, I look forward to next time and will try to order the right ones too :)",0,5
"This company has given me the worst customer experience ever. I was delivered a crooked rim which caused the car to shake (from the first day). I had it measured and it was crooked. I send it back, but have to pay for a new one, even though I could prove it was crooked. They send the crooked rim back to me - it's almost like making fun of me. What should I use it for...I advise everyone to stay far away from this company.",0,1
Super godt. God web side. God information om dækkene og hurtig levering.,0,5
Effektiv ekspedition og hurtig levering,0,5
Positive 100 %,0,5
God service og hurtig levering Super😎👍🇩🇰,0,5
Very good service - super Fast Delivery - Germany / Denmark,0,5
"Very transparent ordering system, delivery fast. Tracking system with german punctuality. Well packed and 100% quality. Price also very competitive. Thumbs up!",0,5
God behandling og hurtig fremsendelse,0,5
"I chose daekonline for new winter tires / alloys due to their excellent Trustpilot reputation (despite the items being cheaper on competing sites).As I had bought a new car on summer tires (and as it is winter time) time was of the essence. I therefore chose alloys and tires that daekonline.dk reported ""in stock"".After ordering I was immediately informed by mail that the order for the alloy had been sent to processing. Whereas I did not hear anything in regard to the tires (the alloys were no good to me alone – I need both alloys + tires and do not appreciate the order being split up in the first place).After 3 days I contacted daekonline.dk on telephone. I was told that, despite the tires still showing online as being “in stock” this was not the case. No guarantees could be made as to when these supposed in-stock tires would actually be shipped. On the other hand, I was assured that the alloys were in stock and were being processed for shipping.As I was in a hurry I cancelled the tire-part of the order and kept the alloy-part. I ordered the tires at a competing dealer that shipped the items immediately.6 days later – while now having received the tires from the competing dealer I had still not received a track and trace for the alloys. I made contact by telephone again.Now daekonline.dk could inform me that the alloys were not in stock either. Despite still showing in stock on their site, despite being reassured about the very fact days earlier on phone.Frustrated I cancelled the remaining alloy-part of the order, telling myself never to deal with daekonline.dk again.To make matters worse, after having received a confirmed cancellation on the alloys on mail I received a new mail from daekonline.dk days later again.Despite cancellation the item had been shipped. They now demanded that the shop that I had contracted to do work refused to receive the cancelled order that should never have been shipped in the first place.As of writing daekonline.dk has still not released the reserved amount on my account. Despite both order-lines being cancelled.I cannot stress strongly enough, never to deal with daekonline.dkJens Andersen on behalf of Ida Bojesen",0,1
"Ordered winter tire/rim set on 1/11/2021 and after 7 weeks, nothing is happening. SEVEN WEEKS!!!I haven't got any clear answer about my order and every time I contact them I should wait 1 more week or just cancel the order.No one knows what is going on and not interested in solving the issue. Their offer is 10% discount or cancelling the order when I don't even know where is my order.One of the most awful experience ever.",0,1
Tak for god behandling og hurtig levering,0,5
"Nem hjemmeside, god dæk til fornuftige priser, men for lang leveringstid.",0,4
God produkt og fair pris.,0,5
super alt er ok,0,5
"This site works perfectly.Good price good delivery information and quick delivery.Safe, no worries mates!Axel",0,5
Levering precis   som  aftalt    til en god pris Post NORD  levered,0,5
Let at bestille og levering som lovet - super,0,5
"I trust that most people had great experience ordering from daekonline.dk, I think they are great, but unfortunately my experience was not good. I bought 4x Michelin PS4 tires ( 959 DKK each ), order was accepted and money taken. Next day i have received an email that they are no longer in stock and that i would have to wait for at least 2 week. Fair enough, this happens and i was expecting to cancel my order, money back and search elsewhere. Order was canceled and same day i found that they are AVAILABLE but for 1279DKK. As i understand they were just not willing to sell it to me for original price. Well played.",0,2
"Excellent service, fast response, product delivered as expected and with care. I would highly recommend this company. Very trustworthy!",0,5
"God website, hurtig levering, gode priser.",0,5
God og hurtig serviceGod kvalitet,0,5
Super 👍👍👍👍👍,0,5
"I used to buy tires here because of the good pricing. However, in my latest order, I got a defect tire, which I only discovered after the 30 days return period. So, today, I called the support hotline, and asked if I could buy one extra tire, as I needed to replace the defective. I could, but they increased the price from 499 DKK to 629 DKK + freight, total: 668 DKK. When I asked the rather unfriendly support lady, if we could reach an agreement where I paid the original price + freight, as I found the increase unfair (and the tires are available at other online dealers, such as daekleader for 517 DKK including freight!), she bluntly said no. And I had no luck in getting her to help me. Instead, she referred to customer complaints. Very poor service! I am very disappointed and sorry to say that I am not going back to daekonline.dk until they 1) Improve the customer support and 2) give their customers a fair treatment. With all due respect.",0,1
On time and good product,0,5
"Great service, awesome price, great quality. Everything arrived perfectly and in great condition. Price is unbeatable for the quality. Took maybe around 1 week to receive it, so not bad at all, considering I chose a custom set of tires and rims.",0,5
Very bad service. I paid 24th septomer and they cancel the order after 4 days  and until now they do not pay my money back .I bouhgt from them before with latency  But now they steal my money . I contacted danish authority .8th december. I still not get any money althought you send them in 17 november ?. I did not sende money via paypal and did not get any money from you via paypal or other  banks.Our payment information had been send 4times without response,0,1
"Fast delivery,good priceProduct match with description.",0,5
Super god service,0,5
Fast delivery and Top quality of the tires,0,5
Bought 1 tire and it rolled on my doorstep very quick! Pun intended :),0,5
Everything as promised. No problems.,0,5
"decent price, very prompt delivery",0,5
It's just the number 1 place to buy tires for your motorcycle or for you vehicle. Good service and always willing to help.,0,5
"Bought a few times, always satisfied. Would recommend.",0,5
Maybe the best.,0,5
Super store.  I would recommend.,0,5
Super god behandling og hurtig forsendeles.,0,5
"Paid for 4 tires, got only 3Received only 3One tire got lost, and they make this my problemLater edit:Eventually got the 4’th one as well, but still the customer support sucks, they are a mess...Canceled my initial order, I got an ‘automatic’ answer that I am not supposed to pick up the order if it comes. Anyway, I got what I paid for, but the stress while dealing with them was no fun at all!",0,1
God pris og kvalitet .. hurtig levering !,0,5
Det fungerer  - god service,0,5
"Super sted at handle.Bestilte, og dækkene kom som lovet. Perfekt.",0,5
super god behandling og hurtig forsendelse,0,5
det er altid super at handle på daekonline,0,5
"hurtig expedition, god kvalitet.",0,5
Super pris for gode dæk,0,5
God pris - nem og god bestillingsprocedure - god levering.,0,5
Ordered the tyre  in 2020. would have expected at least 2019 production not 2018!!,0,4
Top service og godt kvalitet til fair priser,0,5
Fair prices for all products. Verry fast shipping .,0,5
God og huŕtig ekspedition lige på nær forsendelses tiden som er for lang,0,5
"Good supplier, responsible, and good price.",0,5
Alt ok. God service.,0,5
Levering som lovet!,0,5
God service!!,0,5
Service works really well. Also easy to use the mounting partner.,0,5
"Alt fungerede fint, intet at klage over.",0,5
"God pris, lynhurtig levering",0,5
"Easy and intuitive user interface, good prices, fast delivery",0,5
God service dog er monterings pris angivet uden moms,0,4
good service,0,5
They are fast to delevery and easy to talk to,0,5
As always fast og realiable. Very good Q and price to all wheel agents.Best recommendationsBr RK,0,5
"Syntes at en uges leveringstid er for lang tid.Men ud over det, tilfredsstillende.",0,3
This time there was a long delivery time.,0,4
Super............,0,5
"Om det er CO2 optimalt at løbe dæk i Tyskland kan diskuteres, men besparelsen  er for stor til at lade være🧐",0,5
"Quickly, efficiently. I totally recommend",0,5
For lang leveringstid,0,4
"Nem side at handle på og hurtig levering, er super godt tilfreds 👍",0,5
Super godt service,0,5
"Extremely rude customer service - no service at all!I ordered two tires with additional rims for my Mazda 2. But since I have absolutely no clue as to what rims I need, I asked the customer service employee to just order some for me. He did - but then it turns out that the rims do not go with the bolts of the car - and so I have to return them.You would probably think - cause I assume you are a decent person - that it would be possible of course to return the tires and rims for free.BUT NO! I now have to pay 450 kroner in order to return the rims - rims that I did not pick out myself but had Dæk Online choose for me.I am in shock - I am mad. And I will not pay ANYTHING.",0,1
"I ordered 4 winter tyres at the start of August which were shown to be in stock on daekonline's web site. I need the tyres the following week as I had made an appointment with my mechanics to fit them. I received a confirmation email immediately which informed me that I couldn’t alter the order. I noticed that daekonline withdrew the money from PayPal the same day. The tyres did not arrive within a week and I received no further information from daekonline. I therefore sent them an email, asking for a delivery date. They replied that they would push their warehouse for a quick delivery and that I should have ‘a little patience’. 3 days later there was still no response, and no tyres. I wrote again, asking how much patience they were expecting me to have. I told them I wanted a firm commitment within two days or else they could cancel the order and refund the money. They replied quickly, stating that the tyres were out of stock and that they would refund the money.- There was no apology- Why couldn’t they tell me that the tyres were out of stock when I ordered them?- I have lost kr.80 along the way due to currency conversions and bank costs. Daekonline have, however, earned interest in my money whilst I waited 10 days.DAEKONLINE ARE TOTALLY UNPROFESSIONAL AND HAVE INCREDIBLY ARROGANT ‘CUSTOMER SERVICE’. NEVER USE THEM!",0,1
"Fast Delivery, good price.",0,5
"Make sure that you are not using Paypal as a means of payment if your local currency is different from Euro, as Paypal have a significant exchange rate gap and you therefore will pay a lot more in your local currency compared to any other payment method.Items and delivery was as expected.",0,2
"Bought a katalysator from their website, wrong one delivered, badly made, bad weldings, they wont take it back to look at the poor quality.Is wrong by almost 1 centimeter... Awfull site, no service and not possibility of making a complaint case.",0,1
"Waiting for shipping 3 weeks, many mails in the meantime. Finally order has been cancelled. If u can wait forever, then it's a good choice! 👍",0,1
"Nem internet side, hurtig levering.",0,5
"Efficient, fast, excellent prices.",0,5
Very very bad service!!! I have ordered tire and I have chosen delivery place which is a mechanic shop. After  a few days I called mechanic and they told me that My tire has not been delivered yet but They are going to summer vacation today so I cannot pick up my order until they come back.I called Dækonline customer service and they  told me it’s not their fault that delivery place is closed it’s my fault that I didn’t check before I order if delivery place open or not :))). I told If you offer me a delivery place so it’s your responsibly if place open or not.they were really rude and arrogant and they didn’t help me.I will Never never again shop Dækonline.,0,1
Super hurtig levering. God kvalitet,0,5
Everything perfect! Quick delivery!,0,5
Effective . Perfect shop,0,5
Not to be trusted. Very bad service bought 2 uniroyal 165/70/14 T Rain exspert 3 from them and they were mounted properly on the rim the guy actually pushed them on the rim with tyre soap. So mo machine was used. One of these exsploded on the back of the car lucky not on the front or we would have had a serous accident.We were told to make the tyre ready for pick up which it still awaits. With out seeing the tyre they said that it was a mechanical problem.  What happened to the tyre was not mechanical and what happened was the metal wire  bead of the tyre had broken away from the tyre causing a total air loss.But thease Dæk on line will not cover it.Dæk on line are not to be trusted regarding reclamation’s .,0,1
Super god service.Hurtig levering.,0,5
Et godt sted at handle.Det kan anbefales .God service,0,5
good service direct to my door saves a lot of time and money,0,5
very good and trusly,0,5
De er bare Super,0,5
Det er nem at bester over neteernet og bertale og der kom hurtig frem til mig .,0,5
"Fin levering, men I glemte at send en SMS om leveringstidspunktet.",0,5
Fin side hurtig levering og god pris,0,5
"Good .good service, affordable products",0,5
Super levering,0,5
Exactly as they were described... Very good services and fast delivery. Thanks,0,5
My order arrive early then what they have right in email. ( 3 days )Happy do with my products.,0,5
I have received second hand rims instead of new one. Though they prmised that will send a new ones still unetical behavoiur.,0,1
"Very good,never waited more than 5 business days or less and no mistakes",0,5
God handel og service.,0,5
👍👍 god service.,0,5
God service vare kom som aftalt kun at anbefale 🖒,0,5
Alt var bare super,0,5
Very good service.,0,5
"Top quality, reasonable prices and fast delivery!!!!",0,5
God pris - lang leveringstid,0,3
Super service,0,5
"$148+$15tax, then you go to checkout put your payment info, click pay and in that moment you get charged 30 or 50 extra for ""handling fees"" which cover packaging(nonexistent when delivered) and safe a...See more",0,1
"I am satisfied about the deal with Giga: good side-view of offered parts: it's easy to find what I want and need.
Fast delivery in between stated time.
We will see us for the next season!",1,5
"I ordered a motorcycle tyre -- supposedly in stock -- 14 days ago. So far, the order has not been sent. I tried contacting customer service 3 times, to no avail. Finally, I had to lodge a complaint wi...See more",0,1
"Awesome experience. Easy transaction, fast shipping, and the best price!",1,5
"$148+$15tax, then you go to checkout put your payment info, click pay and in that moment you get charged 30 or 50 extra for ""handling fees"" which cover packaging(nonexistent when delivered) and safe and sound to your door, which is alredy covered by fedex.... so they rob 30 or 50 from you!!! Worst payment experience ever...",0,1
Good service,1,5
Delivery very fast best quality,1,5
"Inexpensive tires and fast, free delivery",1,5
"Fast shipping, Good prices!",1,5
I am satisfied about the deal with Giga: good side-view of offered parts: it's easy to find what I want and need.Fast delivery in between stated time.We will see us for the next season!,1,5
"Awesome experience. Easy transaction, fast shipping, and the best price!",1,5
Never again! I have bought 4 winter tires 22.10. 2023. Delivery supposted to be in 5 days. Than they sent e mail that they will sent just 2. These 2 are delivered. Today is 30.11. and no sign from another 2.,0,1
"I ordered a motorcycle tyre -- supposedly in stock -- 14 days ago. So far, the order has not been sent. I tried contacting customer service 3 times, to no avail. Finally, I had to lodge a complaint with my credit card company to cancel the transaction. Shop at your own risk.",0,1
Ok 5 stele plus,1,5
Alles Top Danke,1,5
Everything went very well and I am very pleased with my order!,1,5
Super.Super!!!,1,5
Great company super efficient and cost effective,1,5
"super schnell, super Servicepartern G+H Weißenhorn (Premio)",1,5
The best !!!!!!!,0,5
Good product and price. All you want in one place!,0,5
"Transparent purchasing process, good services.",0,5
"This site is awesome, I really appreciate the efforts of people that work for it. Every order I placed here was successfuly done. I recommend Giga_reifen.de with lot of trust.",0,5
Everything was perfect and on time thanks,0,5
"SUPER,OK.SUPER.",0,5
"Amazing, super snell",0,5
Alles gut kein Problem,0,5
The First Time an The last I ordered from this shop tires. The delivery was very late after one week they said they can send me two tires. For example I ordered tires from competition and I waited two days. Long waiting time for a refund.,0,1
"It's strange to read that this company manage to do things right, where their counterpart in Denmark does everything completely wrong. Maybe time to restructure in Denmark",0,1
Very Good Giga-Reifen!,0,5
"The 'montagepartner' does not exist, the tyres never delivered, Giga-reifer did not respond to the complaint.",0,1
"Long delivering time, more then week, when they declarating delivering in 2-4 days.",0,1
Top Service 👍,0,5
Extra za te pare :),0,5
"Super, Scnell",0,5
"Received the ordered item just within two working days. Hassle free service, and would not hesitate recommending the service !! Thank you;)",0,5
Ok !!!!!!!!!!!!!,0,5
"Giga-reifen had a good offer on new tyres at Ebay when using a Coupen code. I ordered and the discount was confirmed by Giga-Reifen, but they have still withdrawn the full amount. All direct E-mails and through the E-Bay system is ignored 100% and Giga-Reifen doesn't reply or comment.I have recieved the tyres and they are good, but still no contact to Giga-reifen.",0,1
top...........................,0,5
allles tip top,0,5
"Lowest price for the tire's I wanted, great e-mail communication, shipped right away, recent production date, partner shop 2 km away, it doesn't get any better than this on service. Only negative is the charge for using PayPal.",0,5
pünklich prima super klasse,0,5
Best of best fuer alles,0,5
I have ordered tires twice from here. They prices are excellent and the delivery is super fast!,0,5
Top Service !,0,5
Absolut super!!!,0,5
war punklich,0,5
The customer Service was very good with timely delivery,0,5
SUPER!!!!!!,0,5
4 X Hankok Sommer Reifen TOP TOP TOP,0,5
☺☺☺☺☺☺☺☺☺☺☺,0,5
!!!!!!!!!!!!!,0,5
Swift and efficient service - Highly recommended,0,5
"the order arrived on the second working day, tyres were wrapped tighti would recommend",0,5
The Tieres they sent are not the same as on their web site. The profile is totaly different. And you can not reach the customer Call Center!!!!,0,1
Top!5Sterne!,0,5
super!!!!!!!!!!!!!!!!!!!!,0,5
Super Service.,0,5
"After selecting all necessary points to get the correct tyres for my car I ordered what was supposed by the homepage. 
At that time I was still waiting for my new car.
The tyres arrived an...See more",0,1
"Positive:
- Easy ordering, quick delivery.
- Easy return, including pick-up.

Negativ:
- You can't get in contact with the customer support. Neither by phone, nor by chat. Don't get any react...See more",1,4
"Tried to cancel my order since the stated ""2-3 days to delivery"" turned into 2+ weeks. Went through their automated cancellation process (which is a bit bumpy), stuff got delivered anyways. No respons...See more",1,2
"Perfect ! 
Wrong dimension ordered first !
After calling (the only negative: after 50 min waiting) very friendly conversation!
Change and reimbursement without extra costs in 5 days !!
Thanks !
P...See more",1,5
"After selecting all necessary points to get the correct tyres for my car I ordered what was supposed by the homepage.At that time I was still waiting for my new car.The tyres arrived and everything was looking fine. Once I received my car I realized that the dimensions/specifications are not listed in the certificate of conformity for my car.Upon realisation I tried to call the customer service, which ended in a AI Bot and not a real human.So I tried the live chat, again just a bot and also via WhatsApp just a bot.It said that it will connect with a human in 5 minutes.Well these five minutes will take hours.And IF someone is writing, it will take them more than several minutes to answer, so that you will eventually be reconnected with the bot and the whole trouble starts anew.The whole process is annoying and in addition I now have to get special permission to use these tyres. If not it was wasted money. In any case it is additional cost, which is unacceptable.If you ever need help, you will not get it.It is a waste of time that you will never get back.",0,1
I got both tires delivered on different dates but always got informed about what is going on..,1,5
Everything fine. Good webshop.Operational fast. Delivery one week to Austria. Would order again.,1,5
"Fair prices, fast delivery.",1,5
"Attractive price, short delivery, good quality, what elese",1,5
Not the right delivery date. It came 4-5 days later.,1,2
"Second time, i bought tires. Bought times, get a Massage, your fright is not complet.No way to send a Mail back, to ask what happens.Few days later, the delivery arrived complet and in time.Everthing was ok,  but my nerves.",1,3
works always perfect for years now!,1,5
Perfect !Wrong dimension ordered first !After calling (the only negative: after 50 min waiting) very friendly conversation!Change and reimbursement without extra costs in 5 days !!Thanks !Ps: more phone operators…..😊,1,5
"I‘m customer for about more than 20 years, I suppose. All worked well except last time. I ordered 4 Nankang Econex 205 55 16 for 148,93 at the beginning of April, after two weeks I got the information that they are not available, therefore I ordered 4 Falken Sincera 205 55 16. They were delivered after a few days to a garage which is no longer Partner of reifendirekt. So I had to pick up the tyres and bring them to another garage to mount them and fix them, which was more expensive. After the montage, on the same day I got an e-Mail that the 4 Nankang tyres will be delivered the next day. I was very very angry because I was told not available.So I phoned Reifendirekt to cancel this delivery, which was really hard work and exhausting, because I was in the queue for two hours. Finally I managed it. Next time I will buy the tyres at the next garage, pay 20€ more for 4 tyres, but save nerves and much time.F. Simonis",1,1
"good prices, well organized web, correct communication, extra discounts",1,5
"Fast shipping, delivery on-time, good prices…",1,5
"good, cheap, fast",1,5
"I was very satisfied with the ordering process and the delivery from reifendirekt. Everything went smoothly and efficiently.However, the tire I received has a DOT number of 1624. While the service was excellent, this older DOT date is the reason for my 3-star rating.",1,3
"I ordered 4 new tires from you. 3 are from Poland, manufactured in 2024. And 1 tire is from France, manufactured in 2025. Why is this?",1,1
The tires where quick delivered.They run great.Just as note DPD delayed the delivery by 3 days because of not enough room in the car.,1,5
"Good offers, good transport.Everything okay!",1,5
"best quality, best delivery , always on time",1,5
"Everything went fast and easy, from selection to order to delivery. This.",1,5
This was my second order from reifendirekt and there is nothing left to say than that everything was perfect.,1,5
Top alles ok,1,4
"simple ordering process, delivery earlier than promised",1,4
Quick delivery.Brand new tires.Good service,1,5
Easy website for choosing (comparison function). Good price.Quick delivery.,1,5
"Great service, fast processing, very good support",1,5
"it worked out fine - the right tires where delivered in time, price is good, thanks to your crewMike Stuckey",1,5
perfect shop,1,5
Everything was super quick and easy. I will definitely book again with them.,1,5
everything from the initial order to the delivery went smooth. reifendirekt sent mails at every step of the way. it couldn´t have been better!!!,1,5
Friendly and quickly service. I'm really satisfied.Thank,1,5
Very good Service,1,5
Cheap and fast and uncomplicated,1,5
All right! Everytime again,1,5
Tire came fast and was not damage. I could not ask for more,1,5
"perfect, as ever",1,5
"Nice Description of Details, fast delivery.",1,5
"purchase and delivery was easy, quick and uncomplicated.",1,5
"very uncomplicated, great sortiment",1,5
Simply perfect! Fast delivery.,1,5
"Positive:- Easy ordering, quick delivery.- Easy return, including pick-up.Negativ:- You can't get in contact with the customer support. Neither by phone, nor by chat. Don't get any reaction on emails.- Refund said to be next day 12.12. , came actually 23.12., taking 12 days.As long you don't need the support and don't make a mistake as I did, I can recommend the company.",1,4
"Absolute garbage of a website.There is no way to contact them, they do not reply to anything - email, chats, etc.The 2-5 days delivery time of their website is an utter lie. I am now waiting for 11 days, no tire has ever left their warehouse.",0,1
Everything was fine!,1,5
Wrong delivery. Instead of delivering 4xR16 you delivered 2xR16 and 2xR17.Until today no reply to my immediate reclamation!Mayer,1,1
"Bought winter tires for my wife car.All information relevant for the correct selection of the appropriate wheels available at the online shop.Fast delivery, good communication,very reasonable pricing.Fully satisfied with products and service",1,5
"Good web site, fast Delivery",1,5
they delivert the wrong dimension. No response,1,1
"Tires were delivered efficiently, good tires, at good price.",1,5
"Uncomplicated ordering, fast delivery - I'm thrilled!",1,5
"Quick delivery, as advertised",1,5
"Perfect, well done and very fast",1,5
"Fast, everything OK !",1,5
"Do not buy from them! They lure you with small prices, then they make you wait two weeks for your order and say it's not in stock. I did get my money back so I am giving two stars",0,2
"Tried to cancel my order since the stated ""2-3 days to delivery"" turned into 2+ weeks. Went through their automated cancellation process (which is a bit bumpy), stuff got delivered anyways. No response to 2 emails.",1,2
you don't get a response to an email,1,1
No update on status for 5 weeks. usually delivery should be done in one week. no possibility to reach support. I am only giving two stars because the delivery arrived finally.,1,2
I did not get the Tyres till now.,1,1
The delivery time for the tires was longer than the time estimated by the company. I had to pick up the package myself because the GLS delivery company did not bring my tires to my house.,1,1
Perfect Deal. Quick delivery. All OK.,1,5
fast and uncomplicated delivery,1,5
"Too long delivery time almost two weeks, to be fair it was at the start of the season, usually delivery within a week, tires themselves are fine, not too old.",1,3
The price was amazing and the product was good. We ordered 4 rims with tires on it and everything fit perfect.,1,5
I got my order and after puttinf the tire on i just started driving and all the sudden the tire popped and i have to get a new one again .,1,1
Top! ⭐⭐⭐⭐⭐+,1,5
"Ordered second time already, again happy with the product and the fast delivery!",1,5
Quick and accurate delevery.,1,5
"Fast delivery, good Service",1,5
"All is ok, not the least problem",1,5
Painting Company,1,5
"Fast delivery, price, production of car tires from this year. Everything was perfect.",1,5
The goods were not properly packaged. Rims scratched and defective (dent). The worst thing is the support. You can't reach anyone and you don't get any email replies... This company is just annoying,1,1
"Fast delivery; large selection, cheap prices",1,5
"I am very satisfied with the product, great value for money.",1,5
"Unfortunately I haven't received all the tires yet, I've been waiting for the 4th one for three weeks",1,1
"Efficient and clearly structured Webshop, Delivery on time.",1,5
Very fast delivery but the communication with business partners should be improved in a way that they are also informed about the direct delivery.,1,4
Bought from Reifen Direkt for the third time. Price and delivery are excellent!,1,5
The best and ceapest,1,5
"The tires were delivered earlier than expected, and good prices for them compared to other websites!",1,5
Best price and fast delivery! I Recommend 5 *****,0,5
Kein After Sales Service vorhanden bei Reklamationen,0,1
"The tires did not arrive in the publicized number of days. In fact, the tracking information shows that transit haven't even started yet!When I call their phone service, no-one would speak english with me, cannot even cancel the order :/Very dissatisfied.",0,1
"I was very pleased with the speed of delivery, the price of the goods and overall quality of the service. Thank you!",0,5
Super Ware super Service,0,5
"Very gut services, but I will appreciate more if you can have somewhere written on the site, the transport approximation time.",0,5
tool coooool,0,5
top service!,0,5
Everything fine. Fast shipping.,0,5
Top!!!!!!!!!!!!!!!!!!!!,0,5
Super Schell,0,5
Super Service,0,5
No Comment! ;))),0,5
"Look dekkonline.com and dackonline.se on facebook you will see how this company acting when it get some kind of problems .Its a lot of customers with problems including my self.General Terms and Conditions isn`t worth anything because Delticom.ag dont care what they wrote. Dont buy from them, you will get problems.",0,1
betrug BETRUG,0,1
super   DAAAANNNNKKKKEEEEEE,0,5
"Price was extremely fair.Ordering was uncomplicated.Payment was easy.Follow up communication was great.Delivery was even sooner than anticipated.All in all, this purchase experience couldn't have been better.",0,5
"""not so easy""  to order (troubles with the homepage), but fast delivery",0,5
Tyres delivered to my door fast and at the right price... thank you,0,5
TOP !!!!!!!!!!!,0,5
"A very good and prompt service, I will order my next pneus here too.",0,5
Quick delivery,0,5
actually i'm planning to make a day off on the scheduled delivery and their's  a surprised call that delivery is on the way  ..never expected that come 2days earlier.. a big Thanks,0,5
"fast delivery, product in perfect shape, well designed website!",0,5
Online Ordering System simple and delivery to Austria within a few days without any additional charge - excellent.,0,5
"Good product, excellent service",0,5
alles super no Proplem,0,5
Top Service!!!,0,4
nie entäuscht worben,0,5
excellent service!,0,5
Best service,0,5
:-)...............................,0,5
Top service!,0,5
...........,0,5
"Great service, fast shipping thank you very much",0,5
seer guuut .......,0,5
"First, the ordered complete wheels came in late.Second, due to defective packing, the plastic centre rings were broken during transport and the inner surface of one alloy rim was damaged.Third, one tire was mounted on the rim in contra-sense.Fourth, due to bad fixing tape and/or badly prepared surface (lacking grease removal procedure), several balancing weighs were lost when putting the wheels onto my car.Pointlessly awaiting any constructive response to my first complaint,-	I had to have one tire mounted in proper sense;- 	I had to have all four wheels duly balanced anew;-	I drive on the new wheels with fitted broken plastic centre rings;-	I lost time and money.",0,1
Fast Delivery. Great quality. Good prices. Highly recommend.,0,5
Very pleased with allthank you,0,5
Tip top! Funktionirt echt toll!,0,5
ok supper gut,0,5
Very good and quick as described!!I will by the next tyres also from them.,0,5
Fast and reliable delivery. Never had a problem. Higly recommended.,0,5
Thank you very much.,0,5
Super service!,0,5
Would recommend them to everyone,0,5
Super Service,0,5
All good. Happy with a delivery and tires,1,5
"Just avoid this shop. Ordered set of tires, select a desired auto shop for montage via the website only to later learn that they used a wrong address. To make the story even worse, they shipped the it...See more",0,1
The tires were delivered really quickly. No issues. They have a big variety and good prices.,1,5
"Very fast delivery
Very good tiers
Perfect👍👌5⭐️",1,5
All good. Happy with a delivery and tires,1,5
"Best prices, very fast delivery. 10 stars",1,5
"Worst experience ever. I ordered a set of winter tires on November 3rd. Their policy asks to allow 8 to 9 days after order date for delivery. On the 9th day after the purchase, I wrote an email on their customer service system stating I had not received my tires as well as no tracking information. The reply came 2 days later asking me if I had received the tires, which up to today I still haven't. I have written several emails and even through their WhatsApp system to which I still have not received any answer. On the 23rd of November I went to PayPal to request my full refund. As per PayPal policy I have to allow them to respond until December 12. I am still waiting on a resolution after spending 800 euros with this company. I was simply trying to save 60 euros for the same tires at another website and now it's costing even more as I will have to pursue with my attorney. These people are ridiculous, you call their number and exactly after 10 minutes on hold you receive an automated message saying to call them again because they're busy. I mean, how many employees do they have? Only 1?!?! Please avoid these company as they will simply get your money and you will not receive your goods nor a simple response about the status.",0,1
"Just avoid this shop. Ordered set of tires, select a desired auto shop for montage via the website only to later learn that they used a wrong address. To make the story even worse, they shipped the items that got returned back to original wrong address 10 days after the original order.",0,1
The tires were delivered really quickly. No issues. They have a big variety and good prices.,1,5
Super Information wann wie geliefert wird!,1,5
Very fast deliveryVery good tiersPerfect👍👌5⭐️,1,5
Alles ok.Ware top !,1,5
Gut.. hope next also gut,1,5
"Everything as always good ordering, paying went all well. Reifen Pneus has shipped the items very same day of order or directly the next day. Unfortunately DPD took 8-9 days to deliver the tires. That was the only negative experience.",1,4
"Wery fast delivery,tires are frech new,highly recommend👍",1,5
"Super Schnell, Top",1,5
Very good and the price was low thank you !,1,5
they sent me an email with an answer related to a different order and costumer. I have asked for correction and clarification and I still didn't receive any answer. I do not have idea where my wheels are.,1,1
"Thank you so much, it was a perfect work.",1,5
War ALLES OK !!!!,1,5
"Super,,,super,super,super,super,super,super,super",1,5
I have been purchasing my tires from Pneus Online for almost 4 years and they are the most reliable internet tire delivery service online.  The deliveries are always on time reliable and for a fair/honest price.  I can only recommend them to anyone who wants to purchase tires online.,1,5
"Delivery was super fast. Received them in 4 working days, although the delivery period was 8-10 working days. The DOT is also 38/20. I am happy.",0,5
"Great overall experience.  I have a less common tire size and they carried a variety of tires - in stock - in the correct size for me to choose from which was not my experience at other locations I looked at including local tire shops.  The prices were excellent, the website was easy to navigate and there was free delivery of the tires was within 3 business days right to my door.  Highly recommend.",1,5
Alles Tip Top gelaufen. Top Firma.,1,5
"No comunication to buyers.I was ready to cancel the order. I wait 11 days and then i've got e-mail that GLS will bring it on next day. Why the company lie people, that will deliver the goods  in 3 to 5 days!!!",1,3
"Super Shop, gute Ware",1,5
"So far so good. Excellent product choices, good prices and fast delivery. Conditional 5 star because it will be a while before I use it and then will know if tire is balanced well and not defective. Now it is not possible to tell.",1,5
Sehr gut .. Super💪👍,1,5
Top!!!Danke..,1,5
solides Angebot. Monatepartner Integration verbesserungsfähig.,1,4
Top Leistung,1,5
Top service !,1,5
Tip Top......!!,1,5
"Fast, reliable, updates about the order and very easy to work with.I recommend !",1,5
alles Top!!!!!,1,5
Super.Alles zer gut.,1,5
Easy web site to use. Very fast trouble free delivery. I'll be back......,1,5
Superb !!! 10 pts,1,5
alles Top! Danke,1,5
Delivery in time. Everything OK,1,4
"Fast delivery, great tires, and can't wait to use them.",1,5
"Super,,,,,,,,,,,,",1,4
War alles super,1,5
******Top******,1,5
Alles bestens,1,5
"September 22, 2017, Reifen Pneus-online delivered me tyres regen from DOT 17.15 from 2015, more than 2 years old!",1,1
"Delivery very fast (2 days), good products, good price ! I recommend 100%",1,5
Super 👍..... ....,1,5
Had articles send to hotel address in Germany for pickup. That worked will as no shipment outside Germany.,1,5
"I placed an order and found that I did something wrong. I tried to decline the purchase (in Germany you can decline within 14 days), but delivery arrivedand has been placed in front of my neighbors door. So I was unable to reject the delivery.Company is not reacting on any email.",1,1
Nix negatives,1,4
"The reason is that (according to the manager) - that tyres were missing at the time of delivery. So they changed the order by theirself and not confirmed with me. So now they arrange the courier again to pickup the erroneous parts. And the money they will return back once they will receive tyres back to their warehouse. So I lost 1 week for almost nothing. And now I need to order the tyres again, but in that case I will choose another company.",1,2
Super Service,1,5
Top !!!!!!!!!!,1,5
Slow reaction on requests,1,2
The best Service ever.....👍👍,1,5
It's a perfect action to make my customer angry.,1,1
"Aufrag gilt laut Status in dem Bestellvorgang als erledigt. Trotz unverschämter Telefongebühren während der angegebenen Geschäftszeit nicht erreichbar.Order only 50% fullfilled, even the order status on the webside is completet. During businesshours nobody in the callcenter availlable. Charching ridiculous amount per minute to say, that the office is closed.",0,1
"Clear site, easy to order, efficient and secure.",1,5
"The delivery took quite a time, but finally I got it at the very last day before departing from the address the tires where ordered to. So, this was a bit nerving, but finally was OK.)) The more disap...See more",1,3
"Very good price, fast and reliable service.",1,5
"Super price, fast delivery",1,5
"Good service, quick response to send the tires",1,4
"Super price, fast delivery",1,5
Super Service!,1,5
War alles in Ordnung.,1,5
Bestellvorgang verlief absolut problemlos.,1,5
"Good service, quick response to send the tires",1,4
Reliable website. Very nice customer care. Quick delivery.,1,5
"Very good price, fast and reliable service.",1,5
"The delivery took quite a time, but finally I got it at the very last day before departing from the address the tires where ordered to. So, this was a bit nerving, but finally was OK.)) The more disappointing fact is that the tires are already year old....Produced in 2021...That is a pity as normally I am not using tires older than 4 year....So, one year down for this set....",1,3
++++TOP!++++,1,5
"Good Service, fast delivery and my tyres arrived in good condition. What is not to like. Thank you motorradreifendirekt.de. Recommended!",1,5
"Alles Super gelaufen, Montagepartner hat alles Super geklappt. Preis war Top.",1,5
Very good! Thx,1,5
Super...............,0,5
Super gut👍💨,0,5
Top!.............,0,5
"Super schnell, alles TOP!!!",0,5
Fast deliveryTop qualityPerfect,0,5
"Alles Top super schnell, super Ware!!",0,5
"Super Service, super nett.",0,5
Top!!!!!!!!,0,5
Superservice!,0,5
Top !! Alles in bester Ordnung,0,5
"super schneller Versandt, top",0,5
Prompt geliefert. Top!!,0,5
flootig u. gut!!!,0,5
Alles supper,0,5
alles lief wunderbar... Alles spitze... Thankyou for the Excellent Service.,0,5
Somehow they managed to write down not a full address that I provided. So the shipment was lost and i had to deal with delivery company to get it.,0,1
Super 5Punkte,0,5
Super service !,0,5
Top war der Service,1,5
"Good service by the local dealer but the alloy wheels were delivered without the correct bolts and without the centering rings !
This was solved in the next working day but I had to come back to the...See more",1,4
I used this site to buy me new winter wheels set. I have no idea where to go since everything is new to me. I searched the Internet and I found this site. Everything worked perfectly. I paid what was...See more,1,5
"I can not sort
I can not choose the color
Contact number is unavailable",1,1
Top war der Service,1,5
Absolut top 👍👍👍,1,5
"Very good service, efficient and easy from both the website and the car service",1,5
Super!!!!!!,1,5
Good service by the local dealer but the alloy wheels were delivered without the correct bolts and without the centering rings !This was solved in the next working day but I had to come back to the dealer.,1,4
Gute KommunikationMontagepartner Reifen- Netto Wiesbaden.Alles top.,1,5
Top service. Danke,1,5
Was great... any expats that want to compare tires and what not... I'd highly recommend this service.,1,5
I used this site to buy me new winter wheels set. I have no idea where to go since everything is new to me. I searched the Internet and I found this site. Everything worked perfectly. I paid what was stated.,1,5
I can not sortI can not choose the colorContact number is unavailable,1,1
You have no affiliation with the garage,0,1
Great price and very friendly garage.,1,5
EXCELLENT 5stars,1,5
"Läuft, alles top",1,5
Top. Top. Top. Top.,1,4
Alles top. Danke.,1,5
Super Ablauf ! Stammkunden gewonnen 👌👏👏👏,1,5
es hat alles gut funktioniert,1,5
Top service  and good team work. I am very happy.,1,5
es hat alles gut funktioniert,1,5
Alles absolut Super geklappt!!!!!!Weiter so.,1,5
"super toll gelaufen, super Service",1,5
The next time I will come back to this webseit,1,5
"They had given me this tracking number of DPD post  0130 5134 4417 44 x 

 This fraud people Dirk has given me this dpd tracking number, which doesn’t exist, neither tyres nor money back, I am goin...See more",0,1
"I ordered a pair of Nokian tires for one of my cars. They arrived from Germany within four days. 
My own garage (in The Netherlands) had advised against it ‘because the tires would have an old prod...See more",1,5
"Good price and deliver at your doorstep or garage.
No information on exact delivery though. Happy my neigbours could handle the request to throw four tires in their corridor. Better is to deliver at...See more",1,4
"Good variety and good prices. My main issue is with the slow delivery. I ordered 4 tyres of 2 different types. My order was split into two deliveries, and the deliveries arrived in two different days,...See more",0,4
"They had given me this tracking number of DPD post  0130 5134 4417 44 xThis fraud people Dirk has given me this dpd tracking number, which doesn’t exist, neither tyres nor money back, I am going to complain consumers commission too,SO, be careful guys, they are bunch of fraud and liars.",0,1
"I ordered tires, something went wrong with the shipment and they didn’t inform me. After speaking to an AI agent on the phone I managed to speak a real person. They were not willing to solve the issue within a realistic timeline, just giving me a refund. Thanks to them I have to pay rush fees at the garage and additional premium costs for tires that are off the shelf available. Probably you’ll be satisfied with this dealer if all goes well, but if things go wrong, don’t expect them to go the extra mile or even inform you that your tires are not being delivered.",0,1
Great prices and fast delivery!,1,5
"Good price, delivery at the garage, only delivery took a almost a week longer so we had to change appointment at our Garage. (Deliver took 11 working days, including Eastern)",1,4
"I did not get the tires I ordered, they have the wrong size. It was unclear how to send them back and the customer service is hard to reach. After reaching the customer service it was fixed and the right tires are now underway, so that's positive.",1,3
"I ordered a pair of Nokian tires for one of my cars. They arrived from Germany within four days.My own garage (in The Netherlands) had advised against it ‘because the tires would have an old production date’.No such thing, produced 12-24, 4 months ago. The price was excellent, unbeatable actually.Highly recommended.",1,5
Delivery is fast and you are kept well informed at all steps up to delivery,1,5
"Great choice, great price, fast delivery.",1,5
"Big choice, very good price. Shipping can be a little faster, but I knew that from before. Over all very good.",1,4
"The tires I ordered were delivered within a week from Slovakia to Holland. Good price, very recent production date. I was informed during transport about the logistic process.",1,5
"Second time buying tyres from autobandenmarkt and again a very good experience. Very good price, enough information about the tyre and quick sending and receiving. I recommend ordering your tyres here.",1,5
Large selection of brand tires and fast delivery,1,4
I'm buying second tibe from,1,5
Deliver what  I order in expected quality.,1,5
"fast delivery and tires only a few weeks old, very good experience",1,5
The delivery took 8 days in stead of the promised maximum 4 days,1,2
"Special price,Quick delivery,tyres top.So ,good deal!",1,5
"Good website, easy to order and pay, very fast shipment",1,5
"I was unpleasantly surprised about the day and time of delivery; I received an email at 7:00 in the morning and 2 hours later the tires were delivered. I was at work at the time....I received a call from the carrier and luckily my neighbors were home, otherwise he would not have delivered them.",1,3
"Like always ....Easy to order, quick delivery, right specs, affordable!",1,5
Motorcycle tyres with 2 and 3 years old DOT-number,1,2
"After having bought 4 winter times, I found out that the same tires were offered at 30% lower prices by other companies.It was impossible to leave a complaint in a form on the website and after contactinformatie the service desk nobody got back to me.",1,1
"Easy to order, fast delivery.",1,4
"I always order my tyres at this site.No problems only the dpd didn't notify when they would be deliverd.Pricewise cheapest and best service and new tyres, and not 2 or more years old.",1,5
It tooks a little bit longer than i expected,1,4
The prices are good only the delivery is to slow. More then 2 weeks?,1,3
"Easy to order, quick delivery, the only critic I can think of is that the delivery was without communication but since it was delivered very quick I’m (very) happy",1,4
Got 4 tyres that are 2.5 years old but ordered New ones.  My complaint is completely ignored.  Thank you  !,1,1
"tyres are ok, price ok.shipmentcommunication is far under average; link to DPG on your website doesn't work.",1,3
Always great prices for good tyres. Just order on time because it can take some time for delivery.,1,5
I have made several buys in the past and now again very satisfied with the tires for my new car,1,5
Good reliable company just uses dpd as delivery company wich isn't the fastest and splitses your delivery of 2 pakages of 2 tyres each into 2 packages wich arrive seperatly 4 days apart.,1,4
"Tyres where almost 3 years old,that was disappointed3-2022 DOT",1,3
"Good website, delivered within the promised timewindow.",1,5
reliable partner - delivery on time -,1,5
Good service and livery👍,1,5
Information update during shipment could be better/easier. But tyres were delivered within reasonable time (2 weeks).,1,4
Easy to order ang Great Information about your Order.,1,5
"Quality is excellent, but production was much later than promised, and information about that was virtually absent. The delivery itself was weird: DPD did not have the delivery data in their system, and the wheels unexpetecdly arrived a day early! Luckily I was home that day.",1,3
Good delivery : satisfied,1,4
"Good price and deliver at your doorstep or garage.No information on exact delivery though. Happy my neigbours could handle the request to throw four tires in their corridor. Better is to deliver at you garage if you do not have a good relationship with your neighbours or want to keep the relationship good. Orderd many times here, never had a problem.",1,4
Good price and fast delivery,1,5
The tracking of the tires when delivered directly to a service partner is unclear. You don't get an email when it is delivered to the service partner. Therefore you remain unsure whether your tires have arrived or not.,1,2
"fresh tires and, as for me, fast delivery.",0,5
Best price. Delivery on time and in good condition.,0,5
Top goed prima,0,5
Excellent.Quick supply of the ordered tires at a local tire center nearby. Only remark was that I was not informed that the tires had been delivered to the tire center. So installation could have been done sooner.,0,4
"Good variety and good prices. My main issue is with the slow delivery. I ordered 4 tyres of 2 different types. My order was split into two deliveries, and the deliveries arrived in two different days, 4 days in between. In total it took almost 2 weeks before I got the tyres at home. I will use this shop another time though.",0,4
Fast and professional service.The product great quality (tails  Uniroyal / RainSport ),0,5
Cheap prices and easy to use website and fast and e3fficient delivery. Keep up the good work!!,0,5
It was easy to choose the tyres and it was delivered in quick time as well. The website is quite nice and friendly.,0,5
"it was quickly came as promised, nothing negative.",0,5
Top service!,0,5
"Bad services, whether by you or by the GLS. My request was made since 4/9/2021 and until now I have not received the request and there is no information on the date of its arrival.",0,1
"Every time I was buying something from this shop, everything was going just perfect. Thanks for a great service.",0,5
"Good products, a little slow delivery.",0,4
Top quality and very cheap,0,5
"prima, aftersales is heel attent en oplettend.",0,4
"precis geschreven, hoog value-for-money materiel",0,5
Super     Snel en goed.   Thanks,0,5
"Very happy with this company, bought 2 motorcycle tyres and used a company they had recommended. Perfect.",0,5
Goede website en prima follow up met afleverdatum en tijd./r,0,5
"Ordered and paid in advance for just a simple article (Meguires Leather Cleaner & Polish). After not hearing anything after confirmation of my order, I called and got a horrible computer automated 'service agent' which didn't help. Finally spoke to a real person and I was informed that my order would take 2-5 days to ship. 2-5 DAYS for a standard product that was supposedly on stock??? Come on, it's not 2005 anymore. She promised me she would look into it and now I receive a mail stating that due to the large number of orders they need to process my order has been delayed. And still no date or indication of when it will be shipped.Very disappointing. Next time, I'll gladly order at a webshop that delivers the next day and pay a bit more. Still looking for a good set of wheels and winter tyres but I'm not going to come back to this site to purchase them. Order nr: RD 4081588",0,1
"Online purchase was smooth, however I wouldn't recommend a garage place where they put tires on-appointment at 8am, a garage was open at 8:40....",0,4
"Fast delivery, low price, good service",0,5
"Simple ordered, quickly delivered and freshly produced tires, fabricated just four months earlier and all same inprinted dop.",0,5
Price / Quality excellent,0,5
"good and cheap tires, with few days delivery.",0,5
Last week (week 30-2019) I received my tires. The tires (Toyo Proxes Sport) are almost 1 year old! Production stamp indicated 3518. Not what I expected from newly ordered tires.,0,2
"Very good price, very fast and good product.",0,5
Very good shop.,0,5
"Ordered tyres 3 days ago and it has been stated on email that delivery that is expected to be 4 days later (tomorrow in my case), after dropping them a call and asking why GLS still did not picked up the order, they sent me an email that delivery is delayed, again with no other option or any date or whatever. First time customer, but so far so bad experience, I believe if I wouldnt even drop a call, I could be waiting just days and days and still nothing would happen.UPDATE: the delivery has been sent out shortly after this review,order: RD 38820425",0,2
Very fast shipping and great customer service and high quality products with competitive prices!So grateful to you my order arrived at the right time.,0,5
Super service,0,5
Top zaak alles supersnel geleverd.  Perfect,0,5
"Order # RD 37027700First what is disappointed me is that company doesn't know the status of my order. I got plenty times generic reply due to high amount of orders.... and so on. I quickly went trough the feedback about this company and found that such situation is touched a lot of clients. That what need to be improved in their work - proper information about the status of order! So, instead of 3-5 working days as it mentioned everywhere on their website I was waiting almost month! Without even understanding how long I need to wait more. And only one solution from their client support was - please cancel the order!!! Terrible service in this case.Second disappointing is a quality of tire-set itself (balancing). After installation of the wheels we got a huge vibration while driving. And we need to spend some additional money and time to solve this.But I should add a positive point - that is a price! Best proposal within all companies what I checked so far.",0,2
"I waited more than 3 weeks, there was literally no information at all about the status of my order. I emailed and called several times, same. Had to cancel a planned vacation due to weather, and I also ended up cancelling my order here. On the phone they promised compensation, but now they're claiming it's paid already (not true). I would NEVER order from them again.",0,1
transparante website en correcte levering en communicatie over levering,0,5
"I ordered size 175/50/R15 and received 195/50/R15. They replied on my email pretty quick and made a new order for me. So the next time I was waiting in my house for the whole day to be able to check the tires in the presence of the courier. Again, wrong size 195/50/R15. I hope I will receive my money back soon.Order number  RD 36343051 & RD 36401165//UPDATEIn case anyone is wondering ...I still haven't received my money back (it's 13-11)",0,1
"Excellent service, good prices!",0,5
"Simple, Cheap, Fast delivery. Absolutely good.",0,5
Correct delivery of well packaged car-wheels in 2 separate batches of 3 and 1 weels at the door. The delivered complete wheels were fully balanced and with adequate tire-pressure to immediately mount and start using them on my car. So only the delivery in 2 separate batches required some additional patience - but was not a problem.,0,4
Excellent service provided.Very easy to order. Good range of brands and prices.Excellent delivery time.,0,5
"Michelin PILOT POWER 2CT Rear 180/55 ZR17 TL (73W) M/C, Achterwiel super snel ontvangen en ligt goed op de weg.",0,5
Prima website.,0,5
toptoptoptoptop,0,5
Surprised by it's perfomance,0,5
I am very satisfied.,0,5
"Good price, as its less that some of the shops. But not cheapest than other stores. There are other online shops which are cheaper, which I came to know after I have ordered in this.",0,4
Perfect flow of events.,0,5
Good but slow; on stock tyres ordered Sunday delivered Friday. Delivey time could be mentioned more clearly in ordering process.,0,4
Prima service,0,5
Super service.,0,5
"Highly unprofessional and unreliable company. I have placed my order on 2 November. After 3 weeks 3 good wheels were delivered and one with the wrong size tyre. Since that time the company is not able to fulfil the order. The customer service is rejecting escalations and not providing any delivery date. Despite ,multiple requests , they are even refusing providing their position in writing.",0,1
"I ordered the tires on August 8 and as per end of today (August 17), I did not received any tires. While I did receive a statement confirming the receipt of the payment I made, I still have no confirmation that the tires were even shipped.It would be nice for the customers to know in what stage the order is, so there is room for improvement!",0,1
Great service tyres came 2 days earlier than expected. Definitely will be using autobandenmarkt again and will recommend it to friends and family.,0,5
Even big tires can be found easily and quickly. Very convenient to order the tires you want and have them delivered directly and very fast to a recommended montage service.,0,5
"I have bought already 3 times in this web shop, and it has been always really good experience. The products are always good and the speed of delivery is amazing. Thanks.",0,5
A couple of days after ordering they were under my car. Super service.,0,5
Great service. Fast delivery . and best prices,0,5
Prima service!,0,5
"I have used this website and have been very satisfied withthe selction of tyres, partner garages and speed.",0,5
SUPER SERVICE,0,5
"The tires are very good, fast delivery!!",0,5
Supper !!!!!,0,5
prima service,0,5
"fast delivery, but I did not receive the plugs that go on the rims for the center hole",1,4
"Delivered in time, good service and response",1,5
"Super gut,Topp",1,5
"Smooth transaction, prompt delivery, tyre arrived as ordered.",1,5
"fast delivery, but I did not receive the plugs that go on the rims for the center hole",1,4
I still didn't receive the package after 16 days.,1,1
never sent the invoice. purchased from them as a business expense and they we impossible to communicate with about receiving a proper invoice for uploading to our tax software.I have sommunicated mutiple times and been completely ignored.-JC 2-Cycle GmbH,1,1
"Super service, speedy shipping.",1,5
"Delivered in time, good service and response",1,5
"I have placed an order 6 days ago, the payment is withdrawn from my credit card. It says within 2 days if I cannot receive a tracking number I can contact customer service. However, there is no customer service. All the links provided on the page are dead end, the answer to all my attempts to reach them are answered by AI, telling me I will receive my tracking number 2 days after the order. There is no cancellation link, the only cancellation is for the membership if I want to. So after 6 days, the money is paid, no tire no answer.I had opened a ticket, as well,  before writing here, and it was, too,  a futile attempt. I have received a tracking number and an answer only after writing here. Many thanks to TrustPilot for helping me get a response.",0,1
"Smooth transaction, prompt delivery, tyre arrived as ordered.",1,5
They weren't sending tires for month and after contacting them and saying we want a refund they suddenly foundation them. They refused to pay back for tires which one we didn't pick up (about what they were informed) so they have tires and money now. That company is scam!!,0,1
"I got it in time, product was as they say it is. Happy with my purchase",1,5
Top!Super fast delivery,1,5
"I had a terrible experience with this company regarding a failed delivery. Despite working from home and being present during the alleged delivery attempts, I repeatedly received notifications claiming I was not home—this is absolutely untrue.When I reached out for clarification, their response was dismissive and unhelpful. Instead of taking responsibility or offering a real solution, they blamed me for the failed delivery and stated the parcel would be returned to the sender. They also mentioned that I would not receive a refund for the transport costs, even though the issue was clearly not my fault.What’s even more frustrating is that the company knows how poor their service is—they don’t even provide a phone number for customers to contact them. Instead, they force customers to resolve issues through impersonal support tickets, placing all the burden on us.This level of service is unacceptable, and I would not recommend this company to anyone.Order number: DE-1224-00113 just FYI",0,1
"Very Bad! They are sending 4 Steel rims, but one of them was wrong.Gum500 will Not Change the wrong Rim!Dont Order there!",0,1
"What a fraud. They have never delivered, you can only speak with a chatbot on WhatsApp or on their “contact” page, where they answer every three days providing zero updates but vague excuses.AVOID!PS: as usual, this review got the same answer to may many tickets: fabricated answer that leads nowhere. The ticket has been opened 20 days ago, you never gave any delivery window, despite multiple reminders and requests. You only provide standardized prefabricated answers, and you are not reimbursing either.AVOID THIS COMPANY",0,1
"Fraudsters!The company does not comply with Danish law and provides no customer service.I bought 4 new tires three weeks ago, which were delivered by courier after a few days. When I unpack the tires, I notice large bulges and distortions in one of the tires. I immediately take pictures and send a written complaint to Grip500.They reject the complaint, claiming that there’s nothing wrong. According to them, the bulges and distortions will straighten out when the tire is mounted. I contact our local tire fitter, who has a different opinion. He believes there is a risk that the tire cannot be properly balanced due to the bulges and distortions. The same feedback comes from another local workshop.I write to Grip500 that we do not agree with their assessment, and I request a replacement tire. This is rejected, and I’m told that if I want to return anything, it will be at my own expense. I’ve now been arguing with them for nearly 3 weeks. They refuse to help and also won’t sell me a new tire as a replacement for the defective one. I have offered to have the tire mounted to see if they are right, with the understanding that they would send a new tire if they’re wrong. They simply refer to the fact that if the tire has been mounted, it can no longer be returned. Regardless of what we do, I have simply bought the 4 tires as they are, including the bulges and distortions.Their customer service is not Danish, so all communication from their side has been done through Google Translate. They have been downright rude and unpleasant in their language towards me as a customer.I cannot in any way recommend people to do business with them.ZERO stars from here.17/11 my reply to grip500's reply : For real?? Please check my case and come back with a more serious answer. This standard bs answer is to no use at all.",0,1
War top! Alles gut gelaufen,1,5
Order-registration-money transferred.After requesting notification that something has changed. 3 days later cancellation of the order of Grip500 and goods 150% more expensive.I can only advise everyone not to buy from Grip,0,1
One of the tires turned out to be defective,1,1
Kommunikation war optimal. Schnelle Lirferung .Rind um gut !,1,4
War alles in Ordnung,1,5
Der Service war super,1,5
"Schnell, fair, alles top",1,5
Es war alles ok Danke,1,5
Alles top. Danke.,1,5
"Super fast,dot 2021",1,5
Everything was okay fast competent thank you so much,1,5
Excellent service! Fast delivery! Highly recommend!,1,5
Tank you! I am  satisfied.,1,5
Super..QUALITY,1,5
"Happy New Year guys ! Very happy with the price and production date of the tires. I don't know why they arrived at separate times, rear at 10.30 and front at 13.00.  This will not stopping me to order again in the future. Keep up the good work",1,5
alles toll super toll,1,5
"Prices are more or less similar to what’s on other websites, but the delivery is just horrible. They left the tires outside of my building on an active street, free for anyone to take. No calls, no me...See more",0,2
"Cannot be trusted.

I ordered 4 tires on rims and 2 arrived mounted on the wrong side (inside on the outside). I was lucky to notice that too otherwise it could have been very dangerous. I had to...See more",1,2
"Ordered 4 tires on 4.12.25. 2 of them were the wrong size. I cancelled the order. In January 123pneus picked all 4 tires but only refunded 2.
To this day they refuse to refund the other 2.
Communica...See more",0,1
"Original comment on 09/12/2023: I ordered tires, did not receive them. Sent email through their website and got not response. This site is a scam.

UPDATE on 13.12.2023
I finally received my tires....See more",0,2
"Ordered 4 tires on 4.12.25. 2 of them were the wrong size. I cancelled the order. In January 123pneus picked all 4 tires but only refunded 2.To this day they refuse to refund the other 2.Communication is nearly inexistant. None of the phone numbers work and responses to emails are random and always very late. AVOID,",0,1
"Order placed on December 18, 2025 (CHF 389.16) for 4 tires. Received on December 22, 2025. The tires are defective and cannot be mounted on my rims (confirmed by professional garage).I reported the defect on January 14, 2026. Delticom acknowledged the defect and promised a full refund.Three collection attempts were scheduled - ALL FAILED:• February 6, 2026: No confirmation received, no one came• March 3, 2026: No one came. After my call, Delticom acknowledged an ""error""• March 11, 2026: Collection promised, no carrier contact, no one cameI sent a formal demand letter by registered mail on March 4, 2026, setting a payment deadline of March 9, 2026.Delticom responded on March 9, 2026, acknowledging:- The defect- Their obligation to refund CHF 389.16- The three failed collection attemptsToday, March 10, 2026: NO REFUND has been processed despite repeated promises. My vehicle has been immobilized for 58 days.I have now initiated a bank chargeback procedure.",0,1
"Everything is fine until you need customer service.Virtually no customer service, it's impossible to speak to an operator via phone or chat, only through artificial intelligence that does not provide any additional information beyond what can be found on the website.Contact via e-mail with very long waiting times (even months), and e-mails arriving from multiple addresses without any contact person.Embarrassing help service.",0,1
"Not truthful.  Order placed and confirmed - but no information on delivery, no customer service, and falsified data about customer satisfaction on their internet site. AI system to “provide customer support” does nothing - seems like a total scam.",0,1
"Fitting partner received the wrong tyres. Contacted the customer service twice through their website: no answers. Contacted by phone, spoke to an IA, a joke. Non existant customer service, i will dispute the payment Made through my credit card company.",0,1
"Absolute shite...Able to send only 3 out of 4 tires in 2 separate shipping.Still waiting for the last one, more than one month after the order. No one answers any email, any request for a callback is left pending.Do yourself a favor and try someplace else.When you call the service, you are put with a shitty AI.Absolute dystopic purchase experience.",0,1
"After more than one month and a half, my first order cancelled without notification, a new order with more than 3 weeks delay, and a delivery of 2 tires inside of 4.All of that without answering properly on my mails and the call of more than 10 hours without answering.Please do like me.Avoid absolutely this site for your next orders !!!",0,1
Order that does not come / by the way at the moment I am writing this I still don’t have the tires i ordered…..Fake tracking delivery (confirmed by GLS as I called them)Very poor AI service that keep on saying that they deliver what you order which is very falseNo way of contact a real personNo one is answering emailsA pure legal scam in my opinionFirst time and last time,0,1
"I have the same problem like anybody else from this site. I ordered 4 tires on 8.11.2025. They didnt deliver any tire. I cancelled the order no 55969654 on 21.11.2025. They confirmed the cancelation on 22.11.2025. Today I get another email that they are going to deliver the tires on 03.12.2025, another order no 23632587. It's impossible to reach the call center. They doesn't even accept the cancelation, even if it is our right to do it. I hardly advise you to not use this site. If you have any problem, they will not help you at all.",0,1
"paiement did not go through, impossible to relaunch the paiement.The command is stuck on paiement, impossible to cancel and they now send menacing email to force me to pay.So lucky the paiement did not go trhough",0,1
"Prices are more or less similar to what’s on other websites, but the delivery is just horrible. They left the tires outside of my building on an active street, free for anyone to take. No calls, no message, no nothing to say they are delivered (or even message to give an expected date of delivery). Luckily the concierge of the building saw them and brought them inside and gave me a call. Not using this company again.",0,2
"Poor custumer service! Would like to cancel my order due to long delivery, but no one to talk to, no answer to my email….",0,1
"On April 5 I ordered 4 tyres. After an initial delay, 2 tyres were delivered on April 16. Since then I have attempted without success to know when the remaining 2 tyres would be delivered. I asked to be called back on April 17, and as of April 23, have not been called back. I also filled out the contact form on April 17, and have not heard back. On April 23, I tried calling the customer service - I spent 30 minutes in 1st position in French, before the line was cut. When I first posted this review I was in position 7 in German (vs. 14 when I called 30 minutes ago) and so thought I would likely have to wait for another 30 minutes before I could talk to someone. I am currently in position 2 after waiting for 1 hour and 32 minutes. Doubtlessly one of the worst customer service experiences I have encountered to date.",0,1
Everything was well.The tyres was delivered 1 day earlier.,1,5
I am extremI am extremely satisfied with the service received. The tires arrived in a very short timeely satisfied with the…,1,5
"Easy to find the right tyre for the motorbike, fast shipping, everything fine",1,5
"the website is really easy to navigate, there is a good choice of tires, the specifications are sufficiently complete to make a selection and the prices are attractive. In addition I use the site to select the location where I want to have my tires mounted.",1,5
"Quick delivery as promised, this tire is perfect for my BMW 1250 RT.",1,5
"Ordered on Nov 22 with the delivery date in 7 days.No sign of the order for several weeks. No responses to any email or web inquiries. Absolute radio silence.Asked to cancel threatening with filing a dispute with the bank. Got immediate reply saying the order was cancelled and will be refunded the day after.This was on January 7.No sign on money on the next day, the next week, next 2 weeks, 3 weeks, etc. Again, absolutely NO response to any email inquiries, the contact form on the website fails with a ""server error"", the phone line puts you on an indefinite hold.As a last ditch attempt to resolve this amicably, emailed claims-at-dietl.com and order-at-dietl.com yesterday. Somehow one of them worked - got a reply today saying the refund was issued Jan 23, i.e. 3 weeks ago, and check with my bank.Then, even more miraculously, in 2 hours money showed up on the account. Must be a pure coincidence I'm telling you.Lovely experience, never again.",0,1
"48 days after the order, 1.215 CHF paid, no tires, no money back, no nothing!Order RD 54093247Last time, you asked me for the order referral. My mistake. Another opportunity to postpone everything in between. Even though I answered, no update, no refund till now.@123pneus.ch team: Now that you have the no. of the order (RD 54093247), I ask you once more for an EXACT DATE when the refund will be processed. In case no exact date is provided (no excuses, no other ambivalent messages from you), and in case of another overdue deadline (if we do not get the refund by that date), we will initiate the legal proceedings.*order RD 54093247, confirmed also by you at the beginning of this exchange**UPDATE: refund received a day or two later",0,1
"Rapid delivery, no errors, web site clear and precise. good prices.",1,4
"I am writing once again to supplement my review of December 16th to which you replied, thank you! However, you indicated that the refund of CHF 248.90 would be made on December 17th, today is January 8th and no refund has been made.",0,1
"we originally placed orders RD 53902738 for 2 tires and RD 53902739 for 2 tires on November 19th. You only delivered 2 tires and on 5th December you sent a cancellation for the other 2. We had to buy the tires in another provider in order to be able to use the car. Then, you created on your own another order (RD 54015418) and delivered those 2 tires on 17th December. Unsolicited and way too late. Those tires are now waiting for you to take them back in Euromaster Romanel… please take them back asap and return my money!",0,1
"Orders 53978853 and 53978854 were canceled on the 12th of December because of fake delivery confirmations by this company.I have email and PDF proof from this company confirming a refund due on the 13th of December. After 2 failed follow-up requests and 17 days later, I have still not been credited back the 1,132.06 CHF that I am due.If I don't get a refund by the 31st of December, I will officially raise a claim to my Credit Card provider and request a reversal of this fraudulent transaction.123pneus, please confirm by replying to this thread that you will complete the refund as requested.",0,1
Everything quick and easy,1,5
"Great catalog, Cheap, Fast delivery, reliable (not the first time that I use them)",1,5
"This is a real disaster. I ordered 4 tires and after a month of waiting and unsuccessful attempts to contact the company, I decided to cancel my order. However, I was unable to do so because two tires were listed as ""in delivery"". They were never delivered and after almost 2 months of ignoring my attempts to contact them, 123pneus took my money for nothing. I don't like complications, but the only visible way is to file a claim. This is a clear customer cheating.",0,1
Rapid Transit,1,5
Impossible to be able to speak/write to somebody. Waiting for hours and hours,1,1
"I've totally lost confidence in 123pneus. I ordered four winter tires, the first two arrived as usual within a reasonable time, the next two I'm still waiting for. After several attempts to contact me by phone, callback request or e-mail, no response. Mistakes can happen, but you have to take responsibility and do what's necessary to ensure that the customer is satisfied, bearing in mind that all orders are paid for in advance.20.12.2024 Ok, for this orderSince the only way to get feedback from 123peus, it's weird to have to communicate with a satisfaction platform.For my RD order 53917692. I have the same problem, two tires out of four have been delivered, can you inform me of the delivery date for the last two?I'm always available, if you find my reminder messages by phone or e-mail.20.12.2024 Still no news, following several emails.",1,1
"Unfortunately, my order has been delivered partially and for 3 weeks no update has been sent regarding the front tires that I ordered. My order number is RD53976922 and I find it unacceptable as appointments for tire fitment have been missed and money have been paid in advance. Moreover, the goods have the status ""delivered"" when I access ""My Account"" section on the website.",0,1
After 4 weeks of waiting I asked for reimbursement. It was confirmed on Dec3 but money never received. I am wondering if I need to pass this to the lawyer and be afraid of a scam.order nr 53808933 in case they have a customer service which can be reached. I could not speak with anyone in less than 90' waiting.,0,1
"Very bad, impossible to reach on the phone, waiting hours in the aura for nothing. The service they provide to call you back is a joke, filled up the request twice, nobody called me yet, it’s been over 10 days. They won’t answer my requests done through their contact form on their website and same goes for the emails sent to the after-sale service. It’s very lame.",1,1
"I ordered 2 things on nov 26th.The second was supposed to be delivered on dec 9th.I am still waiting on my winter tires.53961598I waited 5 hours on the phone, to get no answer.I don't understand what's going on with 123 pneus.since 2013, i already got 8 tires from 123 pneus without any problem. Big disappointement",1,1
"I ordered a tires more than one month ago, and still didn't receive it.The customer service unhelpful.The contact form doesn't works.No answer by phone.No way to contact to the company.Order number RD 53711076",0,1
"I placed an order six days ago and quickly received a confirmation that the order was passed to the warehouse; however there has been no update since. I tried to contact via online form, chat, phone (total about 3 hours on the line waiting for ""my turn"").",0,1
I ordered 4 winter tires on November 15. Their system stated there were delivered November 18. I never received them. After numerous tries I finally reached someone by phone on December 2. I was told the tires was still with them! and it would take 3 business days to get them. We are now December 10 and I still have nothing. I spent 13 hours! over two days on hold with their customer service numbers and can't reach them. I request a refund. my order is RD 53863539,0,1
My order it’s no coming,1,1
"Ordered rims there were in stock over 1 month ago and still no update nor received my order.The customer service experience was extremely disappointing and unhelpful. The contact form is broken and completely unusable, and the waiting times to reach a representative are over two hours. When you finally manage to get through to someone, they offer no real assistance—simply advising you to ""wait a bit longer"" without even providing a tracking number or any concrete information. Overall, it’s an incredibly frustrating and unprofessional experience.Order number RD 53896757",0,1
"Ordered 4 tires the 6.11, today the 9.12, still nothing received.Can't have a contact by : email, phone, online form... Automatic response say that the tires was received the 18.11 but never seen them. Every good try (whatsapp once and phone), they said ""yeah you will received them this week"", lies...I give this review cause I didn't try this way already.Order RD 53784104.",0,1
Do not waste your time with this company. So much hassle and impossible to contact. They have taken my money and delivered nothing. Orders have been cancelled. Impossible to contact. They only reply on trust pilot to try and save their reputation. I am exhausted wasting my time trying to contact them. 53977738 and 53801303.,0,1
"No tracking of order, wrong delivery infos, no possibility to know the delivery date.",1,2
"I received wrong tyre (different size).It's ok, errors happen. Since almost 3 weeks, however, my tries to get correct tyre or money back have been COMPLETELY ignored. Contact online forms, mails - no reply, phone - 69th (!) in the queue which went to 60th in about 30 minutes (then I dropped for obvious reason).",1,1
"5th review, as that's the only way to communicate with the team..1st order:Good side: 4 tyres were reimbursed.2nd order:Bad side: the other shipment, I only received 2.Can you check where are my 2 other tyres ?RD 53863683.1",0,1
Fast delivery and very good tyres in competitive price,1,5
"Order placed the 5th of November 2024 (3 weeks ago now). First email from Delticom AG (123pneus) the 7th to say that the order will be sent partially. Second email the 8th to say that the order will be “3 days” late… and then NOTHING more! Tried to contact them plenty times! Contact form: no answer, phone calls: hours spent without being able to speak to someone, phone call back: no phone call from them! Apparently, we are a lot of unhappy customers with them. So all in all, 3 weeks after the order, no money, no tyres and no answer…! Never again..!RD 53776407.",0,1
"I ordered 4 set of winter tires 3 weeks. Received 2 set a week later but still have not received the remaining. It's impossible to contact them via their contact formI have not received to my request and their support telephone (0315281365 ) is also not accessible, I've waited hours with no response. Here is my order RD 53773786",0,1
I wish I had read the reviews before I ordered. I ordered 4 tyresRD 53842260Commande enregistrée le 13 nov. 2024.Le dépôt a reçu votre commande le 13 nov. 2024.Commande transférée le 13 nov. 2024.Livraison prévue pour le 21 nov. 2024.Unfortunately only two arrived. Tried to call the support line. I moved from place 24 to place 10 in the queue so after two hours I finally gave up.Wrote via the contact form and got a crappy automated response and still no response to my questions.They’ve got my money and given me half my order and when there is a problem with the order there virtually no way of correcting it.I want my tyres or my money back!!,0,1
"Ordered two winter tires on October 29th 2024, scheduled to arrive on November 5th. When they hadn't arrived on November 8th, I tried contacting them. The form on their website to check delivery status still said that the delivery would happen on the 5th (3 days ago lol). Tried contacting support through the contact form on their website, but couldn't submit the form because I didn't have a client ID (I ordered as guest). Ok then, let's call support! On hold for 1.5 hours until I get to speak to someone. This person told me my parcel is stuck at customs, and should be delivered by the end of the coming week. All good, I'm nothing if not patient.A week has passed, then 4 more days, no news, no updates, no tires. It's time to call support again, I guess. This time, I waited on the line for 2 hours, and the person who answered told me that the tires were stuck in an intermediate depot and the order somehow didn't get released from it. I now have two options: request a refund and cancel my order, or request a manager to analyze my delivery and hopefully release it. Sure, I say, let the manager take care of it, can't be that hard to get them released, right ?The following day I receive an email stating my order had been canceled, justification: ""delivery time too long"" and I haven't even been refunded.Now I'm once again on the phone, came in at number 37 in the call queue, got to number 1 after more than 4 hours of waiting, and finally gave up after 4.5 hours when no one was picking up the phone.In short: no tires, no refund, no support, and 8 hours of my life listening to the same 3 horrible tunes that I'm not getting back!I have never, EVER, had to do with such incompetent customer service. GET YOUR ACT TOGETHER 123pneus.ch!EDIT 26NOV2024: RD 53713018EDIT 29NOV2024: Called the hotline again, as I still haven't gotten any news about my order or got the refund. This time I only had to wait one hour! The seemingly depressed agent at the phone told me that the order had been canceled (duh) and that I should have been refunded after two days (which of course I wasn't). I asked if they could just issue a new order with exactly the same products, but for some magical reason the tires that were available for my first order were not available anymore. I asked if I could speak to someone else, but the person said no, because they don't have phones in the other  building !? Honestly, if you can, ask your garage to order tires for you, or find any other place to order them. Going through this entire process is honestly not worth it when you got nothing to show for at the end. I would give less than one star if it was at all possible!",0,1
"fast shipping. But I was astonished to see that a tyre which costs 127.- CHF was one year old. delivered end of october 2024, manufactured mid-october 2023 (42/23)",1,3
Times for dispatch is too long,1,3
"meilleurs prix, rapide.",1,5
Commande simple - livraison rapideQualité prix = bon sans plus,1,4
wrong tires delivered after 1 month of waiting,1,2
"I ordered winter tyres on 24th October, they have not been delivered it is now 6th November, no response to my emails and waited on the telephone for 1.5 hours today to speak to somebody only to be cut off. Tried to call back but was then 20th in line.I work in client relations, this is the worst possibleservice.123Peues have replied below asking for my order number, giving me no new email address. I have already email their customer service with my order number several times.",0,1
great selection and delivery - all recieved on time and as expected. keen price too.,1,5
"The delivered tires were manufactured 2 and a half years earlier (purchase in May 2024, tires from December 2021).Customer service does not respond after the report.",1,1
Order 4 tyres - Partial delivery of only 2 without informing it. No communication on where is the other part of the order. No possibility to call and late answer by form email. I don’t recommand - if u have an issue you are lost.,1,1
My experience with youI bought 4 season tires and I want to change by winter tires 🙃 I tried to contact you so many times but by email and online also you didn't reply my email you didn't want to ask my questions so 🙃 I'm not happy,1,1
Still no contact despite being cheated by this company. They sold me 3 year old tyres as new. They then wrote an apology asking for the order number. It’s on the review. I have received no emails or any attempt to remedy this.CROOKS - avoid!!!!Order number: RD 42661913Look at the photo made in the 19th week of 2019 and sold in December 2023.,0,1
Delivery hours are incorrect or even non existentClient service never answers neither calls nor emails (it's been over one month)Tyres were NEVER delivered (on two different orders) but don't worry they'll cash you in and never refund you or tell you where your tyres wentTheir website says your order number does not existThey send you some apologetic email but will never actually help you whatsoever,0,1
SCAMMED BY THIS COMPANY - THEY SOLD ME 4 YEAR OLD TYRES AS NEW. NO RESPONSE TO MY COMPLAINT.CUSTOMER SERVICE - 0 🌟PRODUCTS - 0 🌟HONESTY AND INTEGRITY 0 🌟BUY FROM A REAL COMPANY AND NOT THESE SCAMMERSOrder number: RD 42661913,1,1
"Worst service everstay away, no tires, no answer, they blame transporter or xmass only excusesget your products elsewere!! it will save you the hassle",1,1
"I orders tiers and they said they were delivered at the garage but my garage said they didn't get any.It takes thousands hours to connect their customer service centre and when I reched the cs they said my tiers were delivered.who is lying??So after that,they found out that my tiers are missing in somewhere...I don't even know where they are now.I am still trying to reach their customer service again and I don't know how to figure it out.I order on 30/11,still have gotten my tiers.I will never use this shop again",0,1
"I ordered 4 all-season tyres on the 27th of November. I was due to receive them at the latest on the 6th of December and we are now a week later and I still haven't received anything or heard from anyone.I've tried calling multiple times but they never picked up the phone, I also tried by email but I have not received any answer so far... Don't know what to do, I had to cancel the garage appointment to get the tyres mounted and I don't even know if I will be able to go to the mountains next week because of it.Extremely disappointed, what looked like a genuine website now feels more like a scam!UPDATE: Increasing this review rating as I have eventually received all tyres the following 2 days of this review (2 on the Thursday, 2 on Friday, I'm not sure why they were delivered with different deliveries).They arrived a week later than expected which could have been find if I was told something about it by the 12pneus.ch teams, instead of being left in the unknown and unable to contact them.",0,3
"Original comment on 09/12/2023: I ordered tires, did not receive them. Sent email through their website and got not response. This site is a scam.UPDATE on 13.12.2023I finally received my tires. However, the experience was not good. No respons from their official means of communication. The delivery number from the delivery company was not the correct one, so I could not track it.",0,2
"The tires are not delivered on time. New date is communicated, but also not respected, nor news given. The day after I call and was told to be called. No one calls back. Not serious nor reliable service. I will not buy anything again from them and do not recommend them to anyone.",0,1
"Cannot be trusted.I ordered 4 tires on rims and 2 arrived mounted on the wrong side (inside on the outside). I was lucky to notice that too otherwise it could have been very dangerous. I had to pay someone to reverse them. Afterward, I tried to contact customer service but they make it basically  impossible to reach them.However on the positive side the shipment was sent quickly and was cheap.",1,2
"This is a scam website. Don't purchase from them. I have placed an order, paid by cc and I didn't hear anything from them. I wrote multiple emails and tried their phone number. Nothing.",0,1
Lieferfrist on top,1,5
Tires ordered and paid for by credit card but they never arrived. We canceled the order and they said they would refund in 48 hours.They didn't do that either.No tires and no money refunded.Never again will I buy from them a disappointment it's a scam.Steve Ricci,0,1
Super 👍🏾.Very reliable company to buy from.I highly recommend,1,5
Very quick shipping with reasonable prices.,1,5
Great website with a lot of selection at a great price,1,5
"It took 1,5 months to deliver my 2 tyres. Very difficult to get into contact with them. Especially if you order has been sent to a garage. First you get a robot telling you your order has been delivered. Then when you do speak to someone they give you incorrect information. Will never use again.",0,1
Excellent ! Tout fonctionne!,1,5
"Super,  merci",1,5
"I like Delticom/Reifendirect/123pneu.com or whatever it is called this day. the prices are competitive the delivery quick. Thanks. I would like to see an improvement with the list of mechanics they provide though. Some among these mechanics say bad things about Delticom and harass clients regularly. they say things like I am the last shop who still agrees to install these internet-ordered tires. Or change prices to overcharge the client. Delticom should give a chance to its clients to put a comment freely about the mechanics it proposes on their website. That way the bad apples would be quickly eliminated. At this time there is no way for the client to comment about his/her experience with tire installer, That's a petty. The comments you see are hand-picked and controlled so they don't reflect the reality ...",1,3
"Fast shipping (bought on friday, got it on monday)",1,5
"Great prices, great tyres and great service!",1,5
"Placed an order for winter tires. After a week, on expected day of arrival, I contact customer service to be told the tires on the other side of the country. Furthermore, this was the last good week of weather. Additionally the company have done nothing besides apologise and say they will be shipped urgently. Order ur tires at least 15 days before u hope to put them on with this company.... conclusion.... can't drive and no tires",0,1
Nickel! Super pneus,1,5
"Fast delivery, easy transaction",1,5
Super merci danke,1,5
Well done web site. Better than other similar shops. TUV certification for download. All details ever needed.Payment by bank. Received complete wheels + tires after 2 weeks. DPD delivery worked well in Switzerland.A nice experience. The car is very happy with new winter tires for Christmas. Look good as well (Alutec Polar Freeze).Thanks for affordable wheels and tires which contribute to road safety in Europe as I drive quite a lot...,0,5
This shop for tires is excellent. TOP Experience!,1,5
super extra...,1,5
"Great service, fast shipping and handling.",1,5
"Very good contact , good choice of materials ,good price, and rapide deliveryThanks a lot",1,4
Excellente prestation habituelle,1,4
super tres bon service,1,5
Top service merci,1,5
It was a third time I'm using 123pneus.ch to order my summer/winter tires.Fast delivery and the manufacturing date of the delivered tires is normally very recent. Highly recommended.,1,5
"Simple, rapide efficace",1,5
I am totaly disappointed by the services of this company.1) 1 month to receive the order2) wheel damaged3) Sensor not configured for the car4) Despite that the tyre have a wheel protection... the wheel is not protected... the width of the tyre is not enough 235 instead of 245 for this type of wheel5) 123 pneus doens't want to take in charge the configuration or refund the price of the sensors !!!!1/5  but should be 0/5 if I take all communications not constructive with them!!,0,1
Super top merci,1,5
"Always use 123pneus.ch for my tyres, as usual great price & services.",1,5
"RD 42652012My order was delivered on time and properly. But I am not satisfied because the tyres that were delivered, although corresponding to the model I ordered, were manufactured in oct 2017, i.e already 3 years old.",1,2
"Super , tip top 👍👍👍",1,5
Excelent service!,1,4
The service furnished by 123pneus was easy and fast,0,5
"Fast, efficient and highly reliable!",0,5
It took in my opinion too long to receive these tyres. They were on stock when I ordered them but it took 2 weeks to get them delivered.On top of that the DOT code shows that they are from 2018.I find those practices kind of nasty business. For a next time I will check elsewhere.,0,3
"Good price, good delivery time.",0,5
Gut alles on ordnung,0,5
Perfect for me !!!,0,5
HelloYou have sent one old wrong tyre. Since then I have contacted you online and I have called you two times and I am still waiting for your action. I am really disappointed about your low quality customer service and I hope you solve it as soon as possible.,0,1
"Very simple to buy, with large options of tires... professional and effective... delivered in 4 days.",0,5
Ràpid i simple... Molt be.,0,5
"fast delivery, great choice of tyres, ease of the website",0,5
Simple et rapide,0,4
Cool !! 😂👍✌👏,0,4
"Service ok, no problems",0,5
"Au top, super rapide",0,5
Vevey gooooood,0,5
Tip top. Rapide.,0,5
"Top de A à Z, merci !",0,5
"DPD’s shopping service is very low quality.I bought 4 wheels and pneus but they where not shipped with mounting kit and I had to buy them separately elsewhere because they didn’t even had ‘em.If I buy for a specific car, I espect that when I go for mount ‘em they’re already perfect for that car and not that I need spare parts to fit ‘em.Afterbuy service was true low level.",0,2
"The service is fast, clean instructions, absolutely perfect",0,5
"Fast shipping, good prices. Will buy again.",0,5
"Super, alles in ordnung",0,5
Gut service. Easy. No problem,0,5
"Following up on my review from July 5th (which seems to have been removed!), a month has passed since I placed order RD38984538 and received the incorrect model of rims due to their error. After trying to communicate with them to resolve this simple issue (ie. return the goods received and them sending me the correct model), I've given up as it's simply impossible to get any reaction from their end!!! As a result, I was left with no other choice than to contact my bank and file a charge-back. A week later my bank credited the money back into my account, still no news from them and the rims are sitting at the garage waiting to be picked up by their courier service, if that ever happens!!! Mysterious way of doing business, after-sale service is non-existent, if you have a problem you are left alone talking to a wall...",0,1
"Top, un super service",0,5
All good. Thanks,0,5
Service impeccable,0,5
"Fast, as it said in the description. Shiped to switzerland",0,5
Simple rapide efficace et concurrentiel...,0,5
"Rien à reprocher. Pour les pneus, on verra à l'usage.",0,4
"Terrible service. Ordered 4 winter tyres with wheels and they only sent over 3! I had to chase them to ask where is the 4th wheel, they didn't even have courtesy to update me. After a week they finally found out that the 4th wheel was damaged during delivery and they no longer have the same wheel that can be delivered in place.So I had to pay extra to buy new wheels. But surprise they couldn't send me the new wheels yet as they still had to collect the previous order. After another week they arranged for the old wheels to be collected by DPD. The postman turned up but with only 1 return slip instead of 3, so he ended up not taking the wheels at all.It's been 1 month now I am still here with the useless 3 wheels and waiting on my new order.What a joke! Will never buy anything again from this companyUPDATE:A DELIVERY MAN WAS MEANT TO COLLECT THE 3 UNUSABLE WHEELS YESTERDAY (16.02). THIS IS NOW THE 3rd TIME HE HAS BEEN PROMISED TO COME. I SAT AT HOME ALL DAY PATIENTLY WAITING BUT OF COURSE HE DIDN'T SHOW UP. I AM SICK OF TIRED OF YOUR GAMES 123PNEUS. ARE YOU RUNNING A SCAM? PROVIDING INCOMPLETE ORDERS BUT TAKING FULL AMOUNT OF MONEY AND NOT RESOLVING THE ISSUE?Oder number - 37596670Order number for new wheels that cannot be sent out because you fail to collect the 3 unusable ones - 37697960",0,1
"Service efficient,  good value and easy to do.  The garage in Geneva ""Garage Elio De Toro"" were helpful and very friendly.",0,5
"Its always the delivery time, it takes more than a week",0,4
Excellent experience. Will use again and recommend.,0,5
Just take the reference of the tires you want and all the rest is just easy!,0,5
"Good price, a lot of choice",0,5
tip-top. merci,0,5
Super fast delivery and very simple order process.,0,5
The delivery was delayed because of bad informations.,0,4
+ Good price- Very slow delivery.,0,3
"Expédition rapide, excellent produit!",0,5
"The purchase went quite smoothly.Just two remarks to make:- the purchase was sent not really soon and only after I send a mail.- there was a small problem in the delivery (not their fault), and the tyres arrived in blocks of two in different days. But when I tried to reach them to have some updates on the situation, I got no answer back.By the way in the end I got the items I bought, so I give 4 stars",0,4
"Various brands to choose from, from all price ranges and quick delivery! I ordered my winter tyres on a Saturday night and they were installed the following Friday.",0,5
"i have being ordering tires since 2013, i never had problem until now. But this time, One of the most terrible experience of buying on line. i paid the 20 of Octobre 2018 and we are at the 23 november and still i didn't get my tires, so i still using summer tires with snow and cold. the service cliente is orrible, i get robot  answer or false promises or i get a robotic answer like ""when we will ship your order you will be informed"". I deal with amazon, zalando never had such problems and they sure work even more. Maybe you have so much client that you don't care to lose one, but if you keep like this .....You took my money 1 month ago and no delivery, no explanations why this delay and no rembursement. i hope this communication from 1 of your client (becoming ex) help others to open their eyes and you to organize your service better.",0,1
a dismal delivery service (dpd) and a dismal after-sales service !!!,0,1
"Amazing service and price, 100% recommended",0,5
"Placed orders 4 weeks ago, still nothing received. Can't get any information from customer service. Extremely disappointing.Order 36453472 and order 36453162.",0,1
"Worst experience I've got so far buying something online.First, the website switched their methods of payment and doesn't warn me about it but still it let me do the money transfer thru their own website.Got a message from them saying the payment was approved!Than a few days later I receive an email from them telling me to pay my order or else it won't be sent, that's when I discovered that they changed the payment option (after calling Costumer Service).On that same day I checked my bank account, money is back, so I proceed to pay them in the 'new way' they wish.About 3 or 4 days later, which was already much after my order should have arrived since they claimed on the website they had EVERYTHING IN STOCK, they send me an email saying it won't be possible to deliver the order in time because they were having too much work.Almost 1 week and a half later after that (probably more), still no order delivered, I then decided to cancel the order and ask for a refund.I then, receive an email claiming the money transfer will be executed on the next day. So I decided to make my purchase on another website.2 days later(All this happens during week working days), still no money transfer, I've made my purchase on the another website which is now awaiting my money transfer which I can't do because 123pneus.ch didn't pay me back after all this time.Ordered on 123pneus.ch on 30.09.2018Today 19.10.2018 still no money, no order and no idea when they will give me back my own money.UPDATE(22-10-2018): STILL NO MONEY IN MY ACCOUNT, PROVIDED ALL NECESSARY INFORMATION BOTH WRITTEN AND SCREENSHOT OF MY BANK ACCOUNT TO 123PNEUS.CH, RECEIVED ALREADY 3 OR 4 EMAILS FROM THEM SAYING TRANSFER WAS ACCEPTED BUT THE TRUTH IS THAT THE MONEY IS NOT HERE AND THE ONLY WAY I SEE TO GET MY MONEY BACK IS THAT I'LL HAVE TO GO SEE A LAWYER IN ORDER TO RECEIVE THE MONEY I PAYED FOR SOMETHING THAT WAS IN STOCK WHEN I ORDERED IT. SEEMS THAT 123PNEUS LIKES TO KEEP MONEY THAT DONT BELONG TO THEM.ORDER RD 36214264",0,1
Highly recommended - delivery is always quick and correct.,0,5
Perfect service and always perfect products!!! I recommend it to everyone!,0,5
"After some issues on the last order (delays and ""old"" 24 months tires delivered), this time orders arrived earlier than expected and ""brand new"" tires. Thank you!",0,5
Super fast wonderfulSee you next time for a purchase,0,5
"super quick, cheap, excellent quality.",0,5
"Share your experiencesand be a part of our community. It couldn't be easier - with your Trustpilot account you can write, edit and share your reviews from one convenient location.",0,4
Perfect... Thanks,0,5
"Not only does Reifen24 have a good variety of choices, they are super fast and have nice client service.

Very very happy with their quick service",1,5
"Great shipping, really fast and reliable.",1,5
Best Rates and prompt service. Did what was expected from a professional company with no issues at all.,1,5
On time delivery and best discounts . Very trusted seller . Orders arrive from wholesale dealer,1,5
"Great shipping, really fast and reliable.",1,5
Everything is perfect. I will buy again.,1,5
"Not only does Reifen24 have a good variety of choices, they are super fast and have nice client service.Very very happy with their quick service",1,5
On time delivery and best discounts . Very trusted seller . Orders arrive from wholesale dealer,1,5
Falscher Logiker,1,4
"Good quality,fast delivery! All recomendations.",1,5
"Als ich sah, dass du nur 7 Tage gibst, habe ich aufgegeben, die anderen erlauben bis zu einem Monat",1,1
Best Rates and prompt service. Did what was expected from a professional company with no issues at all.,1,5
Super Service und Support!!!,1,5
Get my new wheels today. All perfect.,0,5
Gut ! Gut Gut Gut ! Gut Gut Gut ! Gut Gut Gut ! Gut Gut,1,5
Alles super!!!!I'm really supprised by the quality of the service. Reifen24 is a really trustworthy business partner.I strongly recommend Reifen24!,1,5
Ales Super. 😊,1,5
Hat alles gut funktioniert.,1,4
"Bought a set of wheels for about 900 euro (second time I buy from Reifen24).The wheels would not fit on my car and had many email exchanges with the Reifen24 support, showing them pictures of the issue. The wheels were returned and Reifen24 mounted them on another car at their end. They sent them back to me and by chance I found out that one of the packed wheels contained mounting circles that should go between the wheel and the car. Reifen24 never told me about it, even though they must have used such at their end - and even though I showed them the problem with pictures.All in all: I had to pay two separate mechanics to fit the wheels (the first one said they cannot be fitted! so definitely Reifen24's problem for not saying that there is fitting equipment in one of the packed wheels), spent 2 months in winter without winterreifen, had stress and running for this problem and worst of all, after a couple of weeks I got a letter saying I had to pay for the transportation costs otherwise they would move legally against me!Strongly recommend to spend a couple of extra euros and go to a real shop.",0,1
"Super, TOP ZUFRIEDEN!",1,5
"Les choses que j'ai commandées se sont posées avec facilité. Elles sont jolie et parfaites pour ma Tesla Model 3.
The floor mats are now in my Tesla Model 3. When I opened the carton, I thought ""This...See more",1,5
"Had great experience with them. Ordered the model y essentials which comes as a swap with Carbon Swap quota. The products came on time but one of them had defect. On informing, they sent replacement p...See more",1,4
"I like their product selection. They clearly care about quality. Delivery has been quick every time that I ordered something.

I wish they could cut delivery cost for Netherlands.",1,5
"Got delayed due to local delivery company loosing the package, shop4tesla sent a replacement and I was able to get the wheels fitted.
The Alcar valves are registered automatically by the TMY, no need...See more",1,5
"The screen protector is good, installation is not complicated, but the packaging of the protector itself is unacceptable. Further more it was shipped in a soft large envelope. The results are:it arrived with a dent on the main screen protector. It is really sad, because the product itself is good, but the end result sucks!",1,2
Great customer service with very quick response times. Everything was handled smoothly.,1,5
package was shipped and the package came on the very next day. The service was completed promptly!! Very reliable. Very very Classy Produckts I tell you….,1,3
Item was a bit late. But the people behind the screens are amazing. Thank you for you beautiful service and product's.,0,5
"Very low quality, no-name Chinese sun protection for Tesla sunroof, they did not even bother to stick their own logo on it. No instructions on how to install, size mismatch everywhere, reflective layer flutters while driving. Website has only old instructions. I could have ordered the same for a fraction of the price from Temu or Alibaba. Extremely disappointed. They also did not answer my email before purchase.",0,1
Super satisfied! It was very easy to order and the goods arrived in a few days without any kind of problem.I recommend to buy from Shop4Tesla.Thank you!,1,5
Very good experince with delivery and refunding the things I didn't want. Definitely a shop to use for Tesla accessories.,1,5
"Except that the package arrived a bit later than expected, the website experience and post purchase customer service was positive.",1,5
"Products were of good quality, shipping was fast. No complaints!",1,5
Snelle levering. Past perfect,1,5
Product and support was excellent. Would buy from them again:),1,5
Product quality is good. It fits well in the car too. It all needs a bit of setting after you put it in.The only negative is that it took a while to get to us. In this day and age you'd expect it would take a few (business) days but it was weeks. If I had to do it all over again I'd order it a few weeks earlier so it would arrive around the time the car arrived.,1,4
Everything is great,1,5
ATENCION AL CLIENTE SATISFACTORIA,1,4
"Was expexting one parcel, but you shipped two separate ones without botification.",1,3
I ordered the premium floor mats for the Model Y. I installed them immediately and the quality is great! I can also say that the communication with the team is super fast and to the point.,1,5
Great products and very good after service,1,5
"It s all good except the price ...all products compared to other cars are way more expensive . That s why EV are not selling .So , lower the prices and I'll buy more !",1,5
Fast delivery and their bug spray was fantastic now my Tesla is clean ;) have not used the leather cleaner yet waiting for it on shelf for now.,1,5
"Fast delivery, matching product.Very happy :-)",1,5
The material is good and the articles are fitted.,1,5
Quick delivery,1,5
Great product and service,1,5
100 % of satisfaction,1,5
"Easy shopping , product description accurate and true. Order & Delivery process ultra simple and flowing. What else could one possibly expect better? Congratulations.",1,5
"Good product, came quickly.",1,5
"The quality of the item purchased seems pretty good, and the price was realistic. Communication and shipping was good as well. Recommended!",1,5
Everything was ok.,1,5
This website provides a very good service with quality products which reflect the description on the site itself. I have been using them and received each item in a timely fashion. For those in Germany I would highly recommend them but unfortunately I can't justify the custom costs I had to pay so I will look for a similar option in my own country.,1,4
The company trades quality products.Easy to purchase and good delivery service.They also responded very quickly by immediately sending a missing producτ.The conclusion is that it is about a good and cooperative company,1,5
"Nice products, good quality and quick delivery",1,5
Perfect service and quality,1,5
Love the Tesla model 3 highland rubber mats,1,5
"There was a confusion for the items to deliver. Items were shipped separately, one item whit no tracking number until I sent an email to support.Overall item quality is perfect! Will buy again.",1,4
"Super service! After a bad logo delibereren by Amazon, Shop4tesla supported in the best possible way to replace it. This is the definition of service!",1,5
Delivery to southern Sweden - 5 days or so.It is a bit tricky to install - but give yourself some time and think it through. Then it fits very well.,1,5
"Got delayed due to local delivery company loosing the package, shop4tesla sent a replacement and I was able to get the wheels fitted.The Alcar valves are registered automatically by the TMY, no need to program anything!",1,5
"Fast delivery, good quality products",1,5
Great all around!Great products and even better customer service.,1,5
I ended up paying customs. Not worth it.,1,1
"Les choses que j'ai commandées se sont posées avec facilité. Elles sont jolie et parfaites pour ma Tesla Model 3.The floor mats are now in my Tesla Model 3. When I opened the carton, I thought ""This can't be right!"" But my first impression was wrong because they are attractive and fit perfectly.",1,5
"Very responsive, polite and quick.",1,5
Top! Top! Top!,1,5
fast delivery and great product. the rubber mat have a good grip and fit snug into the car. The branding is subtle and fit‘s the overall look.,1,5
"Good quality, fast shipping, also good products for Tesla owners !",1,5
fantastic service fast delivery high qualitiy,1,5
The product was offered in black color in the pictures and I got a grey one.,1,1
The order has been from Germany and arrived to Denmark days later. Ordered Model Y floor mats and the quality is really good. Exactly what I hoped for!,1,5
Great arrangement and help what I received.,1,5
Great products but the delivery (Ireland) was a bit slower than expected.,1,4
Excellent Customer service!,1,5
"I have requested to delivery of the purchased items to my home address, and i paid for. But it was not happened. I had to go to a pick up address to take mine.",1,1
"Excellent communication, quicknshipmemt and good price offer.",1,5
I had to change a product. They were correct and fast. The product is super!,1,5
"Quick delivery, and item as expected.Would definitely uge again.",1,5
"Way to Big for sitting with In normal position. Not for normal use while driving unless you love your head forced forward to a uncomfertable position.You sold The product, made money on it and send me The review in german. Own it.",1,2
I ordered some items but 2 were missing and another one was the wrong item. Customer service replied swiftly and promised they would solve the issue. Mistakes can happen but here they are solved in a good way.,0,5
"Fast delivery from Germany to The Netherlands, good price, good product and well packaged",1,5
Very nice and good overview of the website and good price!,1,5
Good service,1,5
"Nice product.good fit, no smell!",1,4
"I have ordered the set , however I didn’t get the safety strips to cover the edges which were part of the package . Disappointed",1,3
Fast delivery and great quality products!,1,5
Delivered on time but appears to be a used product and not new as it is dirty and without a label or any packaging.,1,3
Highly recommended the quality of products is really good. Shipping was prompt and arrived before estimated delivery date,1,5
"Had great experience with them. Ordered the model y essentials which comes as a swap with Carbon Swap quota. The products came on time but one of them had defect. On informing, they sent replacement promptly so alls good now. The rubber mats fits perfectly. Overall satisfied",1,4
Just perfect from shopping on your webside to the reception of your great mats for My Tesla Y😀👍,1,5
I like their product selection. They clearly care about quality. Delivery has been quick every time that I ordered something.I wish they could cut delivery cost for Netherlands.,1,5
"Everything was good, fast, easy ordering.",1,5
good product (roof sun shade)free delivery to Belgium,1,5
"Fast delivery, good partner.",1,5
"Got all the essential addons to get going fast, all in one place. Excellent quality, very fast delivery!",1,5
Nice product and quick delevery👍,1,5
Fast shipping and good product. Mats fit well in my Model Y and there is no smell of cheap rubber/plastic in the car.,1,5
Clear description of the items and quick delivery.,1,5
"Everything fine with my order. Quick delivery, items as described, hassle-free, no problem",1,5
The mats were folded in half because  of that are deformed,1,2
"I have ordered a rubber mat set for a Tesla Y.I received the order as promised.There was a creases in the trunk mat that did not straighten out.I complained, and I am so impressed how quickly and professional Shop4tesla handled my complain.",0,5
Buying from Shop4Tesla was a good experince.Nice webshop and fast delivery.,1,5
Easy and seamless process from order to delivery.Very accurate and detailed description of the products.Fast delivery.High quality products.,1,5
"alles top, super schnell.",1,5
Everything worked well with shop4Tesla. To be recommended 😃,1,5
Smooth delivery of ordered products. Good communication by email on order status and how the goods had been shipped.,1,5
"Fast delivery, good quality of the products, thank you for your grate service",1,5
"Very good item.Bad delivery, I had to go to a DHL drop place, I bought an item with delivery at my adress.",1,5
"Top Quality, just as shown in the videos. Received the packages in short time without any delays. Quick service.",1,5
Good product for a fair price. Bought a set of rubber floor mats.Excellent delivery speed.,1,5
"Very Satisfied with the overall experience. Quality is good, the shipping was in a timely manner",1,5
Very long delivery about 45 days!,0,3
"This is my 3rd purchase from Shop4Tesla. As the previous 2 this one was perfect too. Very well packed, very good quality of goodies. Short delivery time to AU - 4 days.",1,5
Super quick delivery given the holidays season. The quality is excellent. Would buy again.,1,5
Fast shipping - Good product,1,5
"Tolle innovative Produkte, und ein super Team.",1,5
"Proper sizing and fitting.Normal delivery time, detailed information during shipping period.The materials are good, there is no cheap feel.Nice gesture: Tesla calendar in the box.",1,5
"Perfect, I'll order again",1,5
"Good products, efficient delivery!",1,5
Good buying experience. Good product and in time,1,5
"The notice?manual is very poor. could do a lot of mistakes, guessing isn t the way to proceed.",1,1
Super hurtigt levering og fantastisk produkter. Smuk fit til Model Y.,1,5
"Great service, excellent communication, delivery arrived a day later than expected but I was informed very early in the process that this would be the case.",1,5
Super Shop! Toller Kontakt.,1,5
"Excellent webshop, fast delivery and good prices. Couldn’t be happier wit my first purchase!",1,5
Would have appreciated if your mail was in english.,1,4
Best shop aftermarket for Tesla! Great support by the staff and quality products!,1,5
I've waited for more than 2 months for my order.,1,2
In time. Effective communication by mail! Most important price of Wallbox is very competitive. would recommend this shop!,1,4
Very good and fast service. I bought the inserts for the mister console and they fit perfectly. I’ll be back for more shopping her.,1,5
"Ordered Wallbox Pulsar Plus. Everything was OK - question was answered quick, after order shipped also quick.",1,5
"Thank you for a professional buying experience, and for fast delivery too Denmark!Even do there was a problem with the product, customer support was very professional in handling the issue, and finding a solution.",1,5
war ok !!!!!!!,1,4
Clear website with product information.The ordering process was quick and simple.My ordered products were quickly delivered (4 days to NL) and arrived without damage.,1,5
Fast delivery within Germany. Products matches description and are of high quality. Fits perfectly for Model Y 2022,1,5
Very good and quick delivery.,1,5
"Fast delivery, nice price",1,5
Super service. Great product. Speedy delivery,1,5
"Great online shop, I bought an Heidelberg wallbox, the delivery time was incredibly fast and I have to say that after many comparisons with other shops they have the best price. I really recommend it.",1,5
"Ordered a bunch of parts for my new Model Y, everything except 1 item was good. Shop4Tesla delivered good service and we found a solution.Good customer service !",1,5
"TOP, so soll es sein.",1,5
"(Product 5 stars) Ordered M3 Mats for the entire vehicle. Quality of the product is good, product packaging was fine.(Delivery 4 stars) The delivery took a little bit longer to deliver than stated on the website.Suggestion for @Shop4Tesla - I think a short email to state something will take longer to deliver than expected (even if its <7 days) can go a long way to improve customer satisfaction.",1,4
Good service and fast delivery to Croatia.Well done.Thank you Shop4Tesla,1,5
I’m very happy with the product. The price is fair and the quality is high!,1,5
"Quick delivery, products as expected - very smooth service 10/10 :)",1,5
"Good product, fits correctly, non slippery, proper communication, great price.",1,5
"The service for ordering and delivery was great, but the product has a serious problem! The front floor mats are so slippery with normal shoes that we have had to remove the drivers mat!Haver you had this complaint from other customers? Please advise what we can do?",1,2
My order was processed very quickly and efficiently. I received it in a few days . The items were very well packaged and everything I ordered arrived in perfect condition. Communication from the compa...See more,1,5
"I’ve received the parts that were missing to rebuild my bike. Apparently good quality. Only the delivery was complicated, but finally achieved. Independent of the Meister will. Happy for my restoratio...See more",1,5
"All perfect! 
I am their customer from a lot of time and I am always satisfied. 
The website is well organized and it is really simple to find by argument the spare parts you need.
Very professiona...See more",1,5
"MMM store offers quality products.
 I will continue buying from you, for your good service and seriousness at work.
Thank you",1,5
"Quick deliver to Sweden again, thanks, and all ordered items delivered!",1,5
"Everything I've ordered has been shipped immediately. Good quality parts, reliable service.",1,5
Highly reccomand,1,5
Good product and excellent service,1,5
Excellent product from a reliable and professional company. But small packages that could be sent in an envelope are sent in a box full of packaging. This is frustrating when doing a restoration as one cannot order pieces as needed due to the slow postage and exorbitant price.,1,3
"Fast shipping, great quality, excellent!",1,5
"Good quality parts, accurate description, fast shipping",1,5
"Good quality product fast delivery service, never had a problem with this company, highly recommend",1,5
My order was processed very quickly and efficiently. I received it in a few days . The items were very well packaged and everything I ordered arrived in perfect condition. Communication from the company was excellent. Also Motorrad Meister has their website in English as well as German. This was very helpful to me.,1,5
Super easy to navigate the website and very fast delivery. I would recommend!,1,5
hat alles gut funktionier,1,5
Fast and troublefree transaktions,1,5
Good service speedy delivery well recommended,1,5
"Very quick delivery, quality parts, had no issues delivering to the hotel I was staying in.",1,5
Mega Top 1A +++++++ Service,1,5
Top quality and service for sure will be back again and again!,1,5
Prompt shipping and service. They replaced an item that was lost in shipping without and problems.,1,5
"Parts well described, order sent fast, a pleasant experience.",1,5
Corekt partners,1,5
"To put it simply, there are a great company to deal with.",1,5
"I’ve received the parts that were missing to rebuild my bike. Apparently good quality. Only the delivery was complicated, but finally achieved. Independent of the Meister will. Happy for my restoration project",1,5
"It was very easy to cooperate,very professional seller,knows his business very well",1,5
Very fast and good parts. I picked up my parts today at the postoffice.,1,5
Good information and postageEverything as orderen.,1,5
Every item has been arrived,1,5
Excellent quality exhaust! looks great and works well. International postage and arrived relatively quickly. Thank you!,1,5
Fast and accurate delivery,1,5
Brilliant!,1,5
"All perfect!I am their customer from a lot of time and I am always satisfied.The website is well organized and it is really simple to find by argument the spare parts you need.Very professional sellers, excellent customer service, super fast shipping and international delivery. Thank you!",1,5
"Parts are great, delivery fast :)",1,5
Super Service,1,5
Excellent fast delivery service to the United Kingdom. Easy to navigate website. Vielen Dank,1,5
"The product were delivered to Romania in 5 working days and are very good quality, perfect fit.",1,5
"Thank you for your service, order came in time with all ordered items.",1,5
Quick shipping to USA. Excellent service.,1,5
"Easy to use website, good quality pattern parts and fast service.",1,5
Nice people to communicate withnice product,1,4
They're good,1,5
Good company to deal with. Quick delivery with tracking. Good quality parts. Would recommend.,1,5
"Good service, timely deliveries, good communication! Very few small mistakes but always taken care with no additional cost. Thank you!",1,5
trouble free and fast delivery. goods were just as described,1,4
Preisleistung war super,1,5
"MMM store offers quality products.I will continue buying from you, for your good service and seriousness at work.Thank you",1,5
"Not any problems when i ordered parts to finland, everything was in box and all parts fitted",1,5
Everything was fine with the orders. Professional helpful honest seller. I can only recommend.,1,5
Very good service - excellent stock and excellent delivery time,1,5
Very professional every time I make an order.My number one MZ parts dealer!,1,5
really fast Service and they keep you informed about shipping,1,5
"Ordered a replacement front tyre for my Motocross bike 27th September, its now 14th October ! that's two weekends of races missed !! My delivery address is in Spain so no excuses !!! Not happy this...See more",0,3
"Good prices, fast delivery, PRO products, detailed information and communication. It is a pleasure to be their client. Will no doubt to call them again.",0,5
I am VERY DISAPPOINTED! I ordered 4 tires 8th Jan 25. They delivered 3 tires of the wrong type. I have reported this 5 times now and each time been given a new collection date. None of the time...See more,0,1
"Excellent experience, tires order and delivery info provided via email with detail of arrival accomplished.
Changing tires in the garage was on time and without any problem.",0,5
I received them twice! Fortunately I´ve paid only once for them.,1,1
Todo impecable!,1,5
"Good, all good.",1,5
All perfect,1,5
"We have received two tires une of them with the correct size 225/55 r18, and the other of incorrect size 235/35ZR19.I have sent to you two emails explaining yhe problem, without  have any solution",1,1
I am VERY DISAPPOINTED! I ordered 4 tires 8th Jan 25. They delivered 3 tires of the wrong type. I have reported this 5 times now and each time been given a new collection date. None of the times they arrived as scheduled! I will not receive my refund until they have collected the tires.I will call AGAIN today to chase them to do the collection. I find the customer service appalling.I will not use this company again.Due to time pressure I ended up having to buy another set of 4 tires elsewhere to another big expense!I expect a person from Neuomaticos Online to contact me asap to reassure a collection date and my immediate refund. Order nr: RD 54151685.,0,1
"Price, quality and speed",1,5
Quick. Effective. Reliable service at comprtitive price,1,5
"Ordered tyre over a month ago,said they were in stock,out of the blue I get a message that my order has been cancelled,no reason stated and I would be refunded,2 weeks later I still haven't received my refund, called them,was told it would be in my account within 24hr, still nothing. STAY AWAY FROM THAT COMPANY,as far as I am concerned they are thieves.",0,1
"Ordered a replacement front tyre for my Motocross bike 27th September, its now 14th October ! that's two weekends of races missed !! My delivery address is in Spain so no excuses !!! Not happy this is very poor .17th Oct.Having received a reply to my dissatisfaction, of which i very much appreciate, i accept the circumstances you expressed, therefore happy to rise my rating and opinion. My tyre still hasn't arrived .",0,3
Very fast delivery. Tires the same as I ordered.,0,5
A first class service. Excellent price and delivery time.Highly recommended,0,5
Order was processed and delivered very quickly.,0,5
"Excellent experience, tires order and delivery info provided via email with detail of arrival accomplished.Changing tires in the garage was on time and without any problem.",0,5
The ordering process is easy and quick and shipping is fast. This time it was extremely fast. Thumbs up!,0,5
"Great price, fast delivery",0,5
"I don't recommend to buy anything in this website. I bought a rim like 10 days ago and I am still waiting for it. I contact them by email several times and I had no answer, they have no idea where is my rim. Order 48682325. Very bad service, no answer, no refund my money, nothing.",0,1
"Good prices, fast delivery, PRO products, detailed information and communication. It is a pleasure to be their client. Will no doubt to call them again.",0,5
"Great tyres, good delivery and a good price.",0,5
Excellent service.Good price.Fast delivery.Will use again.,0,5
"Great service, recommended!",0,5
Almost 2 weeks and still have not received my tyre. Took 6 days to ship from germany to spain. Courier service have taken no direct contact to arrange delivery. Pneumaticos-online have not informed of any expected delay. Hope to get my tyre soon.,0,2
if something goes wrong you are helpless. They do not provide the means to file a claim or complaint that allows customers to exercise their rights.,0,1
"Website payment area a complete disaster , sack the person that designed it.Apart from that all super good , helpful on telephone, correct pricing and good delivery.....Thank you 😊",0,5
"Todo perfecto, repetiremos.",0,5
As you know Spanish tyre prices are much higher than the UK. After a little research I found neumaticos-online.es/ My Tyres UK. I was able to purchase X4 Kumho Ecsta tyres for my car for 380 euros (YES FOR ALL FOUR TYRES) x2 235-40-18 and x2 255-35-18. The tyres were delivered within 3 days of my order and I was able to have them fitted at a local garage for 60 euros. I had a quote from an alternative retail outlet for supply and fit which was 700 euros. Massive savings quality products quick delivery HIGHLY RECOMENDED,0,5
"Excelente servicio, excelente precio, entrega rápida, nada fue una molestia, recomiendo a cualquier persona que necesite llantas obtener una cotización de esta compañía, se sorprenderá de cuánto podría ahorrar.  10/10.GraciasAndrésExcellent service, great price, quick delivery, nothing was to much trouble, I recommend anyone who needs tyres get a quote from this company, you will be amazed at how much you could save. 10/10.ThanksAndrew",0,5
"Unbelievable speed on the order I've made, the tires must have been attached to the concorde:) Got them next day! All process was extremely easy and pleasant. This is a very professional place, so if you are after quality tires, you cannot go wrong with  neumaticos-online. Cheers.",0,5
"Very good, quick delivery, great material",0,5
"Good quality at reasonable price and fast delivery. Problems with creditcard payment, already the second time, which created uncertainty of the order status. Final the delivery was on-time and fast, even though neumaticos on-line tracking system was delivering wrong information about the delivery.",0,5
Top / service !!,0,5
"Excellent Company and service, attention to detail is 100% very reasonable prices, They are our Go2 company for tyres,tracking, brakes and wheel balancing.Last visit was on last week of September Mercedes 320 CLK.Thank you!",0,5
Wonderful service. Quick delivery good product great price.,0,5
"as usual. great prices, good items, bad courier",0,5
Very good product and a good service Thanks,0,5
"Try another company.Having bought tyres online previously I used this company thinking they were all alike and found they aren't.I was sent the right brand and model however the tech specs were not what I asked for. On looking into it, the tyres they sent me were cheaper but I was still charged for the tyre I ordered initially.Not happy, I clicked on the link which opened an email address, I thought I was going to send a message to, however the address the link took me to I later found was was not valid and I was unable to contact them with my message left sat in my outbox.I resigned myself to the fact that although they had sent me a cheaper priced product and kept the difference I would not use them in future or recommend them to anyone either, if the opportunity arose.There are plenty of other companies selling tyres, that are honest and have a hassle free service, my advice is to use one of those.",0,2
excellent and easy,0,5
very good experience.  fast delivery,0,5
"Quick, efficient and hassle free service. Highly recommended",0,5
that's all folks,0,5
Ordered my tyres one day they arrived the following day and they were fitted at my convenience the day after that.Great service at a good price I would definitely use neumaticos-online.es for my next tyre purchase.,0,5
Ok-----------------,0,5
excellent sevice,0,5
"Ordering was easy, and delivery one day early.Only negativ; my credit card was blocked with doble invoice sum for one week",0,5
No complaints. Fast delivery,0,5
SATISFACCIÓN,0,5
👍🏻👍🏻👍🏻👍🏻👍🏻👍🏻👍🏻👍🏻👍🏻👍🏻,0,5
Super fast delivery and the best prices on the market!!!,0,5
Seville I comodo,0,5
"Perfect,good,and efficient",0,5
A great customer service. I always buy my tires here.Many thanks.,0,5
"tot ok, envio rapid",0,5
Perfect - Perfect - Perfect,0,5
"Good price and fast delivery, I would have no hesitation in using again.",0,5
"My experience with this company was fantastic, ordered tyres late wednesday evening and received them friday morning.  Would defo reccommend them. First class operators. Brilliant.",0,5
Title says it all.,0,5
Okokokokokokok,0,5
I will be back for more.,0,5
For sure I will recommend it to my friends.,0,5
Received the tyres only three working days after the initial order. Very fast. The prices were also lower than other comparable sites.,0,5
Michelin power 2ct 180/55/17,0,5
all perfect !,0,5
"I would advise using 'Neumatico's online' as they are fast, good quality and price.",0,5
mi opinion es fantastica era reacio a comprar al final me decidi y una maravilla tardaron poquisimo en llegar y sin problemas en general todo fantastico,0,5
Quick and clear.It's very interesting to have test in tires information to have an idea what you are purchasing.,0,5
"I want to submit a complaint.I ordered 4 tyres.I looked on your website to search a workplace to change my tyres,and for delivering my ordered tyres.I had chosen a workplace in a range of 5 km from Albacete (Spain) and I had chosen the workplaceTalleres JJ SanchezDulcinea 1002611 Albacete (provincia Albacete).After delivering of the tyres I contacted the workplace of Talleres JJ Sanchez.Great was my surprise that this workplace was not in Albacete but ina town 95 km out of Albacete.So I had to drive 190 km (back and forth).This take me also 2 and a half hours of my time.This is clearly due a lack of your website.Asking compensations for this event and this error, thecompany refused to pay any compansations.The men of the workplace told me that he contacted several times meumaticos onlin to change his direction on the website, but neumaticos-onling didn´t rectify their mistak.",0,1
"I had a disappointing experience with autobatterienbilliger.de. The battery I purchased turned out to be defective. After contacting customer service, I only received a partial refund instead of a...See more",0,2
Quick delivery. Good price. I was a bit dsappointed that the box had been opened and left in front of my house door. I did not get a call to tell me the exact time of delivery. Other than that I am sa...See more,1,4
"Good price, good packaging and fast delivery. Only negative point, however not entirely due to themselves: one could not say what the production date of the Exide battery was.",1,5
"First time I bought a battery from this seller.
I received what was expected in good conditions and on time.
Till now is working fine.",1,5
"I had a disappointing experience with autobatterienbilliger.de. The battery I purchased turned out to be defective. After contacting customer service, I only received a partial refund instead of a proper solution.What makes it even more frustrating is that I had to buy a replacement battery myself to avoid long waiting times, as suggested in their communication. This replacement battery was even more expensive than the original one.In my opinion, this is not good customer service. When a product is faulty, customers should receive a fair and complete solution. Unfortunately, that was not the case here.",0,2
"Bad customerservice, they never answer emails.I try to get a refund from my payment but nobody answering my emails.",0,1
Good price. Fast Delivery.,0,5
"Good price, good packaging and fast delivery. Only negative point, however not entirely due to themselves: one could not say what the production date of the Exide battery was.",1,5
Fast delivery and the right produkt that i order...,1,5
First time I bought a battery from this seller.I received what was expected in good conditions and on time.Till now is working fine.,1,5
Not yet have got any experience,1,5
Quick delivery. Good price. I was a bit dsappointed that the box had been opened and left in front of my house door. I did not get a call to tell me the exact time of delivery. Other than that I am satisfied.,1,4
Super. 👍👍👍,1,5
"Good choice and quality, reasonable prices, fast delivery",1,5
"Super fast shipping to the Netherlands! Very competitive prices, good store! Thanks.",1,5
"danke, gut price",1,4
Top Batterieversandhandel,1,5
gut*****...,1,4
"Excellent service, received very quickly, battery in perfect condition..",1,5
"Hi! I got battery in one week from Germany to my Finnish summerhouse at doorstep :) It is very good to my old Harley(1969) and fits like original! Lot's of starting power for Big V-Twin! Thank You very much, I will order from You in future more (I have 4 motos). Jukka Salonen/Finnland",1,5
Hat alles Super funktioniert!,1,5
Completely satisfied! Battery is a perfect fit and good price. It was delivered quickly as promised. Thank you!!,1,5
"Hello, the show hasn't arrived yet!!!!The order is not available even after a month. The order is at customs. Money didn't come back either.Dietmar Schmied",1,1
War alles super,1,5
Best price. Quick delivery.,1,5
"Excellent seller, fast delivery.",1,5
"Great doing business with your company, fast expedition ! I will request again your services, thanks !",1,5
"Alles okay, funktioniert gut.",1,5
"Super 10/10, top service!",1,5
"Alles super funktioniert, Auto läuft",1,5
"One of the worst buyer experiences I have ever experienced.I ordered 1 battery and 2 days after, the amount was withdrawn from my acount, so far so good. Then after a week with no confirmation about the battery had been send, i wrote this massage “ Hi :)I still haven’t got any confirmation, regarding if my order has been sent - it’s a week since i ordered it.When will it be sent?Also, it looks like there are 2 orders. But I only ordered 1 battery.Im looking forward to hear from you, and get my order :)” then a couple of days later they answered - “ Dear Mr Oliverunfortunately the shipping costs are missing from your order.These would amount to 75,30€ + 3,31€ toll.We have cancelled your 2nd order from6548197 , as no payment was received.With kind regards … “ very bad message, regarding that I already paid 95,35 euro and with no more information, regarding on how to get my order. Confused  and a bit angry, I answered “ I don’t understand your answer?I live in Denmark, that is in EU - what do you mean by “ unfortunately the shipping costs are missing from your order. These would amount to 75,30€ + 3,31€ toll.”?It says on your webside it’s free shipping, + i live in EU so there is no toll?Very confusing answer you are giving.If there are any trouble, then refund the amount to my bank account!I don’t want to spent my time, wondering where my order are, when you already have withdrawn the money, without sending the order.” and they this back “ Dearthand you for your message, the order has been canceled and the invoice amount has been reimbursed.Have a nice day.Mit freundlichen Grüßen …”Now I got my money back at least, but a little smaller amount, because of the  currency difference. So I actually ended up paying a small amount, for no battery and bad service.I had to write to them myself, only to get a message back about there where some issues, that doesn’t make any sense, since I live in EU.What a bad company, with close to none costumer service or interest in finding a solution/figure out whats going on.Don't ever buy from here, if you live outside of Germany.",0,1
"Very good , quick delivery and good price !",1,5
"I have bought an inverter from this company which I cannot get to work. I have asked for my money back a few days after delivery: they have ignored my request. I sent the unit back to them but they cannot find a fault. After three attempts to get my money back, one by recorded delivery letter, they have stopped replying. I will pursue through legal means.",0,1
"I'm very satisfied with my experience. 
They are very helpful with my problem and they respond very quickly. 
Thank you .",0,5
Messed up my order a bit and didn't get a confirmation mail. But service was accommodating and patient (got a new email when the parcel was sent). Items arrived quick and quality was as expected or be...See more,0,5
"I received a pressent from my brother he purchased on Polo Motorrad. Unfortunately it was the wrong size. 
Since then I tried multiple times to get in contact with POLO to return my rain-gear and get...See more",0,1
I'm very satisfied with my experience.They are very helpful with my problem and they respond very quickly.Thank you .,0,5
"I received a pressent from my brother he purchased on Polo Motorrad. Unfortunately it was the wrong size.Since then I tried multiple times to get in contact with POLO to return my rain-gear and get it in a different size. I had one reply on an email saying the receipt wasn't enough. I needed the login details from my brother to his account. I since then obtained those details, and still cant use the online return feature and stil have no answer on my emails... frustrating - its been a month so far of complete silence.",0,1
"I ordered a pair of gloves, two weeks after I receive them with an hole in it and used, I ship them back, other 10 days pass and I still have no refund and customer service doesn't reply my mails anymore.I'll never order from you again",0,1
Reasonable price for sw-motech ION one bag and delivery discount when logged in. Thanks!,0,5
"One star is an overstatement. In reality, I got absolute 0 and didnt recieve my money back.I ordered throttle cable for my bike for 20 euros, but instead received an clutch cable for 10. Have written to customer support, apart from theyr automatic answer, where they ask to refrain from additional inquiries, I received NO answer. I am almost 3 weeks from writing that complaint.",0,1
Completely satisfied,0,5
"I ordered a pair of gloves 2 months ago on the web shop, nothing received and the article is marked in stock.Tried to send several emails and called the support number, no response to email and nobody answer to phone call. Is there any employee at Polo ?",0,1
"I’ve purchased a jacket online in Polo website and did not fit me so I sent back. Then I’ve got no refund. I sent an email and I’ve got no answer and I call the customer service and the guy was very rude and not helpful at all. In the end he told me that he can’t help me and I should send an email, which I already did and never got an answer. And now I don’t have a jacket and I don’t have the money. What the hell?",0,1
Purchased a RICHA Airstream motorcycle jacket at a super price! Fast and efficient delivery and service.,0,5
"They re a professional store, you dont have to doubt to buy items for them, all the process was ok, and the quality/price level, perfect¡ I ll buy more times here",0,5
"Super service 👍Fast delivery, everything ok",0,5
Delivery in time. Service good.,0,5
"Great site with great products, fast and reliable shipping.highly recommended",0,5
Messed up my order a bit and didn't get a confirmation mail. But service was accommodating and patient (got a new email when the parcel was sent). Items arrived quick and quality was as expected or better.,0,5
"HelloThank you very much for the great execution of the order.The product fits perfectly and meets my expectations.The package was delivered very quickly and the price was satisfactory.I couldn't get what I had just bought from this store anywhere.I am very pleased. If I want to buy something, I will come back for sure !!Adam Z.Poland",0,5
"I have loved shopping for polo-motorraid, an incredible team that keeps you up to date with order updates, worrying about your needs at all times.  I will definitely buy them again.  I recommend this store.  Cheers",0,5
"Quick delivery, strong packaging, genuine part.Perfect",0,5
Very good products and fast delivery. nothing to complain about,0,5
"Very happy with the jacket. Good size, good price and quick delivery. Thanks!",0,5
Placed an order and received delivery within 5 days to Sweden. Everything worked fine.,0,5
Very reliable and a convenient return system. So one can purchase with confidence,0,5
Alles super…! Immerwieder..!!,0,5
"Simply Germans, without of explanation they stop to sel to Slivenia. I was their member with many unused bonus points.They say they are sorry for the inconvenience. Funny. What about the damage they did? Mostly completely frivolous trade.",0,1
"I had placed an order for 2 helmets, paid for them and they were dispatched. My address on my account was changed from Ireland to Belgium without my knowledge. Despite several requests to redirect the goods to my proper address i was eventually told they are not shipping to Ireland. Bitterly disappointed as i have used them for over 15yrs. Never again.",0,1
Placed an order 7 weeks ago (june 11th) and haven't received my products yet. While the POLO Motorrad online shop shows the delivery time is 1-3 working days. Right.After 2 weeks I mailed them to ask where my order was.  They replied I could receive it soon.After 7 weeks I mailed again. Now I get a autoreply which tells me they are busy and it takes 10 (!!!) days before they reply any mail/request.I placed my order on their English shop. But the customer service keeps sending replies in German.Crazy. Never had such a bad experience online. I do not recommend POLO Motorrad to anyone.,0,1
"I received a different product than the one I ordered. The receipt stated that you need to contact the seller via e-mail should you wish to register a return. After two weeks (and three e-mails sent) I have yet to receive any communication from the company other than ""es bei der Beantwortung Verzögerungen geben kann"" yet the delay far exceeds standard expectations from customer service.",0,1
"Can't imagine of worst customer service I have ever experienced.First of all delivery (was supposed to be delivered from 7 to 14 days) but it took 28 days to arrive. In the meantime I never got a notification e-mail, and never got an answer to my emails.Additionally never got a tracking number although I requested for it.Their verified email address, does not accept messages, the mails return to the sender all the time.I had all good intention to become a dedicated customer, not anymore.I am staying away... Save yourself some trouble by doing the same...",0,1
"Really bad customer service,the store provides false informations. They have one big mess........12.4.2021 I ordered moto Jeans, delivery time should be 14 days, after a week I checked a status of my order, nothing has changed.... but I noticed, that delivery time of the product has changed on their website to 21 days. After that I wrote them an email, I did become an respond after two weeks, that they can send it in KW 22. Today I recieved same email, but delivery time has changed to KW 24. Now (25.05.2021) I checked a product on their website and I couldn’t believe my eyes - delivery time KW 25. Shame on you really. I will not cancle this order, let see how long does it take.",0,1
Excellent store. Fast delivery.,0,5
It's really a good service when a package came in the exact estimate day of delivery in every costumers door. It is always been since my first order in the Company even if it's not a big order. Really appreciate the customer service. A commended 5 stars.,0,5
Arrived quickly.  Very nice Jacket.  Looking forward to my next ride.,0,5
"Vet bad service; I made order in 15.09. All items were available, but since than nothing. I called several times - always they are preparing to send tomorrow. Nothing was shipped yet.",0,1
"Very bad and slow service. They blame COVID-19 for everything, but this is a pathetic excuse for not responding to any email for days, after ordering stuff and hearing nothing for more than a week.I was a fan of Polo, but now I am the opposite: I advice people to shop elsewhere. I already got some of my friends to cancel their plans to order from Polo.",0,1
Super Service,1,4
All items complied,1,5
"Quotix is a well-regarded offshore trading broker—ideal for new or casual digital-options traders due to its user‑friendly interface, low cost, fast trade execution, and helpful support. Experienced traders or those needing strong regulatory oversight or deeper asset selection may need to weigh these factors; it's wise to start small and test the platform firsthand.",0,5
Best place to ern men to is par atmad karta hnu khabo ko pora karny is sy axha moka nhi ha,0,5
( shoot and forget ) everything works without problems 👍,1,5
Super. Total genial,1,5
"Transparenz, aktive Konversation, leichte Bedienbarkeit der Homepage",1,5
Informationsfluss,1,5
Alles war Gut.Alles hat geklapt.,1,5
Alles in Ordnung,1,4
"Tip top , Danke",1,5
super clear comunication of all the steps and situation.,1,5
"excellent quality and price. a team of professionals, you have very good employees. all the goods are made in good faith. I always turn only to you.",0,5
"update (13.12.2023):- 1 day after the review I got a prompt response with a standard explanation- 7 days after the review my quota was certified- 22 days after the review I received the money- in the end it took 21 instead of ""8-16"" weeksI understand some processes aren't in your hands, but you could at least actively approach your customers to let them know. Hence I'll up my 1* review to a 4* review, which should be average.old review: Carbonify breaks its promise that they'll pay out your THG quota. I got a mail in early july about them submitting my vehicle registration document. Since then 19 weeks have passed and I have not received any update at all. On their websites they state a timeframe from 8-16 weeks for this process. My trust with this brand is broken and I will not use them as a broker again.",0,4
"Alles super, sehr transparent",1,5
"Unkompliziert, gut kommuniziert, alles top!",1,5
Prozess lief gut und transparent,1,5
Alles in Ordnung,1,5
Exzellent - Alles hat Super funktioniert.,1,5
Delivered on time. Took two days with express delivery. A lot cheaper and obviously worth it,0,5
"Excellent. Fast shipping, great  service. Thank you!",1,5
Very fast delivery and it looks very nice.,1,5
"Great experience. I got discount as well. Two carbon plates in €25. I was not sure about this website, but then I searched a little bit on the internet and checked reviews. So I ordered mine. I got the plates the next day, wow, amazing. But keep in mind they charge €5.5 for delivery, which I think is too much.",1,5
"Easy, cheap and fast.",1,5
Quick and efficient,1,5
Super Service,1,5
Don’t use this company. 3/4 tires was delivered after two weeks. Then they cancelled the order of the last tire and created a new order. Customer support is a nightmare. Very impolite and provides no...See more,0,1
"Very poor experience regarding delivery. The website clearly states that delivery takes no more than seven days, which is simply not true. Ten days have passed and the order has still not been deliv...See more",0,1
"I Ordered 4 winter tires that were in stock. Website stated 2-3 days delivery. 
3 weeks later, 3 tires were delivered to the workshop. I have sent several emails to find out where the last tire is,...See more",0,1
"It was scheduled 3-5 days delivery time from order. Now it has gone 3 weeks, and still no delivery. 
No respond from customer service. 
I will never use Dekkonline.com again!",1,1
"I orderd a tire after 14 days i got a notice saying the transport company had returned the order, and that from a no_reply email adress. The contact form does not work and the webchat does not reply....See more",0,1
"I ordered wrong size. Tried to make a return. There i no choice og possibility to do that on the web page. I tried to contact to aks to return and got a ""could not register for contact"" i tried again...See more",1,1
I ordered 2 tiers 11/4-25 on friday 2/5-25 i got 1 of the tiers. Now i can not juse my car because it is on vintertiers whid spikes and i dont know when i will get the last tier. Take to long time fro...See more,1,1
"The tier never came. I sent mail, call tlf and sent mail. But nothing happend. I canceled the order and will never order from you again. Now i am waiting for money back.
Dan Ole Pedersen",1,1
Tyres doesn't come. I went almost 1 month. Didn't get tracking link. It's impossible to kontakt customers service.,1,1
"I resieved only one tire today. I or the transporter did not know the history with the missing supply??
I'll wait sone days more, but one day i have to by new on tires somewhere??",1,1
"Would have chosen 0 star if it was an option! Worst online company i have ever dealt with, ordered 1 motorcycle tire and 4 car tires. I received the motorcycle tire and 1 of the car tires. After waiti...See more",0,1
"Worst seller ever, first my delivery was lost, thennit was split in to two parts which came 3weeks a apartment. Dont buy from them",0,1
"Ordered four tires, they sent one…

Rang to complain and they were supposed to send 3…..

Again only one sent!!!!

Clearly someone is unable to read.

4 weeks between the first tire & second t...See more",0,1
"I dont get eny answer on my email from you. And i haven't got my tire yet. So this is so bad, and I starting to get angry on this shit from you.",1,1
Never Get my order after 3 weeks so i cancel.,1,1
I have still not received the tires. Post Nord at Åndalsnes have had them 10 days now.,1,1
"Slow delivery ,still not here after 3 weeks",1,1
"I,ll have been wating 1mond for parts.",1,1
Did not get the tire,1,1
"Easy to find the right tires - good prices too.
Got them sent ta an auto workshop nearby, who replaced the old ones with the new.
No hassle shopping - good service.",1,5
Delivery was registered 1st working day after order with tracking (DPD/Postnord). Challenge with 1st order due to delivery to garage which had been closed down some weeks ago. Excellent support from c...See more,0,4
"Everything fine, except that the two geographically nearest partners to me on Dekk onlines list, say that they are not asked to be partners. Luckilly I didn't send the tyres directly to a partner, but...See more",1,4
"Good information, good tyres. Good experiences on the websites. Took a little while before they arrived due to a long travelway.",1,4
"Ordered 2 tires.. 1 arrived after about 2 weeks, the other arrived after 4 weeks. This also happened the last time I ordered tires. Bad routines at the shipping company? Not acceptable to wait 4 weeks...See more",1,3
"everything is very good, fast delivery, thank you dekkonline for the great work. I recommend 100%",1,5
All good. Recommended. Ordered new tires for my car and my motorbike.,1,5
"Easy to order.
Good price.
Quick delivery and good logistics.",1,5
"Very fast delivery, everything was perfect",1,5
"Good quality, good price and fast delivery.",1,5
Fast delivery and the website is great,1,5
"Quick delivery, brand new tires.",1,5
"Quick delivery, good info all the way",1,5
Only 13 days delivery to Norway,1,5
Tires arrived quickly,1,5
Tires received as expected,1,5
Reasonably priced and fast delivery,1,5
Reasonable prices and precise delievery!,1,5
"Very poor experience regarding delivery. The website clearly states that delivery takes no more than seven days, which is simply not true. Ten days have passed and the order has still not been delivered, with no explanation or prior notice.This is misleading and dishonest when it comes to delivery promises. If the delivery time is longer, it should be stated honestly instead of providing false information. I do not recommend dealing with this company due to the lack of transparency and reliability",0,1
"Would have chosen 0 star if it was an option! Worst online company i have ever dealt with, ordered 1 motorcycle tire and 4 car tires. I received the motorcycle tire and 1 of the car tires. After waiting many weeks I received the motorcycle tire then a week later I received 1 car tire. After waiting a few more weeks (I am quite a patient and lenient person) I heard nothing and sent them an email asking for an update on the delivery of the other 3 tires. Apparently they were out of stock and not planning to get in any more of the same tire model and just didn't bother telling me ! They offered to refund me for the 3 undelivered tires and only pay for the motorcycle tire and the 1 car tire (what the f!#k am I going to do with 1 un matching car tire?) So they offered me a full refund for the 4 car tires if I could send the 1 car tire back. Today is the 4th time in a row they have missed the pick up for the 1 tire to be returned, they won't give me a full refund for the 4 car tires until the 1 tire they sent me is returned! I have asked them multiple times to send me a return slip so I can drop it off at the post office and return it myself, but they completely ignore my request and keep ""organising"" another collection date. It feels like talking to a wall ! And yes, I have the receipts, all emails are kept because I dont trust them at all anymore and will try to proceed with legal action because I have the proof!",0,1
"Ordered four tires, they sent one…Rang to complain and they were supposed to send 3…..Again only one sent!!!!Clearly someone is unable to read.4 weeks between the first tire & second tire arriving.",0,1
This company is a scam! I pay for 4 tire only recive 2 and no answer on my request on cutomer service. Its 1 mounth ago.I will probely need to go to Police and press charge.Extremly  frustrated !,0,1
Don’t use this company. 3/4 tires was delivered after two weeks. Then they cancelled the order of the last tire and created a new order. Customer support is a nightmare. Very impolite and provides no support. Now I’m trying to return the 3 tires since they cannot give me any useful information.,0,1
"Delivery was registered 1st working day after order with tracking (DPD/Postnord). Challenge with 1st order due to delivery to garage which had been closed down some weeks ago. Excellent support from customer service by registering a replacement order free of charge to billing address. Tip: Check with garage prior to order, also for prices as they are not correctly stated on homepage.",0,4
"Good information, good tyres. Good experiences on the websites. Took a little while before they arrived due to a long travelway.",1,4
"Worst seller ever, first my delivery was lost, thennit was split in to two parts which came 3weeks a apartment. Dont buy from them",0,1
"Very fast delivery, everything was perfect",1,5
"The tier never came. I sent mail, call tlf and sent mail. But nothing happend. I canceled the order and will never order from you again. Now i am waiting for money back.Dan Ole Pedersen",1,1
"Quick delivery, brand new tires.",1,5
"I orderd a tire after 14 days i got a notice saying the transport company had returned the order, and that from a no_reply email adress. The contact form does not work and the webchat does not reply...And still no money back and no tire..",0,1
"Slow delivery ,still not here after 3 weeks",1,1
"I resieved only one tire today. I or the transporter did not know the history with the missing supply??I'll wait sone days more, but one day i have to by new on tires somewhere??",1,1
Never Get my order after 3 weeks so i cancel.,1,1
"Ordered 2 tires.. 1 arrived after about 2 weeks, the other arrived after 4 weeks. This also happened the last time I ordered tires. Bad routines at the shipping company? Not acceptable to wait 4 weeks.",1,3
"I have not recived my Tire that I order 5 april and dekkonline not respond my email, and it,s not possible to get any contact.    Bad Company",1,1
"I dont get eny answer on my email from you. And i haven't got my tire yet. So this is so bad, and I starting to get angry on this shit from you.",1,1
I ordered 2 tiers 11/4-25 on friday 2/5-25 i got 1 of the tiers. Now i can not juse my car because it is on vintertiers whid spikes and i dont know when i will get the last tier. Take to long time from order to resiving,1,1
Tires received as expected,1,5
"It was scheduled 3-5 days delivery time from order. Now it has gone 3 weeks, and still no delivery.No respond from customer service.I will never use Dekkonline.com again!",1,1
Tyres doesn't come. I went almost 1 month. Didn't get tracking link. It's impossible to kontakt customers service.,1,1
Reasonable prices and precise delievery!,1,5
I have still not received the tires. Post Nord at Åndalsnes have had them 10 days now.,1,1
All good. Recommended. Ordered new tires for my car and my motorbike.,1,5
Fantastisk 😀,1,5
"Quick delivery, good info all the way",1,5
Easy to order.Good price.Quick delivery and good logistics.,1,5
Very good shop!All is perfect!,1,5
Fast delivery and the website is great,1,5
"Everything fine, except that the two geographically nearest partners to me on Dekk onlines list, say that they are not asked to be partners. Luckilly I didn't send the tyres directly to a partner, but to my own address.",1,4
"Good quality, good price and fast delivery.",1,5
"Easy to find the right tires - good prices too.Got them sent ta an auto workshop nearby, who replaced the old ones with the new.No hassle shopping - good service.",1,5
Fast delivery.Good quality.Nice price.,1,5
Fast delivery. Good price.,1,5
"I ordered wrong size. Tried to make a return. There i no choice og possibility to do that on the web page. I tried to contact to aks to return and got a ""could not register for contact"" i tried again a few days later and got the same message. Then i forgot about it for a couple of weeks and when I reach them on the chat they say i can not return because they cant see that i tried to reach them and its now just over 30 days. not happy..",1,1
"everything is very good, fast delivery, thank you dekkonline for the great work. I recommend 100%",1,5
"Speedy delivery, no problems.",1,5
Good quality on items and prices.Accurat delivery.,1,4
"Low prices on quality tires and most important,no hassle sending from one country to another,and free transport.",1,5
Good service and reasonable quick delivery,1,4
"Very good price, fast delivery, very smooth.. Second time for me using DEKKONLINR, and always satisfate.",1,5
Delivered at right time as indicated,1,5
"Quick delivery, as described.",1,5
good price and not so long delivery,1,5
Wery good service and I had my tires after 4 days,1,5
Hi! I have only received 3 tires delivered out of 4 tires ordered. Post Nord Norway is the transporter or supplier. De ble levert 11.03.25 hjemme hos meg,1,2
"Good peice, fast delivery",1,5
"Price, reliability",1,5
"Express delivery, very good service",1,5
"The tire arrived my hometown, but I never got an notice, no email, no sms nor an note in the mail. So the tire returned to sender. Filed an issue on their webside, but no reply yet.Poor customer service.",1,1
"The tires are good,the price is good,free shipment,and fast, i give 10 of 10",1,5
"The tire arrived, and it was the one I ordered, but it took a VERY long time to be delivered to Norway. I didn’t receive any notifications or updates from the shipping company, not any notice that it had arrived at the post office/pickup location. I had to track it myself and search for information.",1,3
"Good tyres, great price.",1,5
"Alright delivery time, good quality tires, okey prices.",1,4
I've been waiting for my order for 2 months. They promised to send it a month ago - I'm still waitingHelp help helpRD 54092067,0,1
"Ordered 4 tyres order nr. 54028330. After one month received 3. Called multiple times, sent 4 emails. No-one answer. Never purchase from this company. You will loose time and money.",0,1
I have now waited more than a month for my tires. 2 times the tires have been sent to wrong address and no one answers the telephone. I don’t know what to do get a response.,0,1
"The ordering process, if you had a better distributor, you would get a top score.",1,4
The order was placed but the shipment was not received,0,1
"Delivered in a week, correct tyres.",0,5
They don’t want to refund money for my more like 4 months.Last time I buy from dekkonline🤯🤯🤯,0,1
Thank you for fast delivery.,0,5
"Avoid buying from this store. They use to long time to deliver. The dates that they have on the products you can add 14-20 days before you have the products. And when the product( tires) arrive, 50% of them are wrong size.",0,1
Nice and effective trade at good price.,0,5
Ordered the tyre on 14.feb. On the 16th got message from GLS it is on its way. On the 29th informed by deck.online the delivery is delayed with no further detail that more info will come later. It did not.   Cancelled the order ask for confirmation twice. No confirmation received. No telephone helpline. Don’t call us. Just a black hole inbox to send to. Disappointing.9 August update. Then 5 months later out of the blue DEKK.online offers 5% (!?) discount  for a severely delayed tyre I could not cancel. I am humbled and  say YES to this mostly symbolic amount of compensation. Assuming DEKK online follows thru with actual money transfer within the next 5 months I will update this review one more time and may even add a star or two for customer service effort if they can do it within 2 weeks.,0,1
"Delticom AGDin butikk: dekkonline.com 	Bestillingsdato: 	30.01.2024Bestillingsnummer: 	RD 52164998Kundenummer: 	21787029Leveringsdato: The items were sent out on 2.02.2024 and will probably arrive on 20.02.2024.Hei, jeg er veldig misfornøyd fordi dekket ennå ikke har kommet.Jeg føler meg lurt",0,1
"Absolutely scam. Ordered tires. They have been delivered 4 weeks later and multiple attempts to reach out, mail, call and filling in contact schema have been unanswered. Until today I was not able to return the tires and did not need after 4 weeks.It is an absolutely no-go to have return policies in place to not come back at all to customers.",0,1
"I ordered 4 winter tires. After 1 month the shop I ordered to recieved 2 correct and 1 of a different brand.I tried calling, but the number is no longer in use.I sent e-mail, never got a reply.But on messenger they replied.It took another 4 weeks before I got my money back.",0,1
"Ordered 4 tires, but cancelled them before they arrived as they were the wrong dimension. Tires were ordered to partner of Dekk.com which are confirming that the tires were returned.  Still no refund and last response from dekk.com almost a month ago the 11th December. This despite me sending three mails with partner of dekk.com on copy.Last time I will trust to buy anything from Dekk.com and similar Web sites.",0,1
Have always been happy with dekkonline earlier but lately the delivery time is too long.My order of 4 tires that were in stock and purchased on 24.11.23 is still not here 17.12.23.,0,3
"Hi,One tire is missing from booking number: RD 51533115.From my 4 tires order arrive to Norway only 3 tires.I need missing tire as soon as possible.How you solve this problem?What is ASAP delivery time for missing tire?Looking forward to hearing from you soon.",0,1
"Waited several weeks, no answer on messages. When they showed up, they sent 3 correct tires and 1 other tire half way accross europe. Complained and asked for refund, and for them to arrange pickup on the bad delivery. Still no answer...",0,1
Thanks🥇Good grip in Hammerfest,0,5
Good and fast delivery and value for money. No haslle with toll or frakt and recent dated tyres 2013,0,5
"Have still not received the tires, three weeks after order. No response on email. No update from transport company.Edit: the tires were delivered July 3rd. All good (product is as expected), but too long delivered time. Next time i will order earlier.",0,2
I orded a tire the 2th. May. The tire is still in Germany somewhere.  I sent emails to ask about my order but they dont even bother to answear me.This is very poor service this time.,0,1
Still waiting for the Tyre after 20ndays from order,0,2
I need to know when the tire will be delivered.,0,3
ExcellentGreat fast service,0,5
"I was ordered tiers from there , was  7 day delivery  but after 14 day still  didn't  receive. I don't  know where they  are. I was trying to  find but what answer i receive :my order it's  on the way 🤨....I don't recommend this  site.I must change  my tiers  and i don't  have whit what  just hope  snow will not came  soon.",0,1
It's 1 month since I placed my order and I didn't get my products. You informed me that it takes 7 days..,0,1
"Ordered tires 14 of june. Now 15 days later it still says ""in transit"". Phonenumber doesn't exist and they don't answer emails. Stay away from this company.RD 46966614",0,1
Ok pris. For lang leveringstid.,0,4
"Delivery took several weeks. Price was good, but tires were much older then expected, - produced more then 2 years ago!",0,2
"Rask levering, god kvalitet.",0,4
"My order 44958674 was sent 15-8-2021 and according to the tracking it was moving along good, until it suddenly was returned back to you.I got a email where you asked if i wanted my money back or you should re-send it. But this is sent from a mail that none cannot reply to. And the contact form is very noticably not something you reply to.I want you to send me the tires ofcourse.Why was my order returned and more importantly why is it not re-sent?Please reply.",0,1
"Website advertised with 7 days delivery to Norway. This is so far from the reality that it’s more like a joke.Customer service is basically worth nothing.It’s simple, buy your tires from professionals not amateurs.",0,1
Bestilte to ny dekk 4 august..idag er det 24 august og eg venter fremdeles. Ingen svar å få på Mail heller. UseriøstOrdrenummer RD 44905360,0,1
"I have been waiting 20 days for my tires to arrive and there is no movement on the tracking.  I placed my order on August 3 and received tracking numbers August 11.  Since then, no movement of the shipment, no tires, no help from Dekkonline customer service.  (they just keep sending me the same tracking numbers).Their website claims delivery in 7 days, but this is false.Furthermore, they have sent me 10 tracking numbers, with two carriers!  Extremely frustrating.RD 44895068",0,1
Varetransporten med Post Nord tar alt for lang tid,0,3
"Can not be trusted. If an issue with delivery or the tires should occur, you can not expect service and helpfulness. At least in my opinion. Would not recommend this dealer to anyone.Frarådes. Er ikke til å stole på. Dersom problemer skulle oppstå kan du ikke regne med å få hjelp. Dra til et lokalt verksted, de gir deg ofte tilsvarende pris om du spør.",0,1
"no response, already waiting for 2 tyres 1 month...",0,1
Quick and easy way to get new tyres to your car. Efficient order handling and smooth transport. Very satisfying. To be reconmended,0,5
No tire  no money back. One month later no help. No tire no money return. Bunch of thefs!,0,1
"Ordered from dekkonline several times before, but this time the package is taking forever to arrive and haven't moved from germany since the 12th of april. It's been 3 weeks now. I have tried to contact both dekkonline and DPD, dekkonline say the package is on its way, but DPD say the package is lost and that I need to contact the sender. This is the last time I order from delticom, guaranteed.",0,1
"God kvalitet på dekkene, lang leveringstid!",0,4
"Easy ordering, good prices and delivery as promised.",0,5
"Good net page, easy to navigate, very large choice in all price classes. Fast delivery on the day the tyres were promised. Good prices. I will order from this company again. Recommended!Colin.",0,5
"One of my old tires were leaking air, the tyres were near end of life so instead of trying to repair it I decided to order 4 new tyres.The tyres arrived at the installation partner and where installed on the car. So far so good.Two days later one of the new tyres were flat again. I returned to the installation partner, and they could now tell me that the problem was the rim, not the tyre, and that I should by a new rim.I went  back online and bought a new rim according to the car model by following the guide on the webside. The rim arrived at the partner and they put on the tyre. Then when they tried to put it on the car, it turns out that it does not fit although it has all the right dimensions. They advise me to contact dekkonline.com.I contact dekkonline and they tell me that they will not take back a rim after it has been tried to put on the car!!! My question to them is then how would you know that it does not fit until you put it on the car, as long as I have ordered according to their process? It is my problem that the product I have ordered does not fit the car!!! And they suggest that I order a new rim at my own expense. Then I ask them how I can make sure that a new rim will fit the car, as long as the one I have ordered already have the right specs on the parameters you can choose on the site.This basically leaves me with a car I can not drive, money spent on a rim that does not fit, and absolutely no support from dekkonline as to how they can help.",0,1
After 10 days I received tire with wrong speed rating. Will not buy from you again,0,1
Super kvalitet og rask levering.,0,5
"Ok, men transporten tok alt for lang tid.",0,1
"Very slow shipping, still not get tires. Not recommend",0,1
Order was processed correctly - everything ok !,0,5
Great got everything I ordered in good time.,0,5
Tar alt for lang tid bestilt 19.04 og levert 06.05.,0,1
Good product and price. All you want in one place!,0,5
"A fresh set of Michelin Power Cup Evo arrived on my door, with a week «Corona delay»",0,5
"I ordered tires 11.11.19 and still haven`t got them! Try to contact many times,but without success. At least, i want to get my money back!",0,1
"Fraud?Slow shipping (almost 3 weeks), poor updates and finally selling european winter tyres as nordic winter tyres. These tyres are two totally different tings so shame on dekkonline for that. On top of that fraud they have on their web info about the Viking tyres, ""Continental thread and produced by Continental"". These Viking tyres are nowhere near Conti tyres and the text are nothing but missleading, intentional. The Viking winter tyres are a decent for use in the summer and autum but as a nordic wintertyre, its at best just useless! First and last time shopping at dekkonline!""In addition we wish to inform you that Viking is a sub-brand of Continental. That is not to say that Viking uses the same production or is the same quality as some Continental tire.""Then why mention Continental and clearly as a stamp of quality? If thats not fraudulent marketing you people really need an instant moral reality check! And btw, Ive checked with a local tyre dealer and there is nothing in common or link to any Continental products besides company ownership. So once again, shame on you!",0,1
"Products where not delivered. When finally partial delivery came, the tiers where so old (hard) that the partner of dekkonline who the tiers where shipped to said that it´s impossible to put them on the wheels. The support keeps sending standard email templates with BS when you contact them. Avoid at all cost!",0,1
"On time, right product, fair price",0,5
"I have ordered the exact same tyre no less than FOUR - 4! times in the last 9 months. Someone at that distribution warehouse must be eating rubber.1. First I get the order confirmation,2. Then I can see the order has been sent to the warehouse.(only  this process takes often longer than a week)3. And then I hear nothing.The last time I checked I could track it all the way through to the warehouse. And then to my surprise it was supposedly shipped out on June 28 with arrival 07.07. But no. Now it is lost in transit somewhere and no one even sends an update to let me know.",0,1
"Hasslefree business, delivered as promised!",0,5
"Have used Dekkonline two times now, and worked excellent both times. Even the last time I ordered wrong dimensions and had to return them back, they arranged the pickup and everything went just well.The only thing I would point out is that you need to check the costs with the local company that will change the tyres.",0,5
"Alt for lang leveringstid,post nord er helt ubrukelig,det samme er Bring.",0,3
I have ordered tyres from dekkonline.com several times. They have delivered as they have promised all the times. Reasonable prised tyres compared to other tyre outlets. I surely will buy again from them.,0,5
"Bra dekk, bra pris, men for lang leveringstid.",0,3
"Fair price, good products end quick shipping.",0,5
"Excellent seller, good quality",0,5
"Fast service, high quality tyres and good price",0,5
"Actually even 1 star is too much.The tyres were delivered 3 weeks(!!!!) after the order. In fact this happened 2 weeks after my cancellation of the order! Nobody can answer why they were delivered at all.Promised to credit the account 4.5 days after order cancellation. Now it is 10 days since cancellation of the order. No money.The people on the phone do not have a clue about service. Direct question: ""where is my money"" answer: ""Let me explain how we work!"".Never admit any fault. “Sorry” - is the hardest word to use,Delivery terms: ""As soon as we can"".Returning money: “We do not know, as soon as accounting do”. “Can I talk to the accounting?” – “No”.Transportation and tracking is a joke! First delivered one(!) tyre (instead of 4), but to the wrong address in Sweden (!).""Sorry it was a wrong link""Ok, according to the new link the goods were 9 days in the Postnord stock in Sweden. Called to Postnord Sweden.  They answered: we just created the AWB labels and never sent anything out of our stock. It looks like a magic how did they cross the boarder and where did they pay customs duties. Does not smell right….If you like to gamble and/or wait for your tyres ""as soon as they come"" - go ahead.Never ever again.If money does not arrive next week- I will report them to the police.",0,1
I waited 2 months and didn't received ordered tyres. Cheaters.,0,1
Good price. Fast delivery. Thank you,0,5
A very good and professional store.recommend,0,5
"Very bad tyres. So hard rubber, been driving on wet aprx. 1000km. Very afraid for first ice.would never buy again, or recommend to others.",0,1
"Greit å handle, men hvor er dekkene???????",0,5
"I have purchased tyres from this Company for years, for my car and my motorbike,  and have never experienced any problems of any kind.",0,5
ShippingReally bad shipping time and communication. The tier took 17 days to arrive.,0,1
"The MC tyre  ordered 25. july. Still not received. Currently at PostNord, but they can not localize it.",0,1
"Perfect, top quality product for good price",0,5
"Ordered 4 tires. It took 5 weeks from order to delivery. Tires were produced in 2016, and already looked a bit dry. Impossible to trace underway. None of the dates given were correct. A total disaster customer service, imposssible to reach.Took forever in Germany, not traceable. Norwegian subcontractor PostNord made it worse, had no control of the 4 colli, and gave false dates for delivery several times. Had to go to their central two times to get them, and drive 10km to meet a driver that passed my house without delivering on another occasion. Worst online shopping experience in 10 years",0,2
"Extremely  slow  delivery (1 month past and i din´t receive the order ) ,i could go by foot to German and buy the oil an come back and i will be more faster!",0,1
"There was a little confusion over the delivery of the tires but the guys who eventually put the tires on were polite and helpful.However, I would like to tell you that the mobile ""Wheels on Wheels""(the phone number  for your ref. is +4722460000) were less helpful in swapping 2 tires for me the week before. They were negative to what I needed done, and increased the cost of the job on the pretence that they did more than was initially agreed. I would give them 2 stars!",0,4
Order my wheel 3 weeks ago send 3 mail no respons and traking the wheel is stopt in DE.Have paid alredy and no problem from my side. Is the worst shipment ever !!!Im in more trust in a ebay shipment whit low rank right now !,0,1
Delivery came on time and as expected. Only frustration was that the transporters tracking system provided little information on the course of the shipment before it suddenly arrived.,0,4
"No tyres yet. Ordered nearly a month ago. The tyres have been ""in transit"" since may 11th. Have sent two e-mails to dekkonline(at)delti.com but they don't answer. This will be my last order from dekkonline.",0,1
"Shipping takes THREE WEEKS, for one motorcycle mousse. Using PostNord here in Norway, should be avoided at all cost, the delivery is even worse than previous shipment. If I can find a supplier that do not use PostNord, I will gladly choose them.",0,2
"Ordered my tires 24 of april 2018, still not her the 17. of may. have complained by email but not a single Word from dekkonline.comAbsolutely the last time my buddies and me are ordering anything from them.At the 22. of this month the tyres are in Larvik, total opposite direction of my adress……….. sitting in transit in over 2 weeks, nice dekkonline.com",0,1
treig levering over 1 mnd (fraktselskapet),0,3
It takes 4 days to deliver from Germany to Norway. But it takes 15 days to deliver from Langhus to Oslo (30km). POSTNORD its the reason for your late deliveries!Change your partner and you will take 5 stars!,0,3
Why did not my shipment still reach my address or the nearest post office? How long will I wait ???????????????????????????????? ?????????????,0,1
"Very SLOW delivery, Had to call Dekkonline and ask what happend....the tires have been sitting 2 weeks in my city the transport company did not even make contact with me once....I am sure the transport company PostNord or DPD just where waiting to have them sitting so long that they could ship the tires in return.BE AWARE...Track you shipment everyday and when the tires are in your city CALL Dekkonline on  (0047) 21 54 32 92 OR PostNord  +47 987 09 300 I am sure they will not make contact or its make the delivery going fasterHave an nice dayTom SvendsenSANDEFJORD-NORWAY",0,2
"Tires are good, prices are better the post service is petheticly horrible. My tires arrived 5 days to late. For that reason I lost the first trip of the season.Make sure that never to use PostNor, they do not deliver.",0,4
"I should recive tyres at 05.04.2018. Were delivered 1 week later, 12.04.2018. I wasn't at home. When I came back to home 14.04.2018, tyres were on the ground next to door. Waited there for 2 days. I didn't sign anything. What if someone steal them?",0,2
Rask levering god kvalitet,0,5
Rask levering - grei service,0,4
Excellent price for top quality tyres. But delivery via DPD/PostNord was extremely slow - took nearly 3 weeks to arrive and only then when I rang PostNord Customer Service after the tyres had been at their depot for 3 days without being cleared. Will consider buying tyres locally next time.,0,3
God service og rask leveringTussen takk,0,5
"Really cheap, quality tires. Really good packaging and overall good service. Prices skyrocket though if you need the tires mounted on your rims. So you might end up paying more than at your local tire sales place. Besides you have to find a workshop that mounts online bought tires for you. So less to nearly the same price ready mounted than your local shop. Also here in Norway they use PostNord and they give really bad service. Wheels arrived 15.05. As informed by this shop. But would not have been delivered before the next day. This only because I called the service center myself to arrange delivery. Otherwise who knows when they would have contacted me! Since I have really bad experience with this carrier I decided to pick the tires up myself. That saved me minimum a day.",0,4
This is the second time that I have ordered tires from you. Each time they were on time (or early) and in good condition.,0,5
"good service, fast delivery!",0,5
Very pleased.,0,5
Seriøst firma med god service,0,5
"Never make the mistake to order there!! Slow, unreliable, unprofessional and attempting to scam you after purchase with additional charges for the defective and even falsely mounted products you will get.My story started nearly 2 years ago with the purchase of a set of 4 tires and 4 rims and is still ongoing. The tires were completely (180 degrees) unbalanced on the rims, the tire valves - cheap and defective (loss of air-pressure), the tires - visually defective.If you do order - pray for a prompt and correct delivery. Otherwise prepare for years of back in forth with their uncoordinated, unprofessional (and entirely polish) support team. Good luck.",0,1
"good quality ,big choice , good price!!",0,5
Good price and delivery within just a few days.Very satisfied.,0,5
Will not order again,0,1
"Top quality, fits perfect into the car. 
Communication on delivery date has space to improve, leng delivery period but overall good decision",1,4
"The mats are nice, but the fitting could be a bit better. Delivery took quite long",1,4
"good quality and the fast shipping, just how i imagined",1,5
I purchased rubber mats for my BMW X3.  Super happy.  They fit and look great.,1,5
Alles gutt !!,1,5
"The mats are nice, but the fitting could be a bit better. Delivery took quite long",1,4
"good quality and the fast shipping, just how i imagined",1,5
"Top quality, fits perfect into the car.Communication on delivery date has space to improve, leng delivery period but overall good decision",1,4
Top Ware. Ideal,1,5
Top quality; fit and Communication,1,5
War alles es ok.,1,5
War alles gut,1,4
Size fits good and the support is very fast and friendly.,1,4
"Top Ware, hat alles super geklappt.",1,5
I purchased rubber mats for my BMW X3.  Super happy.  They fit and look great.,1,5
"Top Passform, absolut empfehlenswert",1,5
Perfect deal.,1,5
Passed fast perfekt.  Fasteners positioned right where they are need.  I would/will buy them again.,1,4
"professioneel, super.",1,5
Fit good my toyota prius 3!!!,1,5
"Super toller Kontakt,hat alles top geklappt,matten sind super und passen perfekt!",1,5
Excellent quality of the products. Couple of days waiting for the product to be made and finish  but the waiting worth it,1,5
Top quality for this money. 👌,1,5
Delivered as promised. Good quality,1,5
"Come fast and Look very nice and good, thanks",1,5
"Gute Passform, top",1,5
"Look really good, very happy...",1,5
Bed teepich 000,1,5
Nice carpet. Good price. Fast delivery.,1,1
SUPER  SUPER SUPER,1,5
perfect order handling from start to delivery. The product itself is a perfect fit. Thanks much.,1,5
"super, super",1,5
Very good quality rubber mats fit realy well made to measure. I would recommend These quality rubber mats.,1,5
Excellent!!!!!!!!,1,5
Five Star Handling from First to Last Minute! Thx a Lot. I Share this good Deal with All my friends,1,5
Worked well. Shipping was pompt.,1,5
"fast delivery, good quality, easy to configure",1,5
I had ordered car floor mats with SAAB logo.I am very satisfied with the quality. Only the SAAB logoShould be a little bigger.,1,5
"Excellent seller. All arrived as described, quality parts, well packed. Fast delivery to another country. Prompt response to questions about items.",1,5
"I have ordered a metal shoe, good quality at a good price level. Quick international delivery to Holland.
Best Regards Michael de Groot",1,5
"I had an issue with DHL, but the shop quickly reacted and cancelled the previous order, then sent me another one.",1,5
Delivery was fast. Rest I will know after installation in Alfa Romeo.,1,5
"I placed Order MVH241201SHOP on 24/04/2025, it was shipped but at some point it was returned to MVH by DHL. I didn't receive any feedback or update since 6th May. I don't know if the order was re-sent...See more",1,1
"Ultra fast delivery and product as described !
I am very satisfied.",1,5
"Great seller, fast and secure delivery, product as described",1,5
Quick delivery to Ireland. Items exactly as portrayed on website.,1,5
"Everything was good! Right parts for motorcycle, fast shipping and not bad price!",1,5
"order spray paints, very well packaging and fast shipping, recommended",1,5
They had the part I needed and the delivery was very fast. This will be my go-to shop next time I need parts.,1,5
fast delivered and as advertised . thank you,1,5
Easy to order and very fast delivery,1,5
"Timely delivery, very competitive prices, original items. Everything arrived in good condition",1,5
Fast shipping and good quality!,1,5
Great price and quite quick delivery,1,5
"Fast delivery, quality parts. Great service.",1,5
Good prices and fast delivery.,1,5
"FAST DELIVERY, GOOD PRICES",1,5
the product is good and the delivery was fast.,1,5
fast shipping excellent seller,1,5
Fast delivery to Finland.,1,5
"Exellent! Fast delivery, Good pricing.",1,5
Quick and accurate communication & delivery.,1,5
Excellent transaction & quick shipping…,1,5
"Super fast shipping, great communication.",1,5
"Very fast shipping. Correct prices with discount.
Only thing that I have slight problem is that you take double transaction for the goods.
The wrong one is of course refunded immediately but you may...See more",1,4
"1. Your site logout costumers all the time 
2. It turn to German all the time, even i choose english
3. In costumer profile is no possibility to write phone number
4. Coz there was no phone number,...See more",1,2
"I was waiting for delivering 3 days and they start to deliver when I sent them reminder. 
Other things are ok like a price and qualitatiy of the product",1,3
"GREAT , A BIT LONG THE DELIVERY TO BE HERE IN EU , THE PRODUCT IS PERFECT",1,4
Everything went fine.,1,5
"Super fast shipping, great communication.",1,5
"Timely delivery, very competitive prices, original items. Everything arrived in good condition",1,5
Quick and accurate communication & delivery.,1,5
Ultra fast delivery and product as described !I am very satisfied.,1,5
"GREAT , A BIT LONG THE DELIVERY TO BE HERE IN EU , THE PRODUCT IS PERFECT",1,4
the product is good and the delivery was fast.,1,5
"Great seller, fast and secure delivery, product as described",1,5
Delivery was fast. Rest I will know after installation in Alfa Romeo.,1,5
"Excellent seller. All arrived as described, quality parts, well packed. Fast delivery to another country. Prompt response to questions about items.",1,5
"I had an issue with DHL, but the shop quickly reacted and cancelled the previous order, then sent me another one.",1,5
Very fast shipping. Correct prices with discount.Only thing that I have slight problem is that you take double transaction for the goods.The wrong one is of course refunded immediately but you may create some problems to somebody especially if there is  an expensive epuipment bought.,1,4
fast shipping excellent seller,1,5
"Quick dispatch, quality product with good packaging.",1,5
"I have ordered a metal shoe, good quality at a good price level. Quick international delivery to Holland.Best Regards Michael de Groot",1,5
They had the part I needed and the delivery was very fast. This will be my go-to shop next time I need parts.,1,5
"1. Your site logout costumers all the time2. It turn to German all the time, even i choose english3. In costumer profile is no possibility to write phone number4. Coz there was no phone number, i couldn't receive my package",1,2
"Quick delivery. Good quality, good price",1,5
"order spray paints, very well packaging and fast shipping, recommended",1,5
You did not send me the invoices for last 2 orders.I was write an email and the invoce was not sent to me.this is not professional from you.Why do not send INVOICES with packeges?After 2 weeks I dont have Invoice,1,3
"Ordered some Wirth fork springs and they sent YSS. They only provide a random return label, not prepaid, where you need to pay the postage for their mistake.Comunication with this seller is a pain.Not recomended.",0,1
Fuel pump I bought was leaking heavily from the metal press fitting in middle. Pump was totally useless.,1,1
fast delivered and as advertised . thank you,1,5
"Fast delivery, quality parts. Great service.",1,5
HelloI am writing you regarding my last order from your e-shop. I ordered rear blinkers for Yamaha XT600E 2000 DJ02. Product 21570 with EAN code 4043981039740 is not correct. Pictures added under attachments. Also added pictures from your website and order. Displayed product and EAN code does not match received product.Can you please recheck is the received product correct?Looking forward to hearing from you,1,1
"Everything was good! Right parts for motorcycle, fast shipping and not bad price!",1,5
"I placed Order MVH241201SHOP on 24/04/2025, it was shipped but at some point it was returned to MVH by DHL. I didn't receive any feedback or update since 6th May. I don't know if the order was re-sent or cancelled (and refund my money) nothing.",1,1
Quick delivery to Ireland. Items exactly as portrayed on website.,1,5
"All great, thanks!",1,5
Very good service. I sent the payment  by bank transfer and after a few days I had my order.Also the response at my email was quick by customer service.,1,5
I was waiting for delivering 3 days and they start to deliver when I sent them reminder.Other things are ok like a price and qualitatiy of the product,1,3
Great prices. Top,0,5
The offer from autobuttler give me a clear idea how much does it cost and where i can go. everything went well. one thing that need  to be improved is that the participant company should keep also follow up appointment  and prepare for that. I was there on time but no one there in the company and they did not know that i am coming.,1,4
Friendly but the job (oil service) was done dirty.Back dirt spots on the front seat.The gear handle in the car was covered with oil and dirt.The was some spilled oil around the oil tank cover.Not recommended .,1,2
Top   Service!,1,5
Super! Top top Super!,1,5
Very helpful and feiendly . Will go there again,1,5
"Easy to get an offer and they come fast, easy to compare between different offers.",1,5
"transparancy about price and contact + help about fixed date very good, only suggestion is to get more garages for the comparision to have a bigger database.",1,4
Alles in Ordnung,1,5
"After leaaving the car at 8 as the apointment said, got a call after i arrived back home, that they need to cancel my service because the person responsable for this called in sick, what i felt is that the person at the service asked me twice about the price I was given for the service and he did not agree with the price but didnt want to say it directly to my face, made me trawel 30 km and loose 3 hours of my life... Never back again.4 stars for the Agent who helped me , he was friendly and helpfull.",1,2
Superguttoll.,1,5
I can't believe such a service exists. Too good to be true?,1,5
"Alles Super, funktioniert sehr gut.",1,5
"The ordering process was very simple and intuitive, i was ordered 2 budget tyres for my van, the worst tyres i ever had in my life. The tires are completely worn out, I'm not exaggerating, completely...See more",1,5
"review on 25 November 2021! 
The tyres ordered on 15 November, estimated delivery date was 19 November and tyres did not arrive after 10 days. Finally a competent customer respresentative on 2...See more",0,1
"I received exectly what I ordered (rim + tyre, also with TPMS) in good quality. The car could connect the TPMS seamlessly. 
Perfect service.",0,5
"Tires arrived in 4 days, they were from the year I ordered, and they are great. - Dunlop Ultragrip 9+",0,5
"The ordering process was very simple and intuitive, i was ordered 2 budget tyres for my van, the worst tyres i ever had in my life. The tires are completely worn out, I'm not exaggerating, completely after only 1 and a half months. Great experience for ordering, but the tyres........, no, no, no. Yes, was budget tyres, but even so, 1 month and a half and 15000 km, it is disappointing.",1,5
"Excellent range of choice, rapid delivery",1,5
"easy choice, easy payment and easy follow of the delivery (on time)",1,5
"Very good tyres, perfect price and quick deliverywhat else to say....",1,5
Twice I bought from them and bought times they very fast and proffesional,0,5
"I received exectly what I ordered (rim + tyre, also with TPMS) in good quality. The car could connect the TPMS seamlessly.Perfect service.",0,5
"review on 25 November 2021!The tyres ordered on 15 November, estimated delivery date was 19 November and tyres did not arrive after 10 days. Finally a competent customer respresentative on 25 november explained  there was a problem with delivery and I asked for a refund.10 days lost. And the issue has been refunded.(My humble advice to other 3-4 people from the company  who answered me: next time please contact GLS and ask what is the problem? You wrote tyres will arrive on 23.11. , then on 24.11 , then 25.11  But information on GLS tacking system is not updated since 18.11)Price is a bit cheaper but I there is a big risk of  delivery in winter- if you order the tyres in November  like me better avoid them.A final remark for all consumers: try to see which delivery company the sellers located in Benelux or Europe use before you order. If delivery is made by a company with poor service:  simply do not buy online! It may cost just a small amount more but will be hassle free if you buy local , or you drive to Germany/France/etc and buy the items yourself!",0,1
"Tires arrived in 4 days, they were from the year I ordered, and they are great. - Dunlop Ultragrip 9+",0,5
Every thing was right. Very fast.,0,5
"Last time I bought 4 wheels with already equipped 4 seasons tires. As always, excellent job and fast delivery. And ofcourse, great price. If you're looking to buy tires this site is the best choice on the market.",0,5
"Attractive prices, fast delivery of fresh tyres, knowledgeable mount by the local partner and no waiting queue.I buy tyres this way already years and until now I was never disappointed.",0,5
Super contentMerci,0,5
"Service with 123pneus was impecable. Exactly what we asked for. Though, we recommend using another delivery company for Belgium. The company who delivered the wheel wasn't serious at all. Tracking didn't work.. Though ovearll good Service and good product.",0,5
Very good transaction. Delivery before the date.,0,5
THANKS. EXCELLENT SERVICE.,0,5
très bon qualitet,0,5
Perfect! Thanks! Merci!,0,5
Reliable website & service,0,5
Excellent...,0,5
Recomend !!!!,0,5
service impeccable.,0,5
I liked fast delivery and freshly produced tires,0,5
bon service tres rapid,0,5
service impeccable,0,5
"Very pleased with selection of tyres in stock, rapid delivery, choice of fitters at minor garages.",0,5
Really amazed again : order on  sunday (Belgium) delivery on tuesday morning! Thanks again keep on the good work!,0,5
I have been a customer for many years and will continue to purchase my tyres from this site as the prices are significantly cheaper than at my Mercedes Benz dealer!,0,5
Tres content ! Merci !,0,5
excelent.tres bon qualita a tres bon prix,0,5
bon délet super,0,5
"Rapid, super service",0,5
Do not hesitate Same tyres not the same price over 100 € saved on only two tyres,0,5
good deal and perfect delivery,0,5
super service,0,5
Delivery next day:) really appreciate fast proceeding,0,5
"I am so satisfied with the purchase and delivery. This amasing! In less than 24 hours. Keep it up, it is a great team!",0,5
"Order in the internet: can not be better, or more comfortable.The home page answers any question you may have.The wheels arrived at home in 9 days.Each wheel fitted on to the rim, protected.and packed individually.I will be back.Thanks",0,5
I  recently ordered 4 complete wheels - tyre+rim and I am very pleased with the quality of the delivered products and the rapidity of delivery.,0,5
"Delivery was 2 days after the purchase, tyres in good state. Excellent service.",0,5
"I ordered a set of 4 winter tyres on steel rims for my car - my second order for similar stuff (my first order was another set of winter tyres on steel rims for my wife's car 3-4 years ago). The experience was great, just like before: the web-site is easy to use, the process is simple and straight-forward, the prices are great, and the delivery was quick.",0,5
Nice fast particular en  cualyti,0,5
Quick and easy!,0,5
Service impeccable,0,5
service impeccable,0,5
"this time my delivery of 4 completely (rim and wheel) wintertyres came much faster than expected. Last time (2 years ago it took 1 week longer than expected. Price was 20% less than at the dealer, which is the price not to advertise for brand of the car.I hope in a few weeks, when temp goes down to around 5C that the tyres has the quality the magazines wrote about.",0,5
A great variety of choices at a very good price range.,0,5
Excellent service.,0,5
"Eccellente,Very Serious, DANKE ,THANK YOU, MERCI ,GRACIAS (¯`v´¯) GRAZIE !!",0,5
"From order to delivery within under 24 hours. I ordered 4 tires and they service was as smooth as possible. Oponeo managed to process the order in a time of the year, where tires are mostly out of sto...See more",0,5
Came within 4 days after ordering. Other online shops were not able to deliver. Cheapest shop and good quality,0,5
"The company send it pretty quick, 48h Delivery how was written, tires and new no scratc. Price was more than affordable. I can only say keep it going and buy from this company. 10/10",0,5
Price was OK but delivery time was much longer than indicated on the internet. Therefore I lost 4 days of holiday…,0,3
"This company behaves like scammers. A few days ago, I saw that they were offering discounts, so I placed an order through their website and paid the money. I also received an order confirmation. However, after a few days, I got an email saying that they would not send my order unless I paid more money.This kind of behavior is fraudulent. They advertise discounts on their website, collect all the customer’s personal information, and then later say they will not send the order unless more money is paid. Such actions are unacceptable and unexpected from reputable companies. People should not trust companies like Oponeo.",0,1
4 tyres ordered on 01.09.25 and payed 12:08pm!!!!!’- 2 tyres should comme 05.09.25 (the date change it self again for next day) and-  2 other until today (04.09) I don’t have any courier confirmation that it was even collected from shop!!!!!!! Totally JOKE!! Website says 2-3 working days for get your tyres😂😂😂never more  (order number: 814969625629 and 461127074593),0,1
It's already the second time I used this company. After payment the goods are already on its way and arrived on time.,0,4
"The tires arrived very quickly, and the purchase process was flawless. The DOT code is very recent – top! Everything went smoothly. Keep up the great work – highly recommended!",0,5
Great10/10,0,5
All okFine Company,0,5
Came within 4 days after ordering. Other online shops were not able to deliver. Cheapest shop and good quality,0,5
I am fully satisfied with the service. Everything was fine,0,5
Price was OK but delivery time was much longer than indicated on the internet. Therefore I lost 4 days of holiday…,0,3
"The company send it pretty quick, 48h Delivery how was written, tires and new no scratc. Price was more than affordable. I can only say keep it going and buy from this company. 10/10",0,5
Very fast and good service. Top,0,5
"From order to delivery within under 24 hours. I ordered 4 tires and they service was as smooth as possible. Oponeo managed to process the order in a time of the year, where tires are mostly out of stock due to winter time. They delivered those tires (great quality and new) in a record time.",0,5
"Quick delivery, however 1/4 tires was of the wrong type. It took 2.5 weeks of emailing with them to get them to accept the return. This was especially annoying because I was send from one department to the other and getting the same questions over and over again. Then they wanted me to pay for the return of the tire they mistakenly sent me…….. in the end they did pay for it, which is the reason why I’m giving 2 stars instead of 1 star.I then gave them the chance to replace the tire, however they didn’t respond anymore. So I ordered 1 tire from their competitor RSU. This tire was also in much better condition (not as dusty and dry)",0,2
Got tyres manufactured one year before even though it wasn‘t mentioned anywhere.,0,3
Easy order very good price and fast delivery.,0,5
"Oponeo delivered quickly, the tires are good quality and the packaging was OK.I was surprised about the easy ordering and fulfillment process, the communication was excellent (got a note on every update including the shipping process) and the delivery came on time (which was increasingly difficult in the last Corona months, many other companies failed to do so).The rating system for the tires that Oponeo uses seems to work, I ordered cheap tires for an old car for the first time but the quality turned out to match the ratings provided on the Oponeo WebSite.I will order here again in the future!",0,5
No.1 super Gut,0,5
Quality Made in POLAND :) FAST AND ACCURATE!,0,5
"It was so trustful experience,  my order arrived as I expected and on time. Sure I will make more orders with Oponeo.de in the future.",0,5
"First of all, I like the price, delivery is fast, and the tire is good for the price.",0,5
Very good website for purchasing OEM automotive parts. For BMW parts and the prices are very resonable. The customer care replied(eBay Shop) with all the details. Excellent. Fast shipping with DHL an...See more,0,5
"Premium part at a competetive price, delivered within 28 h (!). No information regarding service as I had no reasons to contact te vendor... and I certainly hope that holds.",0,5
"Great service. All goods delivered in immaculate condition.
Site very precise about parts that fit specified vehicle search",0,5
"Very fast shipment. Germany - Denmark next day delivery.
Product as described, good and secure packing.",0,5
Always ready to help.,0,5
Good quality parts at reasonable price. Will use supplier again,0,5
very fast delivery! 👏,0,5
Great service. All goods delivered in immaculate condition.Site very precise about parts that fit specified vehicle search,0,5
"Items as described, fast delivery, thanks!",0,5
"Product as described, fast shipping, good packaging, good communication on order/shipping progress.If anything, I did think shipping to the Netherlands was rather expensive, compared to other German shops.",0,5
"Premium part at a competetive price, delivered within 28 h (!). No information regarding service as I had no reasons to contact te vendor... and I certainly hope that holds.",0,5
"Very fast shipment. Germany - Denmark next day delivery.Product as described, good and secure packing.",0,5
"Top Ware, Top Preis, Top Lieferzeit!",0,5
"Slow processing, no option for express delivery internationally",0,2
"Smooth purhcase, fast delivery, items as ordered. Price level reasonable. Nothing to complaint.",0,5
They refused to refund even though the order did NOT get delivered by UPS and the customer support stoped responding to my emails asking for a solution. Order 2359335 . Pure thievery at this point since UPS shows that the package has not been delivered.,0,1
"Trading in excellence. A pleasure to do business with, working with professionals!",0,5
They refused to refund even though the order did NOT get delivered by UPS and the customer support stoped responding to my emails asking for a solution. Order 2359335 . Pure thievery at this point since UPS shows that the package has not been delivered.,0,1
Excellent service and fast delivery. Thank you very much,0,5
"Very responsive, next day delivery. The correct items were received and were the cheapest seller of ZF automatic transmission fluid on the Internet.",0,5
Alles war gut. Danke,0,5
"Fast delivery , nice quality of goods",0,5
"Perfect, fast delivery",0,5
Very good website for purchasing OEM automotive parts. For BMW parts and the prices are very resonable. The customer care replied(eBay Shop) with all the details. Excellent. Fast shipping with DHL and well packed.I can recommend this shop based on my experience.,0,5
Very happy with my lamps for my friend as. Job I’m doing outstanding I note the shipping.,0,5
very quick delivery. nice price. great,0,5
So far so good. i have had very fast and good service the times I have bought from WS Autoteile. Shipping to Sweden took only 3 days at a fixed shipping rate of €18.95Tonnes of top quality brand names on their siteThe weight of my goods today was over 50 kilos.I will be back.,0,5
